league,season,team,player,league_id,season_id,team_id,player_id,position,matches,minutes,goals,xg,np_goals,np_xg,assists,xa,shots,key_passes,yellow_cards,red_cards,xg_chain,xg_buildup
GER-Bundesliga,1516,Augsburg,Albian Ajeti,3,2015,121,2673,S,1,36,0,0.0,0,0.0,0,0.0,0,0,0,0,0.04258430004119873,0.04258430004119873
GER-Bundesliga,1516,Augsburg,Alexander Esswein,3,2015,121,270,M S,29,1814,3,2.1179790161550045,3,2.1179790161550045,1,4.269463788717985,47,31,1,0,7.973910723812878,3.1108212005347013
GER-Bundesliga,1516,Augsburg,Alexander Manninger,3,2015,121,277,GK S,2,93,0,0.0,0,0.0,0,0.0,0,0,0,0,0.692779004573822,0.692779004573822
GER-Bundesliga,1516,Augsburg,Alfred Finnbogason,3,2015,121,2655,F S,14,1137,7,6.33367402292788,6,5.575897032395005,1,0.5202042553573847,33,14,3,0,7.49710825830698,1.576686106622219
GER-Bundesliga,1516,Augsburg,Caiuby,3,2015,121,272,F M S,26,2215,4,3.7307144049555063,4,3.7307144049555063,5,4.198589574545622,68,38,11,0,9.44503304362297,4.711885433644056
GER-Bundesliga,1516,Augsburg,Christoph Janker,3,2015,121,274,D M S,12,362,0,0.0739784985780716,0,0.0739784985780716,0,0.0,1,0,2,0,0.4858579896390438,0.4858579896390438
GER-Bundesliga,1516,Augsburg,Daniel Baier,3,2015,121,268,M,28,2341,1,0.6598397549241781,1,0.6598397549241781,2,3.2018153592944145,18,51,7,0,8.408149972558022,7.247619705274701
GER-Bundesliga,1516,Augsburg,Daniel Opare,3,2015,121,385,D M,4,360,0,0.08225829899311066,0,0.08225829899311066,0,0.15419599413871765,2,2,2,0,0.8236258700489998,0.5871719717979431
GER-Bundesliga,1516,Augsburg,Dominik Kohr,3,2015,121,269,M S,31,2514,0,1.049034096300602,0,1.049034096300602,3,1.141406912356615,24,10,12,0,6.969851357862353,5.833309901878238
GER-Bundesliga,1516,Augsburg,Dong-Won Ji,3,2015,121,276,F M S,21,781,0,1.496549079194665,0,1.496549079194665,0,0.4120938051491976,13,12,2,0,3.8622813131660223,2.276315398514271
GER-Bundesliga,1516,Augsburg,Halil Altintop,3,2015,121,280,F M S,19,1212,1,1.7817080859094858,1,1.7817080859094858,2,1.287895318120718,14,15,1,0,4.631016176193953,1.8571550967171788
GER-Bundesliga,1516,Augsburg,Hong Jeong-ho,3,2015,121,406,D S,23,1717,2,1.4834898998960853,2,1.4834898998960853,0,0.22704530134797096,15,3,4,0,3.6661610081791878,3.5485729090869427
GER-Bundesliga,1516,Augsburg,Ja-Cheol Koo,3,2015,121,271,F M S,29,2098,8,3.953702738508582,8,3.953702738508582,1,1.9220729731023312,40,28,6,0,8.488521717488766,3.4836204946041107
GER-Bundesliga,1516,Augsburg,Jan Morávek,3,2015,121,367,M S,11,386,1,0.9185099899768829,1,0.9185099899768829,0,0.5755338966846466,6,5,0,0,1.4226278103888035,0.12538960203528404
GER-Bundesliga,1516,Augsburg,Jan-Ingwer Callsen-Bracker,3,2015,121,266,D S,10,739,1,0.6650172993540764,1,0.6650172993540764,0,0.030131900683045387,5,1,1,0,1.80044268630445,1.770310690626502
GER-Bundesliga,1516,Augsburg,Jeffrey Gouweleeuw,3,2015,121,2665,D M,11,990,0,0.7222530245780945,0,0.7222530245780945,0,0.2922600042074919,2,5,2,1,3.1377550549805164,2.7435411624610424
GER-Bundesliga,1516,Augsburg,Konstantinos Stafylidis,3,2015,121,368,D S,11,684,1,0.3503763061016798,1,0.3503763061016798,0,0.16861460264772177,10,4,2,0,0.6388699971139431,0.4526807051151991
GER-Bundesliga,1516,Augsburg,Markus Feulner,3,2015,121,278,D M S,19,1079,1,1.0412496784701943,1,1.0412496784701943,0,0.3781722020357847,13,8,4,0,3.4404795058071613,2.3101128973066807
GER-Bundesliga,1516,Augsburg,Marwin Hitz,3,2015,121,263,GK,33,2967,0,0.0,0,0.0,0,0.021028300747275352,0,1,2,0,1.3055570600554347,1.2845290480181575
GER-Bundesliga,1516,Augsburg,Paul Verhaegh,3,2015,121,264,D M,25,2199,6,5.013798385858536,0,0.46714100055396557,2,1.1549118123948574,10,16,8,0,7.501107104122639,6.220254357904196
GER-Bundesliga,1516,Augsburg,Philipp Max,3,2015,121,267,D M S,26,2083,0,0.2704068962484598,0,0.2704068962484598,0,1.932406984269619,8,16,3,0,6.915383473038673,4.910042058676481
GER-Bundesliga,1516,Augsburg,Piotr Trochowski,3,2015,121,279,M S,6,151,0,0.38182099163532257,0,0.38182099163532257,0,0.22829120606184006,6,3,0,0,0.8031036928296089,0.49657830595970154
GER-Bundesliga,1516,Augsburg,Ragnar Klavan,3,2015,121,265,D,31,2787,0,0.6589377000927925,0,0.6589377000927925,0,0.41574408672749996,9,7,2,0,5.3316447008401155,5.088209692388773
GER-Bundesliga,1516,Augsburg,Raúl Bobadilla,3,2015,121,273,F M S,27,1818,4,5.607042266987264,4,5.607042266987264,2,2.6919658314436674,61,29,2,1,8.754788879305124,3.0914564058184624
GER-Bundesliga,1516,Augsburg,Sascha Mölders,3,2015,121,398,S,4,23,0,0.13882100582122803,0,0.13882100582122803,0,0.0,2,0,0,0,0.13882100582122803,0.0
GER-Bundesliga,1516,Augsburg,Tim Matavz,3,2015,121,275,F S,11,367,0,1.9466128125786781,0,1.9466128125786781,0,0.7228927761316299,13,4,1,0,2.822277508676052,0.5774602219462395
GER-Bundesliga,1516,Augsburg,Tobias Werner,3,2015,121,397,M S,13,691,0,2.3605798576027155,0,2.3605798576027155,1,1.0531111042946577,22,17,2,0,3.1266335882246494,0.22798829711973667
GER-Bundesliga,1516,Bayer Leverkusen,Admir Mehmedi,3,2015,119,194,F M S,28,1322,2,2.3323796913027763,2,2.3323796913027763,5,3.1140151116997004,28,33,2,0,5.952283121645451,2.2153655644506216
GER-Bundesliga,1516,Bayer Leverkusen,André Ramalho,3,2015,119,195,D S,19,1116,0,0.9078676644712687,0,0.9078676644712687,0,0.012760099954903126,8,1,5,0,2.9579581804573536,2.936472784727812
GER-Bundesliga,1516,Bayer Leverkusen,Benjamin Henrichs,3,2015,119,435,D S,9,536,0,0.0,0,0.0,1,0.13220729678869247,0,3,1,0,1.9630773104727268,1.8308695144951344
GER-Bundesliga,1516,Bayer Leverkusen,Bernd Leno,3,2015,119,181,GK,33,2970,0,0.0,0,0.0,0,0.0,0,0,0,0,2.6843425165861845,2.6843425165861845
GER-Bundesliga,1516,Bayer Leverkusen,Charles Aránguiz,3,2015,119,454,M S,7,468,2,1.8497191220521927,2,1.8497191220521927,1,0.2767089009284973,12,5,1,0,3.465505890548229,2.166302911937237
GER-Bundesliga,1516,Bayer Leverkusen,Chicharito,3,2015,119,191,F S,28,2178,17,12.39235705230385,16,11.63458409998566,2,4.09866720251739,64,28,6,0,16.00658030807972,3.719830971211195
GER-Bundesliga,1516,Bayer Leverkusen,Christoph Kramer,3,2015,119,187,D M,28,2402,0,0.5145328985527158,0,0.5145328985527158,1,1.8101076371967793,9,17,3,0,7.109070280566812,5.482502127066255
GER-Bundesliga,1516,Bayer Leverkusen,Dario Kresic,3,2015,119,196,GK,1,48,0,0.0,0,0.0,0,0.0,0,0,0,0,0.0,0.0
GER-Bundesliga,1516,Bayer Leverkusen,David Yelldell,3,2015,119,2634,S,1,42,0,0.0,0,0.0,0,0.0,0,0,0,0,0.0,0.0
GER-Bundesliga,1516,Bayer Leverkusen,Giulio Donati,3,2015,119,193,D M S,23,1867,0,0.0626224996522069,0,0.0626224996522069,2,1.3761888816952705,3,12,8,1,4.952796557918191,3.632286546751857
GER-Bundesliga,1516,Bayer Leverkusen,Hakan Calhanoglu,3,2015,119,189,F M S,31,2267,3,5.7784837000072,2,4.263092081993818,5,7.707711506634951,87,81,1,0,12.02490871027112,5.760755080729723
GER-Bundesliga,1516,Bayer Leverkusen,Jonathan Tah,3,2015,119,183,D,29,2566,0,0.7130736857652664,0,0.7130736857652664,0,0.7119868136942387,15,7,2,0,3.067824272438884,2.9489705692976713
GER-Bundesliga,1516,Bayer Leverkusen,Julian Brandt,3,2015,119,261,F M S,29,1623,9,4.708301547914743,9,4.708301547914743,3,3.7078504022210836,30,34,0,0,10.569629929959774,3.732598878443241
GER-Bundesliga,1516,Bayer Leverkusen,Karim Bellarabi,3,2015,119,186,F M S,33,2608,6,7.056447011418641,6,7.056447011418641,11,7.807481426745653,73,44,5,0,17.929559368640184,6.2206616485491395
GER-Bundesliga,1516,Bayer Leverkusen,Kevin Kampl,3,2015,119,188,M S,23,1760,3,1.8616293780505657,3,1.8616293780505657,2,2.5931720212101936,28,19,4,0,9.920207001268864,6.7702392637729645
GER-Bundesliga,1516,Bayer Leverkusen,Kyriakos Papadopoulos,3,2015,119,197,D M S,16,930,0,1.28974440228194,0,1.28974440228194,0,0.08859030157327652,12,3,4,1,0.8671736195683479,0.645541600883007
GER-Bundesliga,1516,Bayer Leverkusen,Lars Bender,3,2015,119,421,D M,11,890,1,1.1811827784404159,1,1.1811827784404159,1,0.8114388957619667,11,8,3,0,2.668897073715925,2.3049926795065403
GER-Bundesliga,1516,Bayer Leverkusen,Marlon Frey,3,2015,119,192,M S,9,241,0,0.3493545986711979,0,0.3493545986711979,0,0.05145899951457977,9,1,1,0,0.39226450957357883,0.10281900316476822
GER-Bundesliga,1516,Bayer Leverkusen,Robbie Kruse,3,2015,119,66,F M S,12,435,0,0.46235959231853485,0,0.46235959231853485,0,0.25288199819624424,7,6,2,0,1.5859286338090897,0.901885025203228
GER-Bundesliga,1516,Bayer Leverkusen,Roberto Hilbert,3,2015,119,182,D S,12,763,0,0.34842280484735966,0,0.34842280484735966,1,0.9988561905920506,4,6,1,0,2.680134927853942,1.4796795938163996
GER-Bundesliga,1516,Bayer Leverkusen,Sebastian Boenisch,3,2015,119,260,D S,8,547,1,0.2918400978669524,1,0.2918400978669524,0,0.16842610388994217,8,3,1,1,1.7112250700592995,1.580246463418007
GER-Bundesliga,1516,Bayer Leverkusen,Son Heung-Min,3,2015,119,453,M,1,65,0,0.4161570072174072,0,0.4161570072174072,0,0.0,2,0,0,0,0.5188339948654175,0.5188339948654175
GER-Bundesliga,1516,Bayer Leverkusen,Stefan Kießling,3,2015,119,190,F S,30,1880,5,9.003716550767422,5,9.003716550767422,3,2.7456008279696107,41,14,1,0,11.227348746731877,1.9657972007989883
GER-Bundesliga,1516,Bayer Leverkusen,Tin Jedvaj,3,2015,119,417,D S,15,956,0,0.04845129977911711,0,0.04845129977911711,0,0.20611939765512943,3,4,5,1,0.9784267023205757,0.7778721936047077
GER-Bundesliga,1516,Bayer Leverkusen,Vladlen Yurchenko,3,2015,119,198,M S,7,291,1,0.25558840297162533,1,0.25558840297162533,0,0.47029460594058037,5,4,2,0,1.7622262723743916,1.1211814060807228
GER-Bundesliga,1516,Bayer Leverkusen,Wendell,3,2015,119,185,D S,28,2408,0,0.7641919013112783,0,0.7641919013112783,0,1.761575693730265,19,19,9,1,7.103336412459612,6.126432051882148
GER-Bundesliga,1516,Bayer Leverkusen,Ömer Toprak,3,2015,119,184,D M S,19,1417,1,1.3304518954828382,1,1.3304518954828382,0,0.1937085958197713,11,5,2,0,2.4787691524252295,2.3721342608332634
GER-Bundesliga,1516,Bayern Munich,Arjen Robben,3,2015,117,392,F M S,15,1103,4,5.62319141626358,3,4.865414641797543,1,3.126344071701169,52,27,1,0,10.378365874290466,4.089089224115014
GER-Bundesliga,1516,Bayern Munich,Arturo Vidal,3,2015,117,222,M S,30,2045,4,3.826818211004138,4,3.826818211004138,5,4.571847880259156,52,48,3,0,21.641087021678686,15.680619340389967
GER-Bundesliga,1516,Bayern Munich,Dante,3,2015,117,148,D S,24,2082,1,1.0221734987571836,1,1.0221734987571836,0,1.0676199197769165,15,5,4,2,6.505505254492164,6.090671261772513
GER-Bundesliga,1516,Bayern Munich,David Alaba,3,2015,117,391,D S,30,2491,1,1.135220111347735,1,1.135220111347735,0,1.5965175963938236,28,19,2,0,13.743439259007573,12.25708838738501
GER-Bundesliga,1516,Bayern Munich,Douglas Costa,3,2015,117,393,F M S,27,1969,4,3.5808763951063156,4,3.5808763951063156,9,7.379719465970993,64,49,1,0,16.152726950123906,7.544652070850134
GER-Bundesliga,1516,Bayern Munich,Franck Ribéry,3,2015,117,329,F M S,13,681,2,1.485739798285067,2,1.485739798285067,3,2.4139397256076336,13,27,1,0,6.656381294131279,4.296452946960926
GER-Bundesliga,1516,Bayern Munich,Holger Badstuber,3,2015,117,219,D S,7,470,0,0.1573747992515564,0,0.1573747992515564,0,0.08854679763317108,3,2,0,0,2.7692360430955887,2.754406049847603
GER-Bundesliga,1516,Bayern Munich,Javi Martínez,3,2015,117,225,D M S,16,1103,1,1.2519430946558714,1,1.2519430946558714,1,1.9272392801940441,13,8,2,0,8.112659178674221,6.227610252797604
GER-Bundesliga,1516,Bayern Munich,Joshua Kimmich,3,2015,117,223,D M S,23,1422,0,0.3707230007275939,0,0.3707230007275939,2,0.6445357110351324,7,9,3,0,9.993092983961105,9.13499104976654
GER-Bundesliga,1516,Bayern Munich,Juan Bernat,3,2015,117,414,D M S,16,1148,0,0.45363959297537804,0,0.45363959297537804,1,0.8370109051465988,9,7,2,0,5.250808395445347,4.028160709887743
GER-Bundesliga,1516,Bayern Munich,Jérôme Boateng,3,2015,117,220,D M S,19,1354,0,0.17642609775066376,0,0.17642609775066376,3,2.6893741451203823,7,13,3,1,10.833212360739708,10.275591505691409
GER-Bundesliga,1516,Bayern Munich,Kingsley Coman,3,2015,117,226,F M S,23,1688,4,4.014389095827937,4,4.014389095827937,6,5.347339943051338,36,35,0,0,13.91422657109797,6.6303210109472275
GER-Bundesliga,1516,Bayern Munich,Manuel Neuer,3,2015,117,217,GK,34,3021,0,0.0,0,0.0,0,0.0,0,0,0,0,7.846089107915759,7.846089107915759
GER-Bundesliga,1516,Bayern Munich,Mario Götze,3,2015,117,422,F M S,14,959,3,3.324871614575386,3,3.324871614575386,4,2.4212831780314445,18,18,1,0,8.002967432141304,3.5000575967133045
GER-Bundesliga,1516,Bayern Munich,Medhi Benatia,3,2015,117,328,D S,14,975,1,0.9919702857732773,1,0.9919702857732773,2,0.6311351004987955,8,3,2,0,5.465751703828573,5.453691702336073
GER-Bundesliga,1516,Bayern Munich,Milos Pantovic,3,2015,117,378,S,1,1,0,0.0,0,0.0,0,0.0,0,0,0,0,0.0,0.0
GER-Bundesliga,1516,Bayern Munich,Philipp Lahm,3,2015,117,218,D M S,26,2201,1,1.2643385082483292,1,1.2643385082483292,1,4.157593712210655,10,49,3,0,16.380301563069224,13.202096616849303
GER-Bundesliga,1516,Bayern Munich,Rafinha,3,2015,117,221,D M S,25,1746,0,0.3866473976522684,0,0.3866473976522684,3,1.6366540528833866,10,20,7,0,14.295088238082826,13.073426297865808
GER-Bundesliga,1516,Bayern Munich,Robert Lewandowski,3,2015,117,227,F S,32,2654,30,28.462384045124054,28,26.946827054023743,2,3.455627553164959,152,22,2,0,34.54225489497185,8.22669371869415
GER-Bundesliga,1516,Bayern Munich,Sebastian Rode,3,2015,117,228,M S,15,397,1,1.3440142329782248,1,1.3440142329782248,1,0.1762912981212139,7,3,1,0,2.8418215475976467,1.4481305219233036
GER-Bundesliga,1516,Bayern Munich,Serdar Tasci,3,2015,117,2650,D,3,222,0,0.053543999791145325,0,0.053543999791145325,0,0.0,1,0,1,0,0.29143129475414753,0.29143129475414753
GER-Bundesliga,1516,Bayern Munich,Sven Ulreich,3,2015,117,231,S,1,39,0,0.0,0,0.0,0,0.0,0,0,0,0,0.052080199122428894,0.052080199122428894
GER-Bundesliga,1516,Bayern Munich,Thiago Alcántara,3,2015,117,229,M S,27,1637,2,2.9123598160222173,2,2.9123598160222173,3,3.5685853911563754,30,37,2,0,14.963583800941706,11.03879345022142
GER-Bundesliga,1516,Bayern Munich,Thomas Müller,3,2015,117,224,F M S,31,2347,20,17.538382831960917,15,12.991725068539381,5,7.682951547205448,94,60,4,0,28.629607167094946,12.63185589760542
GER-Bundesliga,1516,Bayern Munich,Xabi Alonso,3,2015,117,230,M S,26,1951,0,0.5477298852056265,0,0.5477298852056265,2,2.6436820346862078,13,41,5,1,17.044560309499502,16.02383717149496
GER-Bundesliga,1516,Borussia Dortmund,Adnan Januzaj,3,2015,129,323,S,6,149,0,0.6588754877448082,0,0.6588754877448082,1,1.0780820921063423,4,7,0,0,1.9851153902709484,0.4233013950288296
GER-Bundesliga,1516,Borussia Dortmund,Adrián Ramos,3,2015,129,324,F M S,27,926,9,8.745102958753705,9,8.745102958753705,4,2.168009679764509,37,12,0,0,12.316572649404407,2.6578151397407055
GER-Bundesliga,1516,Borussia Dortmund,Christian Pulisic,3,2015,129,2662,F M S,9,390,2,0.9333816207945347,2,0.9333816207945347,0,0.9630722887814045,8,7,1,0,2.541150711476803,0.8004341945052147
GER-Bundesliga,1516,Borussia Dortmund,Erik Durm,3,2015,129,2640,D M S,14,864,1,1.8679772270843387,1,1.8679772270843387,1,2.249433398246765,13,8,2,0,7.17138397693634,3.2374117746949196
GER-Bundesliga,1516,Borussia Dortmund,Felix Passlack,3,2015,129,2663,D M S,3,182,0,0.0,0,0.0,0,0.0683882012963295,0,1,0,0,0.8052619993686676,0.7368740141391754
GER-Bundesliga,1516,Borussia Dortmund,Gonzalo Castro,3,2015,129,316,F M S,25,1480,3,2.2936194874346256,3,2.2936194874346256,7,5.245096884667873,19,28,1,0,18.00838686339557,11.493966972455382
GER-Bundesliga,1516,Borussia Dortmund,Henrikh Mkhitaryan,3,2015,129,317,F M S,31,2578,11,11.494962960481644,11,11.494962960481644,15,15.881938518956304,81,83,5,0,36.198573464527726,14.731815934181213
GER-Bundesliga,1516,Borussia Dortmund,Ilkay Gündogan,3,2015,129,314,M S,25,1998,1,3.7826455179601908,1,3.7826455179601908,3,4.097148354165256,50,25,1,0,24.36606289446354,19.132661495357752
GER-Bundesliga,1516,Borussia Dortmund,Jonas Hofmann,3,2015,129,320,F M S,15,500,1,2.0148234087973833,1,2.0148234087973833,2,1.685938874259591,16,11,0,0,6.405826739966869,3.614839034155011
GER-Bundesliga,1516,Borussia Dortmund,Joo-Ho Park,3,2015,129,322,D S,6,399,0,0.37859230302274227,0,0.37859230302274227,0,0.0719899982213974,3,2,0,0,2.412813149392605,2.0649150013923645
GER-Bundesliga,1516,Borussia Dortmund,Julian Weigl,3,2015,129,372,M S,30,2244,0,0.22610809840261936,0,0.22610809840261936,0,1.2695747017860413,9,16,5,0,19.771285759285092,19.319197786971927
GER-Bundesliga,1516,Borussia Dortmund,Lukasz Piszczek,3,2015,129,310,D S,20,1513,0,0.3331491965800524,0,0.3331491965800524,3,3.7409940231591463,13,21,3,0,13.241719553247094,10.38502606190741
GER-Bundesliga,1516,Borussia Dortmund,Marcel Schmelzer,3,2015,129,313,D M S,26,2056,0,0.881696192547679,0,0.881696192547679,4,3.395240055397153,22,26,2,0,14.71572169661522,11.864849120378494
GER-Bundesliga,1516,Borussia Dortmund,Marco Reus,3,2015,129,319,F M S,26,1930,12,11.666706448420882,11,10.15116042457521,3,6.784376971423626,63,45,2,0,21.491816200315952,7.452970689162612
GER-Bundesliga,1516,Borussia Dortmund,Mats Hummels,3,2015,129,373,D S,30,2496,2,1.5752222072333097,2,1.5752222072333097,2,0.6581506989896297,11,7,1,0,17.312617264688015,16.84635254740715
GER-Bundesliga,1516,Borussia Dortmund,Matthias Ginter,3,2015,129,315,D M S,24,1893,3,1.7287980858236551,3,1.7287980858236551,4,3.0254131192341447,17,21,0,0,14.550850320607424,11.774497890844941
GER-Bundesliga,1516,Borussia Dortmund,Moritz Leitner,3,2015,129,1217,M S,9,318,0,0.6464972794055939,0,0.6464972794055939,1,0.2913012970238924,6,5,0,0,2.952661508694291,2.3061645049601793
GER-Bundesliga,1516,Borussia Dortmund,Neven Subotic,3,2015,129,312,D S,6,460,0,0.056124499067664146,0,0.056124499067664146,0,0.11612900346517563,2,2,2,0,2.040041573345661,1.9510847441852093
GER-Bundesliga,1516,Borussia Dortmund,Nuri Sahin,3,2015,129,2642,M S,9,506,0,0.17143779806792736,0,0.17143779806792736,2,0.2991535998880863,4,6,1,0,2.9060829281806946,2.634569972753525
GER-Bundesliga,1516,Borussia Dortmund,Pierre-Emerick Aubameyang,3,2015,129,318,F M S,31,2476,25,28.18976067006588,22,25.158653903752565,5,6.562241829931736,118,28,4,0,33.50267221406102,4.43083462677896
GER-Bundesliga,1516,Borussia Dortmund,Roman Bürki,3,2015,129,309,GK,33,2970,0,0.0,0,0.0,0,0.0,0,0,1,0,7.173921761102974,7.173921761102974
GER-Bundesliga,1516,Borussia Dortmund,Roman Weidenfeller,3,2015,129,325,GK,1,90,0,0.0,0,0.0,0,0.0,0,0,0,0,0.0,0.0
GER-Bundesliga,1516,Borussia Dortmund,Shinji Kagawa,3,2015,129,321,F M S,29,2178,9,6.684761378914118,9,6.684761378914118,7,5.904188469052315,31,41,2,0,23.769272273406386,14.92965448834002
GER-Bundesliga,1516,Borussia Dortmund,Sokratis,3,2015,129,371,D S,25,2114,1,0.5774077018722892,1,0.5774077018722892,0,0.17182330414652824,10,2,5,0,11.891362251713872,11.745618300512433
GER-Bundesliga,1516,Borussia Dortmund,Sven Bender,3,2015,129,311,D M S,19,1246,0,0.6312807947397232,0,0.6312807947397232,0,0.7619899325072765,3,8,1,0,8.875563124194741,8.239494340494275
GER-Bundesliga,1516,Borussia M.Gladbach,Andreas Christensen,3,2015,130,200,D M,31,2790,3,2.636479653418064,3,2.636479653418064,1,0.5904833031818271,15,3,1,0,7.215800812467933,5.685320785269141
GER-Bundesliga,1516,Borussia M.Gladbach,André Hahn,3,2015,130,412,F S,15,738,8,3.239954173564911,7,2.4821781516075134,1,1.3138954266905785,26,7,1,0,4.941494796425104,1.2203196324408054
GER-Bundesliga,1516,Borussia M.Gladbach,Branimir Hrgota,3,2015,130,216,S,9,69,0,0.31491439789533615,0,0.31491439789533615,0,0.0,2,0,0,0,0.6173303946852684,0.30241599678993225
GER-Bundesliga,1516,Borussia M.Gladbach,Fabian Johnson,3,2015,130,327,M S,26,2163,6,4.275347348302603,6,4.275347348302603,4,2.6223515328019857,26,28,2,0,11.281371839344501,5.339179515838623
GER-Bundesliga,1516,Borussia M.Gladbach,Granit Xhaka,3,2015,130,204,M,28,2368,3,2.4543987293727696,2,1.6966217537410557,1,2.338059326633811,33,22,5,3,12.889108289033175,11.431424709036946
GER-Bundesliga,1516,Borussia M.Gladbach,Håvard Nordtveit,3,2015,130,202,D M S,31,2449,4,0.9974622912704945,4,0.9974622912704945,1,1.0939753893762827,23,9,4,0,9.050729124806821,8.415499213151634
GER-Bundesliga,1516,Borussia M.Gladbach,Ibrahima Traoré,3,2015,130,207,M S,24,1473,3,3.2947859410196543,3,3.2947859410196543,1,5.085264275316149,41,36,1,0,9.258949894458055,4.270550546236336
GER-Bundesliga,1516,Borussia M.Gladbach,Josip Drmic,3,2015,130,209,F M S,19,859,2,2.1045162975788116,2,2.1045162975788116,0,0.824622206389904,14,5,2,0,3.6478265672922134,0.9670240096747875
GER-Bundesliga,1516,Borussia M.Gladbach,Julian Korb,3,2015,130,203,D M S,17,1267,1,0.8133842842653394,1,0.8133842842653394,1,0.9931885357946157,6,7,4,0,4.5448577255010605,3.403594383969903
GER-Bundesliga,1516,Borussia M.Gladbach,Lars Stindl,3,2015,130,208,F M S,30,2598,7,9.708456365391612,7,8.950678376480937,8,6.231741264462471,67,54,5,0,18.21309331804514,8.651236405596137
GER-Bundesliga,1516,Borussia M.Gladbach,Mahmoud Dahoud,3,2015,130,205,M S,32,2089,5,2.818859986960888,5,2.818859986960888,8,4.181591797620058,39,31,4,0,13.978133700788021,7.945750745013356
GER-Bundesliga,1516,Borussia M.Gladbach,Martin Hinteregger,3,2015,130,2668,D M S,10,660,0,0.209995798766613,0,0.209995798766613,0,0.3619835004210472,4,4,0,0,2.4185453671962023,2.0851703602820635
GER-Bundesliga,1516,Borussia M.Gladbach,Martin Stranzl,3,2015,130,439,D S,4,164,0,0.0,0,0.0,0,0.0,0,0,0,0,0.13129120040684938,0.13129120040684938
GER-Bundesliga,1516,Borussia M.Gladbach,Marvin Schulz,3,2015,130,211,D M S,8,392,0,0.023337900638580322,0,0.023337900638580322,1,0.08420330286026001,1,1,0,0,0.502964798361063,0.4796268939971924
GER-Bundesliga,1516,Borussia M.Gladbach,Nico Elvedi,3,2015,130,212,D M S,21,1547,0,0.2657146994024515,0,0.2657146994024515,2,0.7203584834933281,3,5,2,0,6.026567650958896,5.763208944350481
GER-Bundesliga,1516,Borussia M.Gladbach,Nico Schulz,3,2015,130,433,S,2,49,0,0.053839001804590225,0,0.053839001804590225,0,0.0,1,0,0,0,0.053839001804590225,0.0
GER-Bundesliga,1516,Borussia M.Gladbach,Oscar Wendt,3,2015,130,206,D M,30,2637,3,1.5083920136094093,3,1.5083920136094093,2,2.7567522078752518,20,28,5,0,12.418782223016024,8.761867875233293
GER-Bundesliga,1516,Borussia M.Gladbach,Patrick Herrmann,3,2015,130,420,M S,18,625,3,2.6202944591641426,3,2.6202944591641426,1,1.7373904176056385,13,12,0,0,5.029624531045556,1.072139018215239
GER-Bundesliga,1516,Borussia M.Gladbach,Raffael,3,2015,130,210,F S,31,2692,13,10.905369630083442,12,10.147592624649405,10,5.69047743268311,70,57,2,0,21.207763120532036,10.65218810737133
GER-Bundesliga,1516,Borussia M.Gladbach,Roel Brouwers,3,2015,130,215,D S,8,286,0,0.09118130058050156,0,0.09118130058050156,0,0.057775698602199554,1,1,0,0,0.2943989969789982,0.23662325786426663
GER-Bundesliga,1516,Borussia M.Gladbach,Thorgan Hazard,3,2015,130,213,F M S,29,1652,4,6.4466660134494305,4,6.4466660134494305,3,3.5145823378115892,45,36,4,0,12.352483682334423,4.133316341787577
GER-Bundesliga,1516,Borussia M.Gladbach,Tobias Sippel,3,2015,130,214,GK,2,180,0,0.0,0,0.0,0,0.0,0,0,0,0,0.023123599588871002,0.023123599588871002
GER-Bundesliga,1516,Borussia M.Gladbach,Tony Jantschke,3,2015,130,201,D M S,12,748,0,0.0917206984013319,0,0.0917206984013319,0,0.03653379902243614,4,1,2,0,1.7210541181266308,1.65481147589162
GER-Bundesliga,1516,Borussia M.Gladbach,Yann Sommer,3,2015,130,199,GK,32,2880,0,0.0,0,0.0,0,0.0,0,0,2,0,2.4342853873968124,2.4342853873968124
GER-Bundesliga,1516,Borussia M.Gladbach,Álvaro Domínguez,3,2015,130,401,D S,6,472,0,0.0,0,0.0,0,0.018897200003266335,0,1,1,0,1.1017660051584244,1.0828680098056793
GER-Bundesliga,1516,Darmstadt,Aytac Sulu,3,2015,127,4,D,33,2970,7,2.427427174523473,7,2.427427174523473,0,0.8220121497288346,21,10,6,0,1.747219305485487,1.6132799088954926
GER-Bundesliga,1516,Darmstadt,Benjamin Gorka,3,2015,127,450,S,4,13,0,0.0,0,0.0,0,0.0,0,0,0,0,0.0,0.0
GER-Bundesliga,1516,Darmstadt,Christian Mathenia,3,2015,127,1,GK,33,2970,0,0.0,0,0.0,0,0.3579294104129076,0,5,3,0,3.300251519307494,2.942322125658393
GER-Bundesliga,1516,Darmstadt,Dominik Stroh-Engel,3,2015,127,16,F S,15,506,0,0.8112835036590695,0,0.8112835036590695,1,0.2874843031167984,6,5,0,0,1.3152847113087773,0.8518400192260742
GER-Bundesliga,1516,Darmstadt,Fabian Holland,3,2015,127,5,D M S,18,1437,0,0.03605099953711033,0,0.03605099953711033,0,0.4787452006712556,3,5,5,0,1.3847530838102102,1.2552305813878775
GER-Bundesliga,1516,Darmstadt,Felix Platte,3,2015,127,404,F S,12,137,0,0.3054880052804947,0,0.3054880052804947,0,0.1229574978351593,4,2,2,0,0.4648215025663376,0.0363755002617836
GER-Bundesliga,1516,Darmstadt,Florian Jungwirth,3,2015,127,7,D M S,19,1490,0,0.25907690450549126,0,0.25907690450549126,1,0.8177192024886608,8,6,4,0,2.3149775974452496,1.6302644107490778
GER-Bundesliga,1516,Darmstadt,György Garics,3,2015,127,2,D S,21,1796,0,0.04453310091048479,0,0.04453310091048479,0,0.29217100143432617,3,3,8,0,1.4184292014688253,1.249879201874137
GER-Bundesliga,1516,Darmstadt,Jan Rosenthal,3,2015,127,10,M S,23,1430,0,1.4695512931793928,0,1.4695512931793928,1,2.2440788690000772,16,13,2,0,5.705191788263619,3.1581045612692833
GER-Bundesliga,1516,Darmstadt,Jérôme Gondorf,3,2015,127,8,M,33,2923,3,2.0853258380666375,3,2.0853258380666375,4,3.046525400131941,23,19,9,0,9.041203308850527,4.616188827902079
GER-Bundesliga,1516,Darmstadt,Júnior Díaz,3,2015,127,15,D S,12,869,0,0.1892372313886881,0,0.1892372313886881,0,0.24949650280177593,5,5,2,0,0.7916854061186314,0.5618820041418076
GER-Bundesliga,1516,Darmstadt,Konstantin Rausch,3,2015,127,13,M S,31,2140,2,2.310374468564987,2,2.310374468564987,5,3.491614726372063,40,35,7,0,5.380678151734173,2.247017750516534
GER-Bundesliga,1516,Darmstadt,Luca Caldirola,3,2015,127,3,D,34,3060,0,2.527458786033094,0,2.527458786033094,1,1.3206581007689238,15,8,4,0,1.9972496796399355,1.3167488742619753
GER-Bundesliga,1516,Darmstadt,Lukasz Zaluska,3,2015,127,351,GK,1,90,0,0.0,0,0.0,0,0.0,0,0,0,0,0.013629299588501453,0.013629299588501453
GER-Bundesliga,1516,Darmstadt,Marcel Heller,3,2015,127,6,M,33,2938,6,4.629632377997041,6,4.629632377997041,5,4.190616820938885,32,29,7,0,10.794919409789145,3.3309588879346848
GER-Bundesliga,1516,Darmstadt,Marco Sailer,3,2015,127,14,M S,14,426,1,0.9371175728738308,1,0.9371175728738308,1,0.2829017983749509,6,4,1,0,1.536415928043425,0.3163970112800598
GER-Bundesliga,1516,Darmstadt,Mario Vrancic,3,2015,127,12,M S,22,1027,2,2.5138087514787912,2,2.5138087514787912,1,1.2074510641396046,14,17,2,0,4.630860989913344,1.918260807171464
GER-Bundesliga,1516,Darmstadt,Milan Ivana,3,2015,127,2623,S,1,2,0,0.0,0,0.0,0,0.0,0,0,0,0,0.0,0.0
GER-Bundesliga,1516,Darmstadt,Peter Niemeyer,3,2015,127,299,M,31,2584,2,2.765217744745314,2,2.765217744745314,0,0.3865736909210682,29,7,13,0,4.610303109511733,3.746692125685513
GER-Bundesliga,1516,Darmstadt,Sandro Sirigu,3,2015,127,380,M S,6,119,0,0.0,0,0.0,2,1.038308024406433,0,2,0,0,1.038308024406433,0.0
GER-Bundesliga,1516,Darmstadt,Sandro Wagner,3,2015,127,11,F S,32,2475,14,14.355865647550672,12,11.324833591934294,4,4.4791223127394915,87,28,8,1,14.72610653936863,3.9971847105771303
GER-Bundesliga,1516,Darmstadt,Slobodan Rajkovic,3,2015,127,18,D S,15,1007,1,0.7370110945776105,1,0.7370110945776105,1,0.48198260366916656,5,2,4,0,0.9309836775064468,0.8652845770120621
GER-Bundesliga,1516,Darmstadt,Tobias Kempe,3,2015,127,9,M S,31,1263,0,1.5520326970145106,0,1.5520326970145106,3,2.9050873438827693,30,30,0,0,4.155971409752965,2.1787559278309345
GER-Bundesliga,1516,Eintracht Frankfurt,Aleksandar Ignjovski,3,2015,132,297,D M S,18,1214,0,0.6266961852088571,0,0.6266961852088571,2,0.7423883769661188,9,9,3,0,2.562894707545638,1.6514020878821611
GER-Bundesliga,1516,Eintracht Frankfurt,Alexander Meier,3,2015,132,356,F M,19,1658,12,7.78406285867095,11,7.0262861885130405,1,1.970931388437748,49,17,0,1,7.6841759122908115,1.2862596027553082
GER-Bundesliga,1516,Eintracht Frankfurt,Bastian Oczipka,3,2015,132,285,D M,30,2700,0,0.3698860965669155,0,0.3698860965669155,0,1.9011986944824457,10,22,7,0,6.679673809558153,5.350815787911415
GER-Bundesliga,1516,Eintracht Frankfurt,Carlos Zambrano,3,2015,132,284,D S,24,1791,0,0.11623300425708294,0,0.11623300425708294,0,0.0,4,0,8,1,2.658056231215596,2.639476725831628
GER-Bundesliga,1516,Eintracht Frankfurt,Constant Djakpa,3,2015,132,298,D M S,12,751,0,0.132177853025496,0,0.132177853025496,0,0.8839797116816044,4,8,2,0,1.1832520049065351,0.30940999276936054
GER-Bundesliga,1516,Eintracht Frankfurt,David Abraham,3,2015,132,283,D S,31,2547,0,0.6429105065762997,0,0.6429105065762997,0,0.20147730223834515,12,6,8,0,2.4430022556334734,2.2914664996787906
GER-Bundesliga,1516,Eintracht Frankfurt,David Kinsombi,3,2015,132,357,D S,2,91,0,0.0,0,0.0,0,0.0,0,0,0,0,0.0,0.0
GER-Bundesliga,1516,Eintracht Frankfurt,Gian-Luca Waldschmidt,3,2015,132,294,S,12,221,0,0.9001069702208042,0,0.9001069702208042,1,0.9392093932256103,5,9,0,0,2.83058213070035,1.0708080939948559
GER-Bundesliga,1516,Eintracht Frankfurt,Haris Seferovic,3,2015,132,291,F M S,29,2210,3,5.8111005537211895,2,5.053323548287153,5,3.572639688849449,58,26,10,0,8.944218697026372,1.9424283020198345
GER-Bundesliga,1516,Eintracht Frankfurt,Joel Gerezgiher,3,2015,132,296,M S,3,82,0,0.20621869340538979,0,0.20621869340538979,0,0.00971774011850357,4,1,1,0,0.31909969821572304,0.1675454005599022
GER-Bundesliga,1516,Eintracht Frankfurt,Johannes Flum,3,2015,132,358,M S,5,136,0,0.06559599936008453,0,0.06559599936008453,1,0.4392884150147438,2,2,0,0,0.909025028347969,0.40414100885391235
GER-Bundesliga,1516,Eintracht Frankfurt,Kaan Ayhan,3,2015,132,347,D S,3,81,0,0.0,0,0.0,0,0.0,0,0,1,0,0.0,0.0
GER-Bundesliga,1516,Eintracht Frankfurt,Luc Castaignos,3,2015,132,382,F S,19,940,4,3.370363974943757,4,3.370363974943757,1,1.1426828857511282,17,9,1,0,4.3486470356583595,0.49984880071133375
GER-Bundesliga,1516,Eintracht Frankfurt,Lukas Hradecky,3,2015,132,281,GK,34,3060,0,0.0,0,0.0,0,0.0,0,0,0,0,2.216040413826704,2.216040413826704
GER-Bundesliga,1516,Eintracht Frankfurt,Makoto Hasebe,3,2015,132,282,D M S,32,2676,1,0.1388471983373165,1,0.1388471983373165,2,2.577510802075267,7,29,9,0,5.909337377175689,3.971575802192092
GER-Bundesliga,1516,Eintracht Frankfurt,Marc Stendera,3,2015,132,289,M S,26,2053,2,2.1122782919555902,2,2.1122782919555902,1,1.8604654194787145,39,27,9,0,6.889722326770425,4.319386111572385
GER-Bundesliga,1516,Eintracht Frankfurt,Marco Fabián,3,2015,132,2661,F M S,11,803,0,0.6784688048064709,0,0.6784688048064709,2,2.4521188400685787,19,20,2,0,3.2466358989477158,1.5708876010030508
GER-Bundesliga,1516,Eintracht Frankfurt,Marco Russ,3,2015,132,293,D M S,28,2356,3,2.222862216643989,3,2.222862216643989,2,1.1293140891939402,23,6,9,0,6.05769903305918,4.625730313360691
GER-Bundesliga,1516,Eintracht Frankfurt,Mijat Gacinovic,3,2015,132,290,M S,7,334,0,0.10594579763710499,0,0.10594579763710499,0,0.15387240052223206,4,3,1,0,0.20746599603444338,0.1517937956377864
GER-Bundesliga,1516,Eintracht Frankfurt,Nico Rinderknecht,3,2015,132,2701,S,1,4,0,0.0,0,0.0,0,0.0,0,0,0,0,0.0,0.0
GER-Bundesliga,1516,Eintracht Frankfurt,Slobodan Medojevic,3,2015,132,287,M S,14,553,1,0.16364499926567078,1,0.16364499926567078,0,0.05771620012819767,2,2,0,1,0.5210760962218046,0.5035881958901882
GER-Bundesliga,1516,Eintracht Frankfurt,Sonny Kittel,3,2015,132,2649,M S,8,271,0,0.6046479158103466,0,0.6046479158103466,0,0.0999177023768425,7,1,0,0,0.7521888911724091,0.0849646981805563
GER-Bundesliga,1516,Eintracht Frankfurt,Stefan Aigner,3,2015,132,288,F M S,31,2403,3,3.5214327163994312,3,3.5214327163994312,3,1.6087095430120826,42,25,7,0,8.27075788937509,4.292054403573275
GER-Bundesliga,1516,Eintracht Frankfurt,Stefan Reinartz,3,2015,132,286,M S,15,1198,1,0.49319612234830856,1,0.49319612234830856,1,0.7822552043944597,8,8,2,0,4.428612269461155,3.3055289164185524
GER-Bundesliga,1516,Eintracht Frankfurt,Szabolcs Huszti,3,2015,132,2660,M S,15,1185,1,1.010663490742445,1,1.010663490742445,2,2.3408802784979343,20,33,5,0,4.724848784506321,3.656878674402833
GER-Bundesliga,1516,Eintracht Frankfurt,Takashi Inui,3,2015,132,452,M,1,49,0,0.0,0,0.0,0,0.018228400498628616,0,1,0,0,0.018228400498628616,0.0
GER-Bundesliga,1516,Eintracht Frankfurt,Timothy Chandler,3,2015,132,359,D S,12,664,0,0.07647700048983097,0,0.07647700048983097,0,0.03179420158267021,3,1,4,0,0.19384460151195526,0.14225560054183006
GER-Bundesliga,1516,Eintracht Frankfurt,Vaclav Kadlec,3,2015,132,292,F M S,5,107,0,0.5601407885551453,0,0.5601407885551453,0,0.0,2,0,1,0,0.6668288111686707,0.1066880002617836
GER-Bundesliga,1516,Eintracht Frankfurt,Yanni Regäsel,3,2015,132,20,D S,16,1274,0,0.09545664163306355,0,0.09545664163306355,0,0.874798908829689,4,7,1,0,3.6568236369639635,2.855126840993762
GER-Bundesliga,1516,Eintracht Frankfurt,Änis Ben-Hatira,3,2015,132,2648,M S,9,608,1,1.351304791867733,1,1.351304791867733,1,0.24818449281156063,12,4,2,0,1.8349968548864126,0.6319125164300203
GER-Bundesliga,1516,FC Cologne,Anthony Modeste,3,2015,134,137,F S,34,2878,15,17.559369552880526,12,14.528269622474909,3,2.7412287164479494,110,19,4,0,17.817338537424803,1.7960154926404357
GER-Bundesliga,1516,FC Cologne,Dominic Maroh,3,2015,134,130,D S,25,2122,2,1.9494793377816677,2,1.9494793377816677,1,0.18883380107581615,19,3,7,0,3.121320901438594,3.086676200851798
GER-Bundesliga,1516,FC Cologne,Dominique Heintz,3,2015,134,129,D S,33,2873,2,0.8360287137329578,2,0.8360287137329578,0,0.1452722353860736,12,4,3,0,4.466812878847122,4.257353074848652
GER-Bundesliga,1516,FC Cologne,Dusan Svento,3,2015,134,136,M S,7,220,1,0.5431300923228264,1,0.5431300923228264,0,0.05249549821019173,3,1,0,0,0.539804995059967,0.0
GER-Bundesliga,1516,FC Cologne,Filip Mladenovic,3,2015,134,2644,D M S,14,851,0,0.47862984240055084,0,0.47862984240055084,2,1.7464653868228197,13,16,1,0,3.980188090354204,2.5540603529661894
GER-Bundesliga,1516,FC Cologne,Frederik Sörensen,3,2015,134,138,D S,22,1675,0,0.5327299097552896,0,0.5327299097552896,2,0.6500385971739888,6,4,5,0,3.9360783472657204,3.3418591246008873
GER-Bundesliga,1516,FC Cologne,Jonas Hector,3,2015,134,131,D M,32,2859,0,0.4179536057636142,0,0.4179536057636142,4,4.073200477287173,10,57,3,0,11.068813698366284,8.368304258212447
GER-Bundesliga,1516,FC Cologne,Kazuki Nagasawa,3,2015,134,352,M,1,46,0,0.0746959000825882,0,0.0746959000825882,0,0.0,1,0,0,0,0.0746959000825882,0.0
GER-Bundesliga,1516,FC Cologne,Kevin Vogt,3,2015,134,133,M S,23,1478,0,0.6069375975057483,0,0.6069375975057483,2,1.5760329626500607,9,14,4,0,7.217462006956339,5.812799669802189
GER-Bundesliga,1516,FC Cologne,Leonardo Bittencourt,3,2015,134,262,M S,29,2223,3,3.57086512632668,3,3.57086512632668,4,4.476727192290127,37,38,2,1,11.67455629259348,5.209984527900815
GER-Bundesliga,1516,FC Cologne,Lukas Klünter,3,2015,134,403,S,1,14,0,0.10786700248718262,0,0.10786700248718262,0,0.0,1,0,0,0,0.0,0.0
GER-Bundesliga,1516,FC Cologne,Marcel Hartel,3,2015,134,2645,S,6,71,0,0.21258100494742393,0,0.21258100494742393,0,0.0,4,0,0,0,0.3176973070949316,0.10511650331318378
GER-Bundesliga,1516,FC Cologne,Marcel Risse,3,2015,134,134,D F M,33,2963,3,2.0112694865092635,3,2.0112694865092635,5,8.184891336597502,47,65,5,0,12.715064672753215,6.357587415724993
GER-Bundesliga,1516,FC Cologne,Matthias Lehmann,3,2015,134,132,M S,32,2779,0,0.6920607956126332,0,0.6920607956126332,2,1.0917441044002771,14,19,6,1,8.668887633830309,7.080713428556919
GER-Bundesliga,1516,FC Cologne,Mergim Mavraj,3,2015,134,2643,D S,12,991,0,0.4232320040464401,0,0.4232320040464401,0,0.0,5,0,1,0,2.2172929905354977,2.164748590439558
GER-Bundesliga,1516,FC Cologne,Milos Jojic,3,2015,134,144,M S,15,470,2,1.4828116931021214,2,1.4828116931021214,0,1.52353111281991,17,15,2,0,3.0039581898599863,1.4586385115981102
GER-Bundesliga,1516,FC Cologne,Pawel Olkowski,3,2015,134,128,D S,19,1061,0,0.3491920027881861,0,0.3491920027881861,0,0.09306859970092773,7,2,1,0,1.4500540122389793,1.1126584149897099
GER-Bundesliga,1516,FC Cologne,Philipp Hosiner,3,2015,134,141,F S,15,554,1,2.1428291499614716,1,2.1428291499614716,0,0.23223509453237057,13,5,2,0,2.883589869365096,0.8079121001064777
GER-Bundesliga,1516,FC Cologne,Simon Zoller,3,2015,134,139,F M S,24,1222,6,3.551990397274494,6,3.551990397274494,1,1.3758282186463475,30,9,4,0,5.198843751102686,0.3554187938570976
GER-Bundesliga,1516,FC Cologne,Thomas Kessler,3,2015,134,142,GK,1,90,0,0.0,0,0.0,0,0.0,0,0,0,0,0.2801850140094757,0.2801850140094757
GER-Bundesliga,1516,FC Cologne,Timo Horn,3,2015,134,127,GK,33,2970,0,0.0,0,0.0,0,0.05480169877409935,0,1,0,0,3.2479816945269704,3.1931799901649356
GER-Bundesliga,1516,FC Cologne,Yannick Gerhardt,3,2015,134,140,F M S,29,1885,2,1.7137404903769493,2,1.7137404903769493,4,2.6937368507497013,25,24,3,0,8.161430211737752,4.625183533877134
GER-Bundesliga,1516,FC Cologne,Yuya Osako,3,2015,134,135,F M S,25,1340,1,3.9974918058142066,1,3.9974918058142066,0,1.722499175928533,33,21,2,0,6.379848152399063,1.9771420918405056
GER-Bundesliga,1516,Hamburger SV,Aaron Hunt,3,2015,118,174,M S,23,1739,1,2.0751064848154783,0,1.3173292744904757,2,3.181953507475555,24,40,2,0,5.306076415814459,3.3791045397520065
GER-Bundesliga,1516,Hamburger SV,Ahmet Arslan,3,2015,118,365,S,1,1,0,0.0,0,0.0,0,0.0,0,0,0,0,0.0,0.0
GER-Bundesliga,1516,Hamburger SV,Albin Ekdal,3,2015,118,411,M,14,1147,0,0.08999510202556849,0,0.08999510202556849,0,0.22967170551419258,5,4,4,0,1.8924337346106768,1.6898403372615576
GER-Bundesliga,1516,Hamburger SV,Artjoms Rudnevs,3,2015,118,2666,F S,11,602,2,1.8555148746818304,2,1.8555148746818304,1,0.59154849126935,15,4,1,0,3.901364689692855,1.574810216203332
GER-Bundesliga,1516,Hamburger SV,Batuhan Altintas,3,2015,118,305,S,1,26,0,0.08134769648313522,0,0.08134769648313522,0,0.0,1,0,1,0,0.08134769648313522,0.0
GER-Bundesliga,1516,Hamburger SV,Cléber,3,2015,118,166,D S,23,1464,1,1.9663506732322276,1,1.9663506732322276,0,0.02231689915060997,15,1,2,0,3.253381099551916,3.1820281110703945
GER-Bundesliga,1516,Hamburger SV,Dennis Diekmeier,3,2015,118,175,D S,22,1436,0,0.13124330341815948,0,0.13124330341815948,0,0.5386693673208356,4,11,1,0,4.073076782748103,3.5513893216848373
GER-Bundesliga,1516,Hamburger SV,Emir Spahic,3,2015,118,165,D,26,2269,0,0.5147828087210655,0,0.5147828087210655,1,0.515671597328037,9,3,7,1,2.1965824011713266,2.1244624983519316
GER-Bundesliga,1516,Hamburger SV,Gideon Jung,3,2015,118,168,M S,19,1178,0,0.32344350032508373,0,0.32344350032508373,0,0.05781739950180054,9,3,4,0,1.6644601272419095,1.5095302136614919
GER-Bundesliga,1516,Hamburger SV,Gojko Kacar,3,2015,118,386,D M S,19,1114,1,0.7323737796396017,1,0.7323737796396017,0,0.3627389892935753,8,2,3,0,2.8503949996083975,2.1460356023162603
GER-Bundesliga,1516,Hamburger SV,Gotoku Sakai,3,2015,118,164,D S,22,1889,0,0.2815483035519719,0,0.2815483035519719,1,1.1411519888788462,11,12,2,0,4.070088889449835,3.347267805598676
GER-Bundesliga,1516,Hamburger SV,Ivica Olic,3,2015,118,303,S,9,163,0,0.15383389685302973,0,0.15383389685302973,0,0.008081690408289433,5,1,0,0,0.22909820079803467,0.06718230247497559
GER-Bundesliga,1516,Hamburger SV,Ivo Ilicevic,3,2015,118,172,F M S,31,2156,4,4.929744593799114,4,4.929744593799114,2,1.9553704792633653,44,25,3,0,8.230342466384172,3.708621706813574
GER-Bundesliga,1516,Hamburger SV,Jaroslav Drobny,3,2015,118,178,GK S,10,845,0,0.0,0,0.0,1,0.1907300055027008,0,1,1,0,1.5152879329398274,1.3245579274371266
GER-Bundesliga,1516,Hamburger SV,Johan Djourou,3,2015,118,302,D,26,2292,2,1.3442285973578691,2,1.3442285973578691,0,0.1415420025587082,8,2,6,1,4.638512127101421,4.175027318298817
GER-Bundesliga,1516,Hamburger SV,Lewis Holtby,3,2015,118,169,M,34,2916,3,2.8854949083179235,3,2.8854949083179235,2,4.145373215898871,32,44,4,0,9.24617626145482,5.606674512848258
GER-Bundesliga,1516,Hamburger SV,Marcelo Díaz,3,2015,118,177,M S,11,453,0,0.3262217943556607,0,0.3262217943556607,0,0.1378141650930047,10,6,1,0,0.7080227853730321,0.553174183703959
GER-Bundesliga,1516,Hamburger SV,Matthias Ostrzolek,3,2015,118,167,D,32,2837,0,0.3155165985226631,0,0.3155165985226631,2,2.581962026655674,12,24,5,0,5.283154269680381,3.5593139845877886
GER-Bundesliga,1516,Hamburger SV,Michael Gregoritsch,3,2015,118,171,F M S,25,1432,5,5.430722271092236,5,5.430722271092236,2,1.4610090050846338,51,19,6,0,7.138480478897691,3.297289874404669
GER-Bundesliga,1516,Hamburger SV,Nabil Bahoui,3,2015,118,2657,M S,6,209,0,0.13860969990491867,0,0.13860969990491867,0,0.13741010427474976,3,2,1,0,0.15694359969347715,0.0
GER-Bundesliga,1516,Hamburger SV,Nicolai Müller,3,2015,118,170,M S,29,2178,9,5.805018087849021,9,5.805018087849021,5,4.526626946404576,37,28,6,0,10.59047912247479,2.198431390337646
GER-Bundesliga,1516,Hamburger SV,Pierre-Michel Lasogga,3,2015,118,173,F S,30,1747,8,7.382963164709508,6,5.867652206681669,2,2.816937721334398,53,18,5,0,8.483805865049362,1.134774712845683
GER-Bundesliga,1516,Hamburger SV,René Adler,3,2015,118,163,GK,24,2072,0,0.0,0,0.0,1,0.05604370031505823,0,2,3,1,0.26489169895648956,0.2088479995727539
GER-Bundesliga,1516,Hamburger SV,Sven Schipplock,3,2015,118,176,F S,20,922,0,1.0855624051764607,0,1.0855624051764607,4,3.1501598097383976,12,14,3,0,5.087799793109298,0.9792139148339629
GER-Bundesliga,1516,Hamburger SV,Tom Mickel,3,2015,118,440,GK,1,90,0,0.0,0,0.0,0,0.0,0,0,0,0,0.2788969874382019,0.2788969874382019
GER-Bundesliga,1516,Hamburger SV,Zoltán Stieber,3,2015,118,179,S,2,4,0,0.0,0,0.0,0,0.0,0,0,0,0,1.3718500137329102,1.3718500137329102
GER-Bundesliga,1516,Hannover 96,Alexander Milosevic,3,2015,128,2669,D,10,822,0,0.25229490362107754,0,0.25229490362107754,0,0.0,6,0,1,0,0.2742665056139231,0.2558933049440384
GER-Bundesliga,1516,Hannover 96,Allan Saint-Maximin,3,2015,128,101,F S,16,421,1,0.33403926342725754,1,0.33403926342725754,0,0.4455107916146517,7,5,1,0,0.9208008404821157,0.4726205952465534
GER-Bundesliga,1516,Hannover 96,Andre Hoffmann,3,2015,128,436,M S,8,520,0,0.14231549575924873,0,0.14231549575924873,0,0.3935069069266319,5,2,2,0,1.1884927190840244,0.7673536837100983
GER-Bundesliga,1516,Hannover 96,Artur Sobiech,3,2015,128,349,F S,25,1633,7,5.1330168433487415,7,5.1330168433487415,0,1.2769266199320555,31,20,3,0,7.821179643273354,3.1635378282517195
GER-Bundesliga,1516,Hannover 96,Ceyhun Gülselam,3,2015,128,97,D M S,13,827,0,0.36850143130868673,0,0.36850143130868673,1,0.5769368913024664,16,7,8,0,2.743734784424305,2.38123682141304
GER-Bundesliga,1516,Hannover 96,Charlison Benschop,3,2015,128,103,F M S,9,338,1,1.031155414879322,1,1.031155414879322,0,0.012464899569749832,7,1,0,0,1.4698901250958443,0.42626978643238544
GER-Bundesliga,1516,Hannover 96,Christian Schulz,3,2015,128,94,D S,25,2124,2,1.5516140214167535,2,1.5516140214167535,0,0.07283019833266735,8,5,6,0,4.568165924400091,4.520940534770489
GER-Bundesliga,1516,Hannover 96,Edgar Prib,3,2015,128,100,D M S,20,1331,0,0.9881750447675586,0,0.9881750447675586,2,1.5611387696117163,21,21,3,0,4.549006070941687,2.6019569700583816
GER-Bundesliga,1516,Hannover 96,Felipe,3,2015,128,105,D S,8,123,0,0.0,0,0.0,0,0.0,0,0,2,0,0.1282770037651062,0.1282770037651062
GER-Bundesliga,1516,Hannover 96,Felix Klaus,3,2015,128,350,M S,18,799,1,0.874792393296957,1,0.874792393296957,0,0.14723629504442215,19,5,1,0,1.9461996909230947,1.0740602985024452
GER-Bundesliga,1516,Hannover 96,Fynn Arkenberg,3,2015,128,2651,D,2,180,0,0.02703459933400154,0,0.02703459933400154,0,0.08972710371017456,1,1,0,0,0.27023500204086304,0.15347369760274887
GER-Bundesliga,1516,Hannover 96,Hiroki Sakai,3,2015,128,92,D S,26,2293,1,0.34547149669378996,1,0.34547149669378996,0,0.7291947975754738,11,12,1,0,3.3323256596922874,2.491796345449984
GER-Bundesliga,1516,Hannover 96,Hiroshi Kiyotake,3,2015,128,396,F M S,21,1763,5,2.980534479022026,3,1.4649805277585983,6,4.50281810387969,28,60,0,0,6.319051157683134,2.920446889474988
GER-Bundesliga,1516,Hannover 96,Hotaru Yamaguchi,3,2015,128,2681,M,6,408,0,0.04455728083848953,0,0.04455728083848953,0,0.026732899248600006,3,1,1,0,0.5432000122964382,0.4719092957675457
GER-Bundesliga,1516,Hannover 96,Hugo Almeida,3,2015,128,2680,F S,7,525,1,0.8908138982951641,1,0.8908138982951641,0,0.3255720939487219,14,6,1,0,0.8448026850819588,0.03845030069351196
GER-Bundesliga,1516,Hannover 96,Iver Fossum,3,2015,128,2653,F M S,9,723,0,0.9061586074531078,0,0.9061586074531078,0,0.7860313169658184,13,13,0,0,3.254886731505394,1.7278192061930895
GER-Bundesliga,1516,Hannover 96,Kenan Karaman,3,2015,128,98,M S,23,1744,3,3.7117691384628415,3,3.7117691384628415,2,2.4850201876834035,44,20,1,0,7.313278893940151,2.9704061578959227
GER-Bundesliga,1516,Hannover 96,Leon Andreasen,3,2015,128,99,M S,15,1089,2,2.649120032787323,2,2.649120032787323,1,0.4534862022846937,19,12,4,0,2.615146331489086,0.7724509835243225
GER-Bundesliga,1516,Hannover 96,Manuel Schmiedebach,3,2015,128,108,M,22,1813,1,0.6985136969015002,1,0.6985136969015002,1,0.8677498903125525,11,21,4,0,5.2588626481592655,4.025482412427664
GER-Bundesliga,1516,Hannover 96,Marcelo,3,2015,128,93,D,19,1710,1,0.36223956290632486,1,0.36223956290632486,0,0.17232519574463367,7,3,4,0,1.682608399540186,1.5484693981707096
GER-Bundesliga,1516,Hannover 96,Marius Wolf,3,2015,128,2693,M,2,141,0,0.040936898440122604,0,0.040936898440122604,0,0.0,1,0,1,0,0.040936898440122604,0.0
GER-Bundesliga,1516,Hannover 96,Mevlüt Erdinc,3,2015,128,104,F S,11,368,0,1.198505412787199,0,0.44072869420051575,1,0.5164535157382488,7,4,0,0,0.9479587990790606,0.12947490066289902
GER-Bundesliga,1516,Hannover 96,Miiko Albornoz,3,2015,128,95,D,23,2070,0,0.3377385074272752,0,0.3377385074272752,1,2.899787614122033,8,31,1,0,5.5254187332466245,3.774234482087195
GER-Bundesliga,1516,Hannover 96,Mike-Steven Bähre,3,2015,128,102,S,1,13,0,0.0,0,0.0,0,0.0,0,0,0,0,0.0,0.0
GER-Bundesliga,1516,Hannover 96,Noah Joel Sarenren Bazee,3,2015,128,2659,M,5,386,0,1.4064369946718216,0,1.4064369946718216,3,1.4757393077015877,18,6,1,0,2.9480840414762497,0.1009960025548935
GER-Bundesliga,1516,Hannover 96,Oliver Sorg,3,2015,128,348,D M S,20,1597,0,0.1151837008073926,0,0.1151837008073926,0,0.21220799908041954,6,5,4,0,2.271068509668112,2.133026915602386
GER-Bundesliga,1516,Hannover 96,Ron-Robert Zieler,3,2015,128,91,GK,34,3060,0,0.0,0,0.0,0,0.0,0,0,3,0,2.560626596212387,2.560626596212387
GER-Bundesliga,1516,Hannover 96,Salif Sané,3,2015,128,96,D M S,31,2753,2,1.4614990903064609,2,1.4614990903064609,0,0.16454406827688217,37,8,8,0,6.665528463199735,6.195673508569598
GER-Bundesliga,1516,Hannover 96,Tim Dierßen,3,2015,128,2654,S,1,19,0,0.0,0,0.0,0,0.0,0,0,0,0,0.0,0.0
GER-Bundesliga,1516,Hannover 96,Uffe Bech,3,2015,128,361,M S,11,688,1,1.5998462662100792,1,1.5998462662100792,1,0.34536880254745483,9,9,1,0,3.2729541435837746,1.407757293432951
GER-Bundesliga,1516,Hannover 96,Valmir Sulejmani,3,2015,128,2652,M S,4,114,0,0.08658480271697044,0,0.08658480271697044,0,0.0,2,0,0,0,0.21647750213742256,0.1298920065164566
GER-Bundesliga,1516,Hannover 96,Waldemar Anton,3,2015,128,106,D M S,8,583,1,0.5346691133454442,1,0.5346691133454442,0,0.4638856928795576,6,2,2,0,1.3297476768493652,1.2247227989137173
GER-Bundesliga,1516,Hannover 96,Ádám Szalai,3,2015,128,360,F S,16,793,0,2.9866802021861076,0,2.9866802021861076,2,0.8598628044128418,20,14,2,0,4.2233789674937725,0.6304918127134442
GER-Bundesliga,1516,Hertha Berlin,Alexander Baumjohann,3,2015,122,34,M S,24,421,1,1.4592165052890778,0,0.7014375030994415,2,1.5334389954805374,8,14,0,0,4.128427691757679,2.2954976595938206
GER-Bundesliga,1516,Hertha Berlin,Fabian Lustenberger,3,2015,122,25,D M,30,2564,1,0.8549391832202673,1,0.8549391832202673,0,0.5750766862183809,10,9,5,0,5.820671686902642,5.418608482927084
GER-Bundesliga,1516,Hertha Berlin,Florian Kohls,3,2015,122,446,S,1,7,0,0.0060443999245762825,0,0.0060443999245762825,0,0.0,1,0,0,0,0.0060443999245762825,0.0
GER-Bundesliga,1516,Hertha Berlin,Genki Haraguchi,3,2015,122,35,F M S,32,2521,2,2.2347374875098467,2,2.2347374875098467,3,3.868380628526211,32,28,4,0,8.623646205291152,3.089788878336549
GER-Bundesliga,1516,Hertha Berlin,Jens Hegeler,3,2015,122,30,M S,16,479,0,1.0306768734008074,0,1.0306768734008074,0,0.030763400718569756,12,1,1,0,1.2764318622648716,1.0334613658487797
GER-Bundesliga,1516,Hertha Berlin,Johannes van den Bergh,3,2015,122,31,M S,13,222,0,0.06578639894723892,0,0.06578639894723892,1,0.6965252850204706,1,3,1,0,2.2458642292767763,2.0934970378875732
GER-Bundesliga,1516,Hertha Berlin,John Brooks,3,2015,122,22,D S,23,1805,1,0.7780979815870523,1,0.7780979815870523,1,0.5451308730989695,9,2,3,0,2.3674449548125267,2.3674449548125267
GER-Bundesliga,1516,Hertha Berlin,Julian Schieber,3,2015,122,2633,S,6,133,0,0.0267687002196908,0,0.0267687002196908,1,0.6275179907679558,2,2,1,0,0.7789926966652274,0.13957899808883667
GER-Bundesliga,1516,Hertha Berlin,Marvin Plattenhardt,3,2015,122,23,D,33,2970,2,0.6945025958120823,2,0.6945025958120823,4,4.294351698830724,13,37,5,0,7.910160262137651,6.791053457185626
GER-Bundesliga,1516,Hertha Berlin,Maximilian Mittelstädt,3,2015,122,419,D M S,3,181,0,0.052202701568603516,0,0.052202701568603516,1,0.4484776984900236,1,2,0,0,0.5783013850450516,0.07762130349874496
GER-Bundesliga,1516,Hertha Berlin,Mitchell Weiser,3,2015,122,28,D M S,29,2430,2,1.368514209985733,2,1.368514209985733,4,2.4999684523791075,15,20,7,0,7.807946536689997,5.66436830163002
GER-Bundesliga,1516,Hertha Berlin,Niklas Stark,3,2015,122,418,D M S,21,1406,2,1.225518211722374,2,1.225518211722374,0,0.016126500442624092,14,1,2,1,2.2816287130117416,2.1936208121478558
GER-Bundesliga,1516,Hertha Berlin,Per Skjelbred,3,2015,122,24,M,31,2701,0,0.22174759861081839,0,0.22174759861081839,2,0.8941055098548532,4,8,9,0,6.670868828892708,6.210072556510568
GER-Bundesliga,1516,Hertha Berlin,Peter Pekarík,3,2015,122,443,D,12,1066,0,0.06493939831852913,0,0.06493939831852913,1,0.22711020335555077,4,6,1,0,1.9155288077890873,1.62347880192101
GER-Bundesliga,1516,Hertha Berlin,Ronny,3,2015,122,381,S,1,27,0,0.04542490094900131,0,0.04542490094900131,0,0.0,2,0,0,0,0.04542490094900131,0.0
GER-Bundesliga,1516,Hertha Berlin,Roy Beerens,3,2015,122,36,M,2,113,0,0.014378700405359268,0,0.014378700405359268,0,0.0,1,0,0,1,0.11613799631595612,0.10175900161266327
GER-Bundesliga,1516,Hertha Berlin,Rune Jarstein,3,2015,122,19,GK S,29,2560,0,0.0,0,0.0,0,0.0,0,0,2,0,1.845573253929615,1.845573253929615
GER-Bundesliga,1516,Hertha Berlin,Salomon Kalou,3,2015,122,26,F M S,32,2546,14,9.730118429288268,12,8.214561430737376,2,2.1945841647684574,55,21,2,0,12.436342164874077,3.780632045120001
GER-Bundesliga,1516,Hertha Berlin,Sebastian Langkamp,3,2015,122,21,D,22,1878,0,0.4265559958294034,0,0.4265559958294034,1,0.22295999620109797,2,3,8,0,3.829490253701806,3.829490253701806
GER-Bundesliga,1516,Hertha Berlin,Thomas Kraft,3,2015,122,434,GK,6,500,0,0.0,0,0.0,0,0.0,0,0,0,0,0.1135869026184082,0.1135869026184082
GER-Bundesliga,1516,Hertha Berlin,Tolga Cigerci,3,2015,122,258,M S,18,1041,0,1.3482666052877903,0,1.3482666052877903,2,1.410845011472702,25,10,2,0,4.038333598524332,2.073361910879612
GER-Bundesliga,1516,Hertha Berlin,Valentin Stocker,3,2015,122,32,M S,22,837,1,0.9618066176772118,1,0.9618066176772118,0,1.2962771095335484,15,11,2,0,3.3387356735765934,1.2824260145425797
GER-Bundesliga,1516,Hertha Berlin,Vedad Ibisevic,3,2015,122,29,F S,26,2099,10,10.389067154377699,10,10.389067154377699,4,2.2429361026734114,62,22,5,1,12.158429134637117,1.9018718749284744
GER-Bundesliga,1516,Hertha Berlin,Vladimir Darida,3,2015,122,27,F M S,31,2601,5,2.922366819344461,5,2.922366819344461,2,3.3161734882742167,41,35,6,0,12.75747205503285,8.56635475717485
GER-Bundesliga,1516,Hoffenheim,Andrej Kramaric,3,2015,120,956,F M S,15,1086,5,6.05810371786356,4,4.542550720274448,2,1.0366465132683516,42,9,0,1,6.666158929467201,1.964948701672256
GER-Bundesliga,1516,Hoffenheim,Eduardo Vargas,3,2015,120,85,F M S,24,1503,2,2.38897299207747,2,2.38897299207747,3,2.743705280125141,31,29,1,0,6.59322296641767,2.5510700987651944
GER-Bundesliga,1516,Hoffenheim,Ermin Bicakcic,3,2015,120,84,D S,21,1600,0,1.287688690237701,0,1.287688690237701,0,0.11390020977705717,8,3,2,1,1.2539226040244102,1.1142738051712513
GER-Bundesliga,1516,Hoffenheim,Eugen Polanski,3,2015,120,86,M S,27,1758,1,1.4178300788626075,1,0.6600531032308936,3,1.964791091158986,23,15,8,0,4.272436670958996,2.4559670127928257
GER-Bundesliga,1516,Hoffenheim,Fabian Schär,3,2015,120,76,D M S,24,1726,1,0.8483025589957833,1,0.8483025589957833,0,0.4421002045273781,18,7,3,0,3.983061356469989,3.5590221416205168
GER-Bundesliga,1516,Hoffenheim,Jens Grahl,3,2015,120,256,GK,1,90,0,0.0,0,0.0,0,0.0,0,0,0,0,0.0,0.0
GER-Bundesliga,1516,Hoffenheim,Jeremy Toljan,3,2015,120,257,D M S,18,1485,1,0.4809529948979616,1,0.4809529948979616,0,0.24370630085468292,6,6,0,0,2.0506510138511658,1.42796840518713
GER-Bundesliga,1516,Hoffenheim,Jiloan Hamad,3,2015,120,2689,M S,7,321,1,0.6008970998227596,1,0.6008970998227596,0,0.1320136021822691,4,3,1,0,0.7823360096663237,0.1434898003935814
GER-Bundesliga,1516,Hoffenheim,Jin-Su Kim,3,2015,120,77,D S,15,1314,0,0.14896080177277327,0,0.14896080177277327,0,0.19868799857795238,7,4,3,0,1.806815393269062,1.473664691671729
GER-Bundesliga,1516,Hoffenheim,Joelinton,3,2015,120,87,S,1,1,0,0.1280210018157959,0,0.1280210018157959,0,0.0,2,0,0,0,0.1280210018157959,0.08204519748687744
GER-Bundesliga,1516,Hoffenheim,Jonathan Schmid,3,2015,120,81,F M S,23,1455,4,3.155759032815695,4,3.155759032815695,0,2.120912905782461,20,24,1,0,5.445110462605953,2.04169222060591
GER-Bundesliga,1516,Hoffenheim,Kevin Kurányi,3,2015,120,255,F S,14,520,0,1.5007536765187979,0,1.5007536765187979,0,0.15854070149362087,9,4,0,0,1.5269651915878057,0.2653731945902109
GER-Bundesliga,1516,Hoffenheim,Kevin Volland,3,2015,120,83,F M S,33,2733,8,7.727520454674959,6,5.454192016273737,7,5.88211253285408,64,44,8,0,13.467993374913931,4.618114922195673
GER-Bundesliga,1516,Hoffenheim,Mark Uth,3,2015,120,88,F M S,25,1400,8,6.232723014429212,8,6.232723014429212,1,1.3993654996156693,35,15,2,0,8.225024539977312,2.261456868611276
GER-Bundesliga,1516,Hoffenheim,Nadiem Amiri,3,2015,120,82,F M S,25,1454,4,2.8920883163809776,4,2.8920883163809776,4,2.4109307006001472,38,34,4,0,5.067473353818059,1.8086822908371687
GER-Bundesliga,1516,Hoffenheim,Niklas Süle,3,2015,120,75,D,33,2970,0,0.9007638767361641,0,0.9007638767361641,1,0.5027411878108978,8,6,4,0,4.821067364886403,4.77816735394299
GER-Bundesliga,1516,Hoffenheim,Oliver Baumann,3,2015,120,73,GK,33,2970,0,0.0,0,0.0,0,0.058580199256539345,0,2,1,0,2.5453112106770277,2.4867308139801025
GER-Bundesliga,1516,Hoffenheim,Pavel Kaderábek,3,2015,120,74,D M S,28,2225,0,0.26060240529477596,0,0.26060240529477596,1,1.2575047193095088,6,12,2,0,3.8694908171892166,2.8006350807845592
GER-Bundesliga,1516,Hoffenheim,Philipp Ochs,3,2015,120,445,D M S,13,559,0,0.22439960204064846,0,0.22439960204064846,1,0.8036473300307989,6,7,0,0,3.3084380934014916,2.430561723187566
GER-Bundesliga,1516,Hoffenheim,Pirmin Schwegler,3,2015,120,80,M S,21,1421,0,0.5542516000568867,0,0.5542516000568867,0,0.2403912991285324,10,7,5,0,2.5414378847926855,1.983750307932496
GER-Bundesliga,1516,Hoffenheim,Russell Canouse,3,2015,120,2688,S,1,22,0,0.0,0,0.0,0,0.0,0,0,0,0,0.0,0.0
GER-Bundesliga,1516,Hoffenheim,Sebastian Rudy,3,2015,120,90,D M S,24,1801,2,1.063292982056737,2,1.063292982056737,1,2.0969130657613277,14,21,8,1,6.031287534162402,4.834085145033896
GER-Bundesliga,1516,Hoffenheim,Steven Zuber,3,2015,120,254,M S,12,574,2,1.2464405056089163,2,1.2464405056089163,0,0.37287160754203796,17,6,1,0,1.8049808945506811,0.7584976069629192
GER-Bundesliga,1516,Hoffenheim,Tarik Elyounoussi,3,2015,120,78,M S,6,424,0,0.15225969813764095,0,0.15225969813764095,1,0.7838683016598225,3,8,0,0,2.124648004770279,1.7535839676856995
GER-Bundesliga,1516,Hoffenheim,Tobias Strobl,3,2015,120,79,D M S,26,2078,0,0.4452808974310756,0,0.4452808974310756,1,1.399089129641652,11,15,5,0,3.6731758881360292,3.1375527642667294
GER-Bundesliga,1516,Ingolstadt,Alfredo Morales,3,2015,126,252,F M S,24,1659,1,1.7385697178542614,1,1.7385697178542614,2,1.721458999440074,30,11,7,0,4.773134980350733,1.5192988868802786
GER-Bundesliga,1516,Ingolstadt,Almog Cohen,3,2015,126,240,M S,20,824,0,0.886548200622201,0,0.886548200622201,2,1.2719354769214988,13,6,2,0,1.9905133917927742,0.8426061999052763
GER-Bundesliga,1516,Ingolstadt,Benjamin Hübner,3,2015,126,251,D,30,2632,1,2.086848926730454,1,2.086848926730454,0,0.11212899722158909,20,3,7,0,2.575374262407422,2.463245265185833
GER-Bundesliga,1516,Ingolstadt,Danilo Soares,3,2015,126,247,D,1,90,0,0.01476330030709505,0,0.01476330030709505,0,0.0,1,0,0,0,0.046147000044584274,0.03138380125164986
GER-Bundesliga,1516,Ingolstadt,Danny da Costa,3,2015,126,249,D S,20,1522,0,0.22920409962534904,0,0.22920409962534904,4,2.334642507135868,6,14,4,0,3.677127266302705,2.8810480888932943
GER-Bundesliga,1516,Ingolstadt,Darío Lezcano,3,2015,126,2636,F S,17,1253,2,3.6941054007038474,2,3.6941054007038474,1,1.7327979374676943,29,18,4,0,4.330729313194752,0.5437459051609039
GER-Bundesliga,1516,Ingolstadt,Elias Kachunga,3,2015,126,248,F S,10,269,0,0.3614153079688549,0,0.3614153079688549,0,0.0,4,0,0,0,0.8472418859601021,0.48582590371370316
GER-Bundesliga,1516,Ingolstadt,Konstantin Engel,3,2015,126,402,D S,4,192,0,0.01759530045092106,0,0.01759530045092106,0,0.011954699642956257,2,1,2,0,0.02454099990427494,0.015366899780929089
GER-Bundesliga,1516,Ingolstadt,Lukas Hinterseer,3,2015,126,242,F S,28,1721,6,5.191209869459271,5,4.433432893827558,0,0.939489365555346,30,14,3,0,5.535969157703221,1.3609123872593045
GER-Bundesliga,1516,Ingolstadt,Markus Suttner,3,2015,126,379,D S,18,1342,0,0.5630978979170322,0,0.5630978979170322,0,1.187285915017128,20,16,2,0,1.8909374084323645,1.2192600145936012
GER-Bundesliga,1516,Ingolstadt,Marvin Matip,3,2015,126,236,D S,33,2923,2,2.502623646520078,2,2.502623646520078,1,0.7422661213204265,25,9,5,0,3.5241493601351976,3.158770838752389
GER-Bundesliga,1516,Ingolstadt,Mathew Leckie,3,2015,126,241,F S,32,2476,3,3.6287103090435266,3,2.870933333411813,0,2.9087216835469007,39,33,9,0,5.18768844474107,1.9714343259111047
GER-Bundesliga,1516,Ingolstadt,Maurice Multhaup,3,2015,126,246,S,4,83,0,0.6655422188341618,0,0.6655422188341618,0,0.0,2,0,0,0,0.6655422188341618,0.0
GER-Bundesliga,1516,Ingolstadt,Max Christiansen,3,2015,126,245,M S,19,1033,0,0.4327587001025677,0,0.4327587001025677,1,0.9216758022084832,17,9,3,0,1.4769243113696575,0.8658750988543034
GER-Bundesliga,1516,Ingolstadt,Moritz Hartmann,3,2015,126,362,F S,30,2015,12,12.400500696152449,4,6.338367756456137,1,0.9299419838935137,53,20,4,0,6.718814987689257,2.3736650347709656
GER-Bundesliga,1516,Ingolstadt,Pascal Groß,3,2015,126,239,M,32,2834,1,3.085082100238651,1,3.085082100238651,4,8.378990802913904,70,95,8,1,9.817660491913557,4.856141524389386
GER-Bundesliga,1516,Ingolstadt,Ramazan Özcan,3,2015,126,233,GK,28,2520,0,0.0,0,0.0,0,0.0,0,0,1,0,1.3354464853182435,1.3354464853182435
GER-Bundesliga,1516,Ingolstadt,Robert Bauer,3,2015,126,237,D M S,24,1676,1,0.11122359987348318,1,0.11122359987348318,0,0.33373549953103065,5,6,5,0,2.6715464740991592,2.308115528896451
GER-Bundesliga,1516,Ingolstadt,Roger,3,2015,126,238,M S,29,2501,1,0.5678519229404628,1,0.5678519229404628,1,1.1240374259650707,16,9,3,0,2.282975015696138,1.6453886944800615
GER-Bundesliga,1516,Ingolstadt,Romain Brègerie,3,2015,126,235,D M S,22,1053,0,0.7370783938094974,0,0.7370783938094974,0,0.14709079638123512,13,4,3,1,1.1457087080925703,0.7855640072375536
GER-Bundesliga,1516,Ingolstadt,Stefan Lex,3,2015,126,243,F S,21,874,2,2.9331135749816895,2,2.9331135749816895,0,1.1862492626532912,23,14,2,0,3.6306243427097797,0.21504200343042612
GER-Bundesliga,1516,Ingolstadt,Stefan Wannenwetsch,3,2015,126,244,S,1,37,0,0.0,0,0.0,0,0.0,0,0,0,0,0.0,0.0
GER-Bundesliga,1516,Ingolstadt,Tobias Levels,3,2015,126,234,D,16,1440,1,0.1983254961669445,1,0.1983254961669445,2,0.4315409045666456,4,7,4,0,2.164648888632655,1.6604094915091991
GER-Bundesliga,1516,Ingolstadt,Tomas Pekhart,3,2015,126,253,F S,4,82,0,0.19045449793338776,0,0.19045449793338776,0,0.053113698959350586,4,1,1,0,0.26346829906105995,0.019899800419807434
GER-Bundesliga,1516,Ingolstadt,Ørjan Nyland,3,2015,126,250,GK,6,540,0,0.0,0,0.0,0,0.0,0,0,0,0,0.1679605022072792,0.1679605022072792
GER-Bundesliga,1516,Mainz 05,Alexander Hack,3,2015,125,52,D,7,630,0,0.21838299930095673,0,0.21838299930095673,0,0.02223159931600094,3,1,1,0,2.0703140050172806,2.0703140050172806
GER-Bundesliga,1516,Mainz 05,Christian Clemens,3,2015,125,49,F M S,28,1722,5,4.8037680722773075,5,4.8037680722773075,3,4.578144214581698,44,30,1,0,10.205399375408888,3.8166510574519634
GER-Bundesliga,1516,Mainz 05,Christoph Moritz,3,2015,125,54,M S,8,249,0,0.014708999544382095,0,0.014708999544382095,0,0.0,1,0,0,0,0.38852230086922646,0.37381330505013466
GER-Bundesliga,1516,Mainz 05,Daniel Brosinski,3,2015,125,38,D M S,30,2237,1,0.6395066697150469,1,0.6395066697150469,3,2.291763089597225,14,24,3,0,7.704199839383364,6.155172700062394
GER-Bundesliga,1516,Mainz 05,Danny Latza,3,2015,125,43,M S,27,1861,0,1.4190602283924818,0,1.4190602283924818,2,2.2248077038675547,27,32,8,0,10.247908402234316,8.154264403507113
GER-Bundesliga,1516,Mainz 05,Devante Parker,3,2015,125,432,S,1,1,0,0.0,0,0.0,0,0.0,0,0,0,0,0.0,0.0
GER-Bundesliga,1516,Mainz 05,Elkin Soto,3,2015,125,2632,S,1,1,0,0.0,0,0.0,0,0.0,0,0,0,0,0.0,0.0
GER-Bundesliga,1516,Mainz 05,Fabian Frei,3,2015,125,441,M S,18,956,0,0.5913515016436577,0,0.5913515016436577,2,0.478529904037714,11,9,1,0,3.5013104863464832,2.8706258963793516
GER-Bundesliga,1516,Mainz 05,Florian Niederlechner,3,2015,125,306,F S,12,173,0,1.0051405057311058,0,1.0051405057311058,0,0.0,5,0,2,0,1.0546973049640656,0.04955679923295975
GER-Bundesliga,1516,Mainz 05,Gaëtan Bussmann,3,2015,125,354,D M,13,1170,1,0.3753197006881237,1,0.3753197006881237,0,0.5854975935071707,7,11,3,0,2.7039111088961363,2.2104704938828945
GER-Bundesliga,1516,Mainz 05,Gonzalo Jara,3,2015,125,50,D M S,6,447,0,0.01575469970703125,0,0.01575469970703125,0,0.08559280075132847,1,2,1,0,2.4937119632959366,2.392361953854561
GER-Bundesliga,1516,Mainz 05,Jairo Samperio,3,2015,125,46,F M S,31,2312,7,3.9744754880666733,7,3.9744754880666733,5,4.5376403741538525,39,32,5,0,11.91458357963711,5.092824566178024
GER-Bundesliga,1516,Mainz 05,Jhon Córdoba,3,2015,125,48,F S,22,1389,5,7.087369669228792,5,7.087369669228792,2,1.9759434247389436,30,10,2,0,9.563903789967299,2.0812622848898172
GER-Bundesliga,1516,Mainz 05,Julian Baumgartlinger,3,2015,125,42,M S,31,2716,2,1.0040396144613624,2,1.0040396144613624,1,1.5701710972934961,12,21,7,0,10.124993225559592,8.072454679757357
GER-Bundesliga,1516,Mainz 05,Karim Onisiwo,3,2015,125,2631,M S,9,328,1,1.167799087241292,1,1.167799087241292,1,2.0878749564290047,11,5,1,0,2.81709011644125,0.026097899302840233
GER-Bundesliga,1516,Mainz 05,Leon Balogun,3,2015,125,394,D S,21,1512,1,0.5586606464348733,1,0.5586606464348733,0,0.642522893846035,12,6,4,0,4.9331435933709145,4.501880563795567
GER-Bundesliga,1516,Mainz 05,Loris Karius,3,2015,125,37,GK,34,3060,0,0.0,0,0.0,0,0.0,0,0,1,0,2.9748267848044634,2.9748267848044634
GER-Bundesliga,1516,Mainz 05,Maximilian Beister,3,2015,125,53,S,1,5,0,0.0,0,0.0,0,0.0,0,0,0,0,0.0,0.0
GER-Bundesliga,1516,Mainz 05,Niko Bungert,3,2015,125,39,D S,21,1750,0,0.2711150050163269,0,0.2711150050163269,0,0.06878630071878433,4,1,2,0,5.756853023543954,5.648045996204019
GER-Bundesliga,1516,Mainz 05,Pablo De Blasis,3,2015,125,44,M S,26,1646,4,4.081180036067963,4,4.081180036067963,4,3.421197146177292,32,23,1,0,10.283874653279781,5.908439476042986
GER-Bundesliga,1516,Mainz 05,Philipp Klement,3,2015,125,409,S,2,27,0,0.09832359850406647,0,0.09832359850406647,0,0.0,1,0,0,0,0.0,0.0
GER-Bundesliga,1516,Mainz 05,Pierre Bengtsson,3,2015,125,41,D S,16,1272,0,0.2497808001935482,0,0.2497808001935482,0,0.8957815812900662,5,8,1,0,4.74156130105257,4.57376763317734
GER-Bundesliga,1516,Mainz 05,Stefan Bell,3,2015,125,40,D S,30,2635,1,1.7532397918403149,1,1.7532397918403149,2,0.7832737127318978,23,6,3,0,6.1964140990749,5.387374809011817
GER-Bundesliga,1516,Mainz 05,Suat Serdar,3,2015,125,307,M S,12,199,0,0.15106649696826935,0,0.15106649696826935,0,0.01967949979007244,3,1,0,0,0.4293785020709038,0.2754690982401371
GER-Bundesliga,1516,Mainz 05,Yoshinori Muto,3,2015,125,47,F S,20,1499,7,8.975677462294698,7,8.975677462294698,2,1.4132976289838552,34,14,2,0,10.871138166636229,1.6200943253934383
GER-Bundesliga,1516,Mainz 05,Yunus Malli,3,2015,125,45,F M S,34,2802,11,10.036155764013529,10,9.278465691953897,4,7.182567520067096,64,43,0,0,21.009124990552664,6.7659861370921135
GER-Bundesliga,1516,Schalke 04,Alessandro Schöpf,3,2015,124,2638,M S,13,465,3,1.6508971229195595,3,1.6508971229195595,1,0.5522232903167605,14,8,1,0,2.7795899994671345,0.9567205123603344
GER-Bundesliga,1516,Schalke 04,Alexander Nübel,3,2015,124,2639,S,1,1,0,0.0,0,0.0,0,0.0,0,0,0,0,0.0,0.0
GER-Bundesliga,1516,Schalke 04,Benedikt Höwedes,3,2015,124,333,D S,15,895,1,0.76633220911026,1,0.76633220911026,0,0.19915109872817993,8,5,4,0,1.8652175068855286,1.6649866066873074
GER-Bundesliga,1516,Schalke 04,Dennis Aogo,3,2015,124,334,D M S,23,1849,0,0.9544962802901864,0,0.9544962802901864,1,1.919686384499073,7,25,4,0,5.112645507790148,4.091179027222097
GER-Bundesliga,1516,Schalke 04,Eric Maxim Choupo-Moting,3,2015,124,339,F M S,28,1863,6,3.5714395120739937,6,3.5714395120739937,2,2.7402732092887163,50,35,1,0,10.814641991630197,5.59194359369576
GER-Bundesliga,1516,Schalke 04,Fabian Reese,3,2015,124,390,S,1,3,0,0.0,0,0.0,0,0.07449260354042053,0,1,0,0,0.0,0.0
GER-Bundesliga,1516,Schalke 04,Franco Di Santo,3,2015,124,341,F M S,25,1293,2,2.625038579106331,2,2.625038579106331,1,1.045673679560423,23,16,3,0,4.828539531677961,1.5222996324300766
GER-Bundesliga,1516,Schalke 04,Joel Matip,3,2015,124,332,D,34,3060,3,3.1490978291258216,3,3.1490978291258216,3,1.6793491020798683,31,12,3,0,10.226636573672295,9.193967387080193
GER-Bundesliga,1516,Schalke 04,Johannes Geis,3,2015,124,336,M S,28,2340,2,2.5075494088232517,1,1.7497726082801819,5,5.423748034983873,44,60,4,1,8.576333441771567,7.838365200906992
GER-Bundesliga,1516,Schalke 04,Julian Draxler,3,2015,124,152,F M S,24,1777,6,4.504202039912343,6,4.504202039912343,5,4.092099508270621,44,37,5,1,13.26458805333823,6.369836448691785
GER-Bundesliga,1516,Schalke 04,Júnior Caiçara,3,2015,124,345,D M S,23,1859,0,0.6782097900286317,0,0.6782097900286317,3,3.053689666092396,13,40,7,0,7.6698371060192585,6.013444021344185
GER-Bundesliga,1516,Schalke 04,Klaas-Jan Huntelaar,3,2015,124,340,F S,31,2485,12,13.09935544617474,10,10.068245271220803,3,3.9785653073340654,72,26,2,0,15.583217173814774,2.7154664881527424
GER-Bundesliga,1516,Schalke 04,Leon Goretzka,3,2015,124,335,M S,25,1995,1,2.6994338762015104,1,2.6994338762015104,3,2.6708450112491846,37,24,5,0,10.021239614114165,6.649557005614042
GER-Bundesliga,1516,Schalke 04,Leroy Sané,3,2015,124,337,F M S,33,2315,8,6.593436665832996,8,6.593436665832996,6,4.827641267329454,68,28,4,0,13.508558999747038,3.0822202302515507
GER-Bundesliga,1516,Schalke 04,Marco Höger,3,2015,124,427,M S,5,188,0,0.06871599704027176,0,0.06871599704027176,0,0.0,2,0,2,0,0.1690094992518425,0.10029350034892559
GER-Bundesliga,1516,Schalke 04,Marvin Friedrich,3,2015,124,370,S,2,3,0,0.0,0,0.0,0,0.0,0,0,0,0,0.0,0.0
GER-Bundesliga,1516,Schalke 04,Matija Nastasic,3,2015,124,451,D,1,16,0,0.0,0,0.0,0,0.0,0,0,0,0,0.021731499582529068,0.021731499582529068
GER-Bundesliga,1516,Schalke 04,Max Meyer,3,2015,124,338,M S,32,2331,5,4.354710320942104,5,4.354710320942104,6,3.571497166529298,46,45,4,0,14.10890369489789,6.9552183374762535
GER-Bundesliga,1516,Schalke 04,Pierre-Emile Højbjerg,3,2015,124,343,M S,23,1272,0,1.1528371749445796,0,1.1528371749445796,1,0.2453127969056368,22,7,3,0,3.9680100213736296,3.019260685890913
GER-Bundesliga,1516,Schalke 04,Ralf Fährmann,3,2015,124,330,GK,34,3060,0,0.0,0,0.0,0,0.0,0,0,1,0,4.87615530192852,4.87615530192852
GER-Bundesliga,1516,Schalke 04,Roman Neustädter,3,2015,124,346,D S,30,2395,0,0.713578007183969,0,0.713578007183969,1,0.13957189675420523,11,4,4,0,6.6931670205667615,6.6762210028246045
GER-Bundesliga,1516,Schalke 04,Sascha Riether,3,2015,124,331,D S,17,1326,0,0.1347000002861023,0,0.1347000002861023,0,0.623560693114996,1,12,3,0,3.1564990989863873,2.647852174937725
GER-Bundesliga,1516,Schalke 04,Sead Kolasinac,3,2015,124,342,D M S,23,1570,1,0.8892339039593935,1,0.8892339039593935,0,1.3427890641614795,12,15,5,0,5.500131125561893,4.888662926852703
GER-Bundesliga,1516,Schalke 04,Sidney Sam,3,2015,124,2690,S,2,15,0,0.301815003156662,0,0.301815003156662,0,0.0,3,0,0,0,0.27767300605773926,0.0
GER-Bundesliga,1516,Schalke 04,Thilo Kehrer,3,2015,124,2674,S,1,1,0,0.0,0,0.0,0,0.0,0,0,0,0,0.0,0.0
GER-Bundesliga,1516,Schalke 04,Younès Belhanda,3,2015,124,2637,F M S,15,809,2,0.9491411000490189,2,0.9491411000490189,1,2.2375293038785458,13,19,2,0,4.867925353348255,2.458499659784138
GER-Bundesliga,1516,VfB Stuttgart,Adam Hlousek,3,2015,133,67,D S,7,414,0,0.048392198979854584,0,0.048392198979854584,0,0.0,1,0,1,0,0.9698997754603624,0.9698997754603624
GER-Bundesliga,1516,VfB Stuttgart,Alexandru Maxim,3,2015,133,63,M S,25,1038,1,2.661413088440895,1,2.661413088440895,5,2.865239357575774,30,36,1,0,5.3580888621509075,2.6256194710731506
GER-Bundesliga,1516,VfB Stuttgart,Arianit Ferati,3,2015,133,376,S,3,68,0,0.0635261982679367,0,0.0635261982679367,1,0.5316629931330681,1,4,0,0,0.7513149976730347,0.17923810333013535
GER-Bundesliga,1516,VfB Stuttgart,Artem Kravets,3,2015,133,2630,F S,15,585,1,1.311146818101406,1,1.311146818101406,2,1.57097152993083,17,7,1,0,3.370371386408806,1.5390974590554833
GER-Bundesliga,1516,VfB Stuttgart,Boris Tashchy,3,2015,133,68,S,9,142,0,0.1008640006184578,0,0.1008640006184578,0,0.03625459969043732,2,1,0,0,0.07557379826903343,0.07557379826903343
GER-Bundesliga,1516,VfB Stuttgart,Carlos Gruezo,3,2015,133,69,M S,2,61,0,0.0,0,0.0,0,0.0,0,0,0,0,0.0,0.0
GER-Bundesliga,1516,VfB Stuttgart,Christian Gentner,3,2015,133,60,M,29,2499,5,4.58684479445219,5,4.58684479445219,2,2.5021831216290593,45,27,3,0,13.63706886768341,8.497594453394413
GER-Bundesliga,1516,VfB Stuttgart,Daniel Didavi,3,2015,133,300,F M S,31,2447,13,11.135832443833351,11,9.620279353111982,3,3.7529220255091786,95,41,8,1,15.603656930848956,7.947335692122579
GER-Bundesliga,1516,VfB Stuttgart,Daniel Ginczek,3,2015,133,426,F,7,630,3,3.7316497825086117,2,2.973953191190958,1,1.0057918801903725,18,12,1,0,4.486748099327087,0.8890571240335703
GER-Bundesliga,1516,VfB Stuttgart,Daniel Schwaab,3,2015,133,56,D M S,29,2385,0,0.4246439039707184,0,0.4246439039707184,1,0.6186670921742916,12,8,3,0,5.355980379506946,5.076271569356322
GER-Bundesliga,1516,VfB Stuttgart,Emiliano Insúa,3,2015,133,59,D,33,2934,0,0.8860243447124958,0,0.8860243447124958,1,3.7332485988736153,23,34,5,0,9.737452156841755,6.358199432492256
GER-Bundesliga,1516,VfB Stuttgart,Federico Barba,3,2015,133,1320,D,2,143,1,0.06082269921898842,1,0.06082269921898842,0,0.0,1,0,0,0,0.030166400596499443,0.030166400596499443
GER-Bundesliga,1516,VfB Stuttgart,Filip Kostic,3,2015,133,64,M,30,2608,5,4.821352827362716,4,4.063575881533325,5,10.7724584992975,49,79,5,0,15.816552449017763,6.519295487552881
GER-Bundesliga,1516,VfB Stuttgart,Florian Klein,3,2015,133,383,D M S,22,1571,0,0.42504971381276846,0,0.42504971381276846,2,2.1127954572439194,14,13,3,1,4.469443779438734,2.234787192195654
GER-Bundesliga,1516,VfB Stuttgart,Geoffroy Serey Dié,3,2015,133,61,M,23,1834,1,0.4885189412161708,1,0.4885189412161708,2,2.3266324289143085,15,16,8,1,8.484045144170523,6.634016657248139
GER-Bundesliga,1516,VfB Stuttgart,Georg Niedermeier,3,2015,133,58,D S,18,1434,3,2.0384898809716105,3,2.0384898809716105,1,1.8968213181942701,11,7,5,0,3.658443244174123,2.3869732934981585
GER-Bundesliga,1516,VfB Stuttgart,Jan Kliment,3,2015,133,384,S,8,148,1,0.09504790045320988,1,0.09504790045320988,0,0.5425525158643723,3,3,1,0,1.6921497862786055,1.1707289814949036
GER-Bundesliga,1516,VfB Stuttgart,Kevin Großkreutz,3,2015,133,2664,D,10,900,0,0.32745659723877907,0,0.32745659723877907,0,0.5976623874157667,6,6,3,0,2.7077058665454388,2.455834284424782
GER-Bundesliga,1516,VfB Stuttgart,Lukas Rupp,3,2015,133,62,M S,29,2107,5,4.724886026233435,5,4.724886026233435,4,4.927752275951207,39,38,4,0,12.712117165327072,6.4959320686757565
GER-Bundesliga,1516,VfB Stuttgart,Mart Ristl,3,2015,133,405,S,3,42,0,0.0,0,0.0,0,0.024236399680376053,0,1,1,0,0.13014939799904823,0.13014939799904823
GER-Bundesliga,1516,VfB Stuttgart,Martin Harnik,3,2015,133,407,F M S,19,995,2,5.84822092205286,2,5.84822092205286,0,1.3971912749111652,32,10,2,0,8.563278391957283,2.810314651578665
GER-Bundesliga,1516,VfB Stuttgart,Marvin Wanitzek,3,2015,133,374,S,1,3,0,0.0,0,0.0,0,0.0,0,0,0,0,0.0,0.0
GER-Bundesliga,1516,VfB Stuttgart,Matthias Zimmermann,3,2015,133,2629,D,2,167,0,0.009615490213036537,0,0.009615490213036537,0,0.2956160008907318,1,1,0,0,0.3827324900776148,0.07750190049409866
GER-Bundesliga,1516,VfB Stuttgart,Mitchell Langerak,3,2015,133,2628,GK,2,180,0,0.0,0,0.0,0,0.0,0,0,0,0,0.03394240140914917,0.03394240140914917
GER-Bundesliga,1516,VfB Stuttgart,Odisseas Vlachodimos,3,2015,133,375,GK S,3,200,0,0.0,0,0.0,0,0.0,0,0,0,0,0.018434999510645866,0.018434999510645866
GER-Bundesliga,1516,VfB Stuttgart,Philip Heise,3,2015,133,70,D S,5,147,0,0.19162549823522568,0,0.19162549823522568,1,0.5103840231895447,3,1,0,0,0.6997877098619938,0.077155701816082
GER-Bundesliga,1516,VfB Stuttgart,Przemyslaw Tyton,3,2015,133,55,GK,30,2679,0,0.0,0,0.0,0,0.01772099919617176,0,1,1,1,2.283624317497015,2.2659033183008432
GER-Bundesliga,1516,VfB Stuttgart,Timo Baumgartl,3,2015,133,71,D S,19,1547,0,1.1966309128329158,0,1.1966309128329158,0,0.0,7,0,3,0,3.2848660685122013,2.491904053837061
GER-Bundesliga,1516,VfB Stuttgart,Timo Werner,3,2015,133,65,F M S,33,2201,6,12.027152398601174,6,12.027152398601174,3,2.9567799251526594,64,21,0,0,16.17470122501254,2.8602312840521336
GER-Bundesliga,1516,VfB Stuttgart,Toni Sunjic,3,2015,133,57,D S,19,1358,1,0.8941650800406933,1,0.8941650800406933,0,0.083713099360466,7,2,5,1,2.5446833539754152,2.5185634065419436
GER-Bundesliga,1516,Werder Bremen,Alejandro Gálvez,3,2015,123,112,D M S,21,1273,1,0.15719979628920555,1,0.15719979628920555,0,0.08739879820495844,5,3,3,0,1.7927592815831304,1.753069581463933
GER-Bundesliga,1516,Werder Bremen,Anthony Ujah,3,2015,123,119,F S,32,2327,11,12.43081501685083,11,11.673038041219115,2,2.8921223152428865,68,27,2,0,13.976044232025743,2.8997403122484684
GER-Bundesliga,1516,Werder Bremen,Aron Jóhannsson,3,2015,123,430,F S,6,414,2,2.3907652236521244,1,1.6329886987805367,0,0.28261909633874893,14,8,0,0,1.3582378961145878,0.17353950068354607
GER-Bundesliga,1516,Werder Bremen,Assani Lukimya,3,2015,123,123,D S,12,913,0,0.9420248046517372,0,0.9420248046517372,0,0.0,5,0,3,0,1.1392780151218176,1.1392780151218176
GER-Bundesliga,1516,Werder Bremen,Claudio Pizarro,3,2015,123,122,F M S,28,1740,14,11.333155285567045,9,6.786490488797426,3,2.81191848218441,46,30,3,0,10.563265949487686,2.9519035080447793
GER-Bundesliga,1516,Werder Bremen,Clemens Fritz,3,2015,123,117,M,29,2536,1,0.5767131987959146,1,0.5767131987959146,2,1.6141176298260689,25,15,13,0,6.487813398241997,4.372429048642516
GER-Bundesliga,1516,Werder Bremen,Felix Kroos,3,2015,123,120,M S,8,249,0,0.9271980728954077,0,0.1694210972636938,0,0.0822564959526062,7,3,0,0,0.7170605696737766,0.5095283947885036
GER-Bundesliga,1516,Werder Bremen,Felix Wiedwald,3,2015,123,109,GK,34,3060,0,0.04676489904522896,0,0.04676489904522896,0,0.0,1,0,4,0,2.8579643992707133,2.8579643992707133
GER-Bundesliga,1516,Werder Bremen,Fin Bartels,3,2015,123,115,D F M S,30,2073,8,6.709110047668219,8,6.709110047668219,1,2.619292884133756,43,25,5,1,11.363338448107243,2.686113791540265
GER-Bundesliga,1516,Werder Bremen,Florian Grillitsch,3,2015,123,116,M S,25,1993,1,2.362077897414565,1,2.362077897414565,2,1.9548525251448154,29,25,3,0,7.366750007495284,3.9928244967013597
GER-Bundesliga,1516,Werder Bremen,Janek Sternberg,3,2015,123,124,D M S,9,439,0,0.09972060099244118,0,0.09972060099244118,0,0.1431884989142418,2,2,2,0,1.1920424038544297,1.0767694050446153
GER-Bundesliga,1516,Werder Bremen,Jannik Vestergaard,3,2015,123,111,D M,33,2970,2,1.778046456631273,2,1.778046456631273,0,0.18736370000988245,35,5,2,0,4.458681060932577,4.268494171090424
GER-Bundesliga,1516,Werder Bremen,Leon Guwara,3,2015,123,2692,D,1,90,0,0.0,0,0.0,0,0.0,0,0,0,0,0.036436598747968674,0.036436598747968674
GER-Bundesliga,1516,Werder Bremen,Levin Öztunali,3,2015,123,118,F M S,25,1410,1,1.393379877321422,1,1.393379877321422,3,1.9112754641100764,24,18,2,0,5.448888869956136,2.416281540878117
GER-Bundesliga,1516,Werder Bremen,Luca-Milan Zander,3,2015,123,364,D S,2,105,0,0.0,0,0.0,0,0.0,0,0,0,0,0.0,0.0
GER-Bundesliga,1516,Werder Bremen,Lukas Fröde,3,2015,123,400,M S,8,115,0,0.04928189888596535,0,0.04928189888596535,0,0.0,1,0,0,0,0.745660200715065,0.745660200715065
GER-Bundesliga,1516,Werder Bremen,László Kleinheisler,3,2015,123,2647,M S,6,184,0,0.15591790154576302,0,0.15591790154576302,0,0.05274289846420288,5,1,0,0,0.6825601011514664,0.5022919923067093
GER-Bundesliga,1516,Werder Bremen,Marcel Hilßner,3,2015,123,425,S,1,34,0,0.0,0,0.0,0,0.0,0,0,0,0,0.0,0.0
GER-Bundesliga,1516,Werder Bremen,Maximilian Eggestein,3,2015,123,125,M S,7,168,0,0.2565978951752186,0,0.2565978951752186,0,0.48593511059880257,2,4,0,0,0.8245695978403091,0.3587160110473633
GER-Bundesliga,1516,Werder Bremen,Melvyn Lorenzen,3,2015,123,121,M S,9,139,0,0.10949499905109406,0,0.10949499905109406,0,0.0,1,0,0,0,0.14147479832172394,0.03197979927062988
GER-Bundesliga,1516,Werder Bremen,Milos Veljkovic,3,2015,123,2691,M S,3,92,0,0.0,0,0.0,0,0.0,0,0,0,0,0.20526699721813202,0.20526699721813202
GER-Bundesliga,1516,Werder Bremen,Oliver Hüsing,3,2015,123,415,S,1,5,0,0.0,0,0.0,0,0.0,0,0,0,0,0.0926181972026825,0.0926181972026825
GER-Bundesliga,1516,Werder Bremen,Papy Djilobodji,3,2015,123,1071,D,14,1260,2,2.3771103005856276,2,2.3771103005856276,1,0.8593811141327024,22,9,6,0,1.631668396294117,0.9280628887936473
GER-Bundesliga,1516,Werder Bremen,Philipp Bargfrede,3,2015,123,114,D M,14,1184,0,0.34810409508645535,0,0.34810409508645535,1,0.5057893097400665,12,6,2,1,2.7963701728731394,2.117425801232457
GER-Bundesliga,1516,Werder Bremen,Sambou Yatabaré,3,2015,123,2667,M S,8,493,1,1.1242962731048465,1,1.1242962731048465,1,0.5854791831225157,8,7,3,0,2.2017759680747986,0.8812214881181717
GER-Bundesliga,1516,Werder Bremen,Santiago García,3,2015,123,113,D,29,2477,0,0.5872741043567657,0,0.5872741043567657,3,5.275909774005413,13,31,9,0,8.184431727975607,5.0376044027507305
GER-Bundesliga,1516,Werder Bremen,Theodor Gebre Selassie,3,2015,123,110,D M,33,2961,1,1.0068738125264645,1,1.0068738125264645,2,1.830618217587471,18,25,5,0,6.943557545542717,5.0623109713196754
GER-Bundesliga,1516,Werder Bremen,Ulisses García,3,2015,123,399,D M S,11,592,0,0.4330724971368909,0,0.4330724971368909,1,0.9015753725543618,11,5,3,0,1.157402615994215,0.4796345066279173
GER-Bundesliga,1516,Werder Bremen,Zlatko Junuzovic,3,2015,123,301,F M S,30,2360,4,3.6180788967758417,4,3.6180788967758417,10,7.2416037656366825,59,84,6,0,11.695091495290399,5.646665830165148
GER-Bundesliga,1516,Werder Bremen,Özkan Yildirim,3,2015,123,2646,S,1,13,0,0.08313620090484619,0,0.08313620090484619,0,0.0,1,0,0,0,0.08313620090484619,0.0
GER-Bundesliga,1516,Wolfsburg,André Schürrle,3,2015,131,154,F M S,29,1911,9,7.416946612298489,9,7.416946612298489,3,3.1638486683368683,69,20,5,0,13.634378699585795,4.776831839233637
GER-Bundesliga,1516,Wolfsburg,Bas Dost,3,2015,131,158,F S,22,1361,8,8.01923481374979,7,7.261455871164799,2,2.459194790571928,40,13,0,0,10.52121664211154,1.9989934023469687
GER-Bundesliga,1516,Wolfsburg,Bruno Henrique,3,2015,131,2672,F M S,7,248,0,0.21046209707856178,0,0.21046209707856178,1,0.5858050063252449,4,4,1,0,0.9072031825780869,0.5866011753678322
GER-Bundesliga,1516,Wolfsburg,Carlos Ascues,3,2015,131,408,S,1,8,0,0.0,0,0.0,0,0.0,0,0,0,0,0.0,0.0
GER-Bundesliga,1516,Wolfsburg,Christian Träsch,3,2015,131,146,D M S,29,2066,0,0.18232289794832468,0,0.18232289794832468,1,2.2883020909503102,8,26,2,0,11.556515320204198,9.794205276295543
GER-Bundesliga,1516,Wolfsburg,Daniel Caligiuri,3,2015,131,157,F M S,29,1824,2,2.4065824011340737,2,2.4065824011340737,5,3.5135145988315344,41,33,4,0,12.325970544479787,8.345829796046019
GER-Bundesliga,1516,Wolfsburg,Diego Benaglio,3,2015,131,145,GK,21,1890,0,0.0,0,0.0,0,0.0,0,0,1,0,2.6393303023651242,2.6393303023651242
GER-Bundesliga,1516,Wolfsburg,Francisco Rodríguez,3,2015,131,429,S,1,8,0,0.0,0,0.0,0,0.06486599892377853,0,1,0,0,0.38193801045417786,0.38193801045417786
GER-Bundesliga,1516,Wolfsburg,Ismail Azzaoui,3,2015,131,369,S,2,19,0,0.0,0,0.0,0,0.0,0,0,0,0,0.5811319947242737,0.5811319947242737
GER-Bundesliga,1516,Wolfsburg,Ivan Perisic,3,2015,131,448,M,2,164,1,0.12189210020005703,1,0.12189210020005703,0,0.15761820040643215,3,3,0,0,0.31894199550151825,0.03943189978599548
GER-Bundesliga,1516,Wolfsburg,Josuha Guilavogui,3,2015,131,150,M S,30,2332,2,1.6257887165993452,2,1.6257887165993452,0,0.5513491267338395,23,20,3,0,9.202822970226407,8.404609028249979
GER-Bundesliga,1516,Wolfsburg,Kevin De Bruyne,3,2015,131,447,M,2,168,0,0.8674142882227898,0,0.8674142882227898,0,0.010990800336003304,4,1,1,0,1.0220279842615128,0.22327929735183716
GER-Bundesliga,1516,Wolfsburg,Koen Casteels,3,2015,131,159,GK,13,1170,0,0.0,0,0.0,0,0.0,0,0,1,0,0.7840660009533167,0.7840660009533167
GER-Bundesliga,1516,Wolfsburg,Leandro Putaro,3,2015,131,2626,S,4,40,0,0.10223100334405899,0,0.10223100334405899,0,0.0,1,0,0,0,0.12293440289795399,0.020703399553894997
GER-Bundesliga,1516,Wolfsburg,Luiz Gustavo,3,2015,131,387,M,22,1811,1,2.852692144922912,1,2.852692144922912,2,0.5407752096652985,23,7,8,0,7.1024058340117335,5.332788961939514
GER-Bundesliga,1516,Wolfsburg,Marcel Schäfer,3,2015,131,149,D M S,21,1299,1,0.8702943939715624,1,0.8702943939715624,2,3.326819217763841,12,34,1,0,6.168509226292372,4.7715168204158545
GER-Bundesliga,1516,Wolfsburg,Max Kruse,3,2015,131,155,F M S,32,2433,6,8.445127252489328,6,8.445127252489328,6,4.698330918326974,61,55,3,0,19.208274468779564,7.963521898724139
GER-Bundesliga,1516,Wolfsburg,Maximilian Arnold,3,2015,131,153,F M S,31,2038,3,2.237541354727,3,2.237541354727,2,3.9141622418537736,29,47,4,0,12.469272820279002,7.934158773161471
GER-Bundesliga,1516,Wolfsburg,Naldo,3,2015,131,147,D,29,2596,0,1.924788624048233,0,1.924788624048233,1,1.3704051990061998,50,10,2,0,7.968451725319028,7.277245694771409
GER-Bundesliga,1516,Wolfsburg,Nicklas Bendtner,3,2015,131,160,F S,13,412,2,1.9417607001960278,2,1.9417607001960278,0,0.4163370132446289,9,2,2,0,2.3820826318114996,0.11177820153534412
GER-Bundesliga,1516,Wolfsburg,Paul Seguin,3,2015,131,2625,M S,4,176,0,0.14505250193178654,0,0.14505250193178654,0,0.03482950106263161,2,1,0,0,0.19144900143146515,0.011566899716854095
GER-Bundesliga,1516,Wolfsburg,Ricardo Rodríguez,3,2015,131,308,D S,24,2068,2,2.081355968490243,0,0.5658023944124579,3,3.341906518675387,26,36,3,0,7.636166051030159,5.753987442702055
GER-Bundesliga,1516,Wolfsburg,Robin Knoche,3,2015,131,161,D S,11,817,1,0.6706135962158442,1,0.6706135962158442,0,0.05237142089754343,2,3,1,0,1.459144406951964,1.4388703852891922
GER-Bundesliga,1516,Wolfsburg,Sebastian Jung,3,2015,131,156,D S,11,514,0,0.649564616382122,0,0.649564616382122,1,1.426472369581461,4,12,1,0,3.974761327728629,2.3406191281974316
GER-Bundesliga,1516,Wolfsburg,Timm Klose,3,2015,131,162,D S,8,633,1,0.2627786984667182,1,0.2627786984667182,0,0.01917470060288906,4,1,1,0,1.4531928962096572,1.3405166938900948
GER-Bundesliga,1516,Wolfsburg,Vieirinha,3,2015,131,151,D M S,26,1908,1,1.8854230493307114,1,1.8854230493307114,5,3.322785396128893,28,35,3,0,9.122375579550862,5.696257572621107
GER-Bundesliga,1617,Augsburg,Alfred Finnbogason,3,2016,121,2655,F,13,1133,3,4.657983540557325,3,4.657983540557325,1,0.9229725860059261,22,13,1,1,6.766856737434864,1.2587725780904293
GER-Bundesliga,1617,Augsburg,Andreas Luthe,3,2016,121,5260,GK,2,180,0,0.0,0,0.0,0,0.06544889882206917,0,2,0,0,0.04540339857339859,0.0
GER-Bundesliga,1617,Augsburg,Caiuby,3,2016,121,272,M S,5,241,0,0.5286812912672758,0,0.5286812912672758,0,0.05479210056364536,7,2,1,0,0.9040050935000181,0.3955012112855911
GER-Bundesliga,1617,Augsburg,Christoph Janker,3,2016,121,274,D S,15,1087,0,0.046129900962114334,0,0.046129900962114334,0,0.08700449764728546,1,1,4,0,0.9879136839881539,0.9879136839881539
GER-Bundesliga,1617,Augsburg,Daniel Baier,3,2016,121,268,M,27,2402,1,0.5849094949662685,1,0.5849094949662685,3,2.084932528436184,24,32,5,0,6.67235204949975,5.130920538678765
GER-Bundesliga,1617,Augsburg,Dominik Kohr,3,2016,121,269,M S,26,1965,2,2.6205700850114226,2,2.6205700850114226,0,0.6645769802853465,29,12,12,1,5.672757127322257,3.5890994956716895
GER-Bundesliga,1617,Augsburg,Dong-Won Ji,3,2016,121,276,F M S,34,2289,3,3.5874003525823355,3,3.5874003525823355,2,3.5324410209432244,45,27,4,0,9.676595221739262,3.9675064184702933
GER-Bundesliga,1617,Augsburg,Georg Teigl,3,2016,121,5259,M S,18,647,0,0.7689722813665867,0,0.7689722813665867,1,0.5394430160522461,7,5,1,0,1.9183226805180311,0.6099067814648151
GER-Bundesliga,1617,Augsburg,Gojko Kacar,3,2016,121,386,D M S,22,1097,0,0.2766436506062746,0,0.2766436506062746,1,0.2276889942586422,7,7,1,0,2.4198835268616676,2.2412405237555504
GER-Bundesliga,1617,Augsburg,Halil Altintop,3,2016,121,280,F M S,31,1602,6,3.7999961161985993,6,3.7999961161985993,2,1.3146936129778624,16,15,1,0,7.89649170730263,2.958784175105393
GER-Bundesliga,1617,Augsburg,Ja-Cheol Koo,3,2016,121,271,F M S,23,1821,2,2.7016589660197496,2,2.7016589660197496,3,1.7252145064994693,30,18,6,1,6.098485896363854,3.250481895171106
GER-Bundesliga,1617,Augsburg,Jan Morávek,3,2016,121,367,M S,13,703,0,0.20869240164756775,0,0.20869240164756775,0,0.7823254093527794,3,11,2,0,1.7253597304224968,0.784661803394556
GER-Bundesliga,1617,Augsburg,Jan-Ingwer Callsen-Bracker,3,2016,121,266,S,1,1,0,0.0,0,0.0,0,0.0,0,0,0,0,0.02684899978339672,0.02684899978339672
GER-Bundesliga,1617,Augsburg,Jeffrey Gouweleeuw,3,2016,121,2665,D M,18,1550,2,0.899184811860323,2,0.899184811860323,1,0.3650437034666538,7,6,4,0,4.081080322153866,3.4882710380479693
GER-Bundesliga,1617,Augsburg,Jonathan Schmid,3,2016,121,81,M S,25,1713,1,1.6343629080802202,1,1.6343629080802202,3,1.6182132046669722,24,21,1,0,3.499804001301527,1.138404500670731
GER-Bundesliga,1617,Augsburg,Julian Günther-Schmidt,3,2016,121,5313,S,4,40,0,0.6101019978523254,0,0.6101019978523254,0,0.0,3,0,0,0,0.5678328052163124,0.0
GER-Bundesliga,1617,Augsburg,Kevin Danso,3,2016,121,5261,D,7,617,0,0.20167121104896069,0,0.20167121104896069,0,0.047510599717497826,3,2,0,0,0.3054196983575821,0.2579091973602772
GER-Bundesliga,1617,Augsburg,Konstantinos Stafylidis,3,2016,121,368,D M S,27,2252,4,1.6876306477934122,4,1.6876306477934122,0,1.352558584883809,45,16,6,0,4.18593584978953,2.885736098047346
GER-Bundesliga,1617,Augsburg,Markus Feulner,3,2016,121,278,S,1,17,0,0.0,0,0.0,0,0.0,0,0,0,0,0.0,0.0
GER-Bundesliga,1617,Augsburg,Martin Hinteregger,3,2016,121,2668,D,31,2775,3,2.2862860187888145,3,2.2862860187888145,0,0.037932200357317924,26,3,5,0,6.0113186882808805,4.5301982732489705
GER-Bundesliga,1617,Augsburg,Marwin Hitz,3,2016,121,263,GK,32,2880,0,0.04166710004210472,0,0.04166710004210472,0,0.0,1,0,4,0,1.8751592515036464,1.8751592515036464
GER-Bundesliga,1617,Augsburg,Moritz Leitner,3,2016,121,1217,M S,6,231,0,0.3043829910457134,0,0.3043829910457134,0,0.04910789988934994,5,2,0,0,0.7640698850154877,0.4664210006594658
GER-Bundesliga,1617,Augsburg,Paul Verhaegh,3,2016,121,264,D M,31,2766,3,3.192093343939632,0,0.16098607843741775,2,1.4699411448091269,10,12,4,0,5.1181379947811365,4.360647575929761
GER-Bundesliga,1617,Augsburg,Philipp Max,3,2016,121,267,D M S,25,1820,1,0.6143810944631696,1,0.6143810944631696,2,4.6410148767754436,17,27,4,0,7.902015530504286,4.648688799701631
GER-Bundesliga,1617,Augsburg,Raphael Framberger,3,2016,121,4336,D M S,3,144,0,0.0,0,0.0,1,0.6281980276107788,0,2,0,0,0.6281980276107788,0.0
GER-Bundesliga,1617,Augsburg,Raúl Bobadilla,3,2016,121,273,F M S,18,1042,4,2.8522269874811172,4,2.8522269874811172,1,1.2096746172755957,35,15,1,0,5.75641199760139,2.8363995887339115
GER-Bundesliga,1617,Augsburg,Takashi Usami,3,2016,121,5291,M S,11,435,0,0.07667860016226768,0,0.07667860016226768,0,0.13408109918236732,2,4,0,0,0.235470999032259,0.04792559891939163
GER-Bundesliga,1617,Augsburg,Tim Rieder,3,2016,121,2656,M S,5,208,0,0.077749103307724,0,0.077749103307724,0,0.0,1,0,0,0,0.23504969850182533,0.15730059519410133
GER-Bundesliga,1617,Bayer Leverkusen,Admir Mehmedi,3,2016,119,194,F M S,22,1270,3,2.2587048783898354,3,2.2587048783898354,0,0.6466699037700891,16,12,1,0,4.362602112814784,2.594277625903487
GER-Bundesliga,1617,Bayer Leverkusen,Aleksandar Dragovic,3,2016,119,5219,D S,19,1255,0,0.376138299703598,0,0.376138299703598,1,0.48181829042732716,6,4,1,0,1.5695286802947521,1.483517188578844
GER-Bundesliga,1617,Bayer Leverkusen,Benjamin Henrichs,3,2016,119,435,D S,29,2427,0,0.18327590078115463,0,0.18327590078115463,2,1.5116883721202612,7,17,1,0,8.650444589555264,7.445261623710394
GER-Bundesliga,1617,Bayer Leverkusen,Bernd Leno,3,2016,119,181,GK,34,3060,0,0.0,0,0.0,0,0.09844460338354111,0,1,0,0,3.4696623869240284,3.3712177835404873
GER-Bundesliga,1617,Bayer Leverkusen,Charles Aránguiz,3,2016,119,454,M S,26,1828,2,2.649873426184058,1,1.1343164946883917,2,1.6205594129860401,18,19,7,1,8.42251899279654,6.867058562114835
GER-Bundesliga,1617,Bayer Leverkusen,Chicharito,3,2016,119,191,F S,26,1812,11,11.77249076217413,11,10.25717680901289,3,2.6523318011313677,52,22,1,0,13.062140602618456,4.198422223329544
GER-Bundesliga,1617,Bayer Leverkusen,Danny da Costa,3,2016,119,249,D S,3,107,0,0.0,0,0.0,1,0.4240880012512207,0,1,0,0,1.1287930011749268,0.704704999923706
GER-Bundesliga,1617,Bayer Leverkusen,Hakan Calhanoglu,3,2016,119,189,F M S,15,1223,6,4.495478700846434,5,2.9800099954009056,5,3.7134565338492393,47,29,1,0,7.142978526651859,4.036383386701345
GER-Bundesliga,1617,Bayer Leverkusen,Joel Pohjanpalo,3,2016,119,5222,F S,11,180,6,4.089202351868153,6,4.089202351868153,0,0.8296813704073429,18,4,0,0,5.276753015816212,0.49851760268211365
GER-Bundesliga,1617,Bayer Leverkusen,Jonathan Tah,3,2016,119,183,D S,19,1637,1,0.9279959872364998,1,0.9279959872364998,1,0.8872238881886005,10,4,1,0,4.7498979195952415,3.849778737872839
GER-Bundesliga,1617,Bayer Leverkusen,Julian Baumgartlinger,3,2016,119,42,M S,22,1568,0,0.6809728965163231,0,0.6809728965163231,1,1.5393184758722782,13,14,1,0,6.315930048003793,4.4418098367750645
GER-Bundesliga,1617,Bayer Leverkusen,Julian Brandt,3,2016,119,261,F M S,32,2309,3,4.290309775620699,3,4.290309775620699,8,7.616709003224969,46,51,0,0,18.170454561710358,10.133400982245803
GER-Bundesliga,1617,Bayer Leverkusen,Kai Havertz,3,2016,119,5220,F M S,24,1444,4,3.1232595928013325,4,3.1232595928013325,5,3.2124690003693104,30,20,2,0,8.048467747867107,4.268799165263772
GER-Bundesliga,1617,Bayer Leverkusen,Karim Bellarabi,3,2016,119,186,M S,16,1120,2,2.6576666748151183,2,2.6576666748151183,6,3.247317237779498,35,18,4,0,7.09813807439059,2.4295091554522514
GER-Bundesliga,1617,Bayer Leverkusen,Kevin Kampl,3,2016,119,188,F M S,30,2538,1,1.7644140049815178,1,1.7644140049815178,2,3.167139569297433,34,39,4,0,13.388184824958444,10.116250975057483
GER-Bundesliga,1617,Bayer Leverkusen,Kevin Volland,3,2016,119,83,F M S,23,1462,6,5.2238641725853086,5,4.4660881431773305,2,2.9528318382799625,34,25,3,1,8.703981446102262,2.98443790525198
GER-Bundesliga,1617,Bayer Leverkusen,Lars Bender,3,2016,119,421,D M,9,617,0,0.13442819938063622,0,0.13442819938063622,1,1.782523736357689,5,7,4,0,1.9617653265595436,1.1406998112797737
GER-Bundesliga,1617,Bayer Leverkusen,Leon Bailey,3,2016,119,5221,S,8,128,0,0.1643213015049696,0,0.1643213015049696,0,0.22420350648462772,6,3,1,0,0.5765503998845816,0.20938860066235065
GER-Bundesliga,1617,Bayer Leverkusen,Roberto Hilbert,3,2016,119,182,D,7,587,0,0.30995371378958225,0,0.30995371378958225,0,0.45229469425976276,2,9,2,0,1.4988449402153492,0.8829310014843941
GER-Bundesliga,1617,Bayer Leverkusen,Stefan Kießling,3,2016,119,190,F S,20,743,4,5.209765043109655,3,4.451992031186819,1,0.7454613968729973,23,8,0,0,6.266452042385936,1.915065797045827
GER-Bundesliga,1617,Bayer Leverkusen,Tin Jedvaj,3,2016,119,417,D S,18,1424,1,1.3150717914104462,1,1.3150717914104462,0,0.12116999924182892,11,1,2,1,2.071419008076191,1.8793791010975838
GER-Bundesliga,1617,Bayer Leverkusen,Vladlen Yurchenko,3,2016,119,198,M S,3,144,0,0.15121839940547943,0,0.15121839940547943,0,0.0866566002368927,4,1,0,0,0.6147693172097206,0.44980380684137344
GER-Bundesliga,1617,Bayer Leverkusen,Wendell,3,2016,119,185,D S,32,2522,2,0.9890989996492863,2,0.9890989996492863,2,2.0235899100080132,18,27,8,1,10.062359549105167,8.258383084088564
GER-Bundesliga,1617,Bayer Leverkusen,Ömer Toprak,3,2016,119,184,D,25,2107,1,1.5895653637126088,1,0.831789075396955,0,0.3426901139318943,11,2,6,0,4.095648216083646,3.802520202472806
GER-Bundesliga,1617,Bayern Munich,Arjen Robben,3,2016,117,392,F M S,26,1829,13,6.103043120354414,13,6.103043120354414,9,6.79096732661128,83,49,0,0,18.69633474946022,8.544136235490441
GER-Bundesliga,1617,Bayern Munich,Arturo Vidal,3,2016,117,222,M S,27,1825,4,2.6879234071820974,4,2.6879234071820974,2,2.8736253464594483,39,25,8,0,17.24843523837626,14.042169962078333
GER-Bundesliga,1617,Bayern Munich,David Alaba,3,2016,117,391,D S,32,2508,4,1.99041039776057,4,1.99041039776057,4,4.396712113171816,32,34,1,0,17.560940684750676,13.96367009356618
GER-Bundesliga,1617,Bayern Munich,Douglas Costa,3,2016,117,393,F M S,23,1367,4,2.5998621694743633,4,2.5998621694743633,3,4.2170305317267776,42,35,2,0,12.337177127599716,8.84716933220625
GER-Bundesliga,1617,Bayern Munich,Franck Ribéry,3,2016,117,329,F M S,22,1245,5,2.896469824016094,5,2.896469824016094,11,5.291484766639769,21,49,2,0,13.271176755428314,7.569902803748846
GER-Bundesliga,1617,Bayern Munich,Holger Badstuber,3,2016,117,219,D S,11,893,0,0.10117100179195404,0,0.10117100179195404,0,0.10050340183079243,1,4,1,0,2.980482398532331,2.9218463888391852
GER-Bundesliga,1617,Bayern Munich,Javi Martínez,3,2016,117,225,D,25,2140,1,1.3903989307582378,1,1.3903989307582378,1,0.7675094921141863,11,4,5,0,12.36863406188786,11.460637107491493
GER-Bundesliga,1617,Bayern Munich,Joshua Kimmich,3,2016,117,223,D M S,27,1540,6,4.21094605140388,6,4.21094605140388,1,1.604692105203867,31,31,1,0,12.409614089876413,10.134618051350117
GER-Bundesliga,1617,Bayern Munich,Juan Bernat,3,2016,117,414,D S,18,1234,2,1.7176506016403437,2,1.7176506016403437,2,1.660049594938755,11,15,1,0,8.299434207379818,5.371246416121721
GER-Bundesliga,1617,Bayern Munich,Jérôme Boateng,3,2016,117,220,D S,13,824,0,0.10239749681204557,0,0.10239749681204557,1,0.4859626144170761,4,6,1,0,5.571933850646019,5.388705153018236
GER-Bundesliga,1617,Bayern Munich,Kingsley Coman,3,2016,117,226,F M S,19,910,2,2.362615402787924,2,2.362615402787924,1,2.9029746102169156,22,20,1,0,8.736089397221804,3.793570999056101
GER-Bundesliga,1617,Bayern Munich,Manuel Neuer,3,2016,117,217,GK,26,2340,0,0.0,0,0.0,0,0.0,0,0,0,0,5.2101699486374855,5.2101699486374855
GER-Bundesliga,1617,Bayern Munich,Mats Hummels,3,2016,117,373,D S,27,2180,1,2.4194988030940294,1,2.4194988030940294,1,1.6050729788839817,31,10,4,0,13.472530603408813,12.768967792391777
GER-Bundesliga,1617,Bayern Munich,Philipp Lahm,3,2016,117,218,D M S,26,2092,1,1.0092662870883942,1,1.0092662870883942,2,3.473092345520854,7,39,1,0,18.928064299747348,16.204896675422788
GER-Bundesliga,1617,Bayern Munich,Rafinha,3,2016,117,221,D S,20,1019,1,0.5502081029117107,1,0.5502081029117107,1,1.6513897217810154,6,13,2,0,8.328121446073055,7.504005424678326
GER-Bundesliga,1617,Bayern Munich,Renato Sanches,3,2016,117,5228,M S,17,614,0,0.25352159701287746,0,0.25352159701287746,0,0.12458150088787079,12,4,3,0,3.9661783818155527,3.7927993573248386
GER-Bundesliga,1617,Bayern Munich,Robert Lewandowski,3,2016,117,227,F S,33,2781,30,30.09775198623538,25,26.309114795178175,5,5.550536720082164,143,30,5,0,33.58735675364733,7.891288125887513
GER-Bundesliga,1617,Bayern Munich,Sven Ulreich,3,2016,117,231,GK,5,450,0,0.0,0,0.0,0,0.0,0,0,0,0,1.3455897774547338,1.3455897774547338
GER-Bundesliga,1617,Bayern Munich,Thiago Alcántara,3,2016,117,229,M S,27,2291,6,4.9807650074362755,6,4.9807650074362755,5,3.1479863952845335,37,49,4,0,25.885921880602837,20.334679946303368
GER-Bundesliga,1617,Bayern Munich,Thomas Müller,3,2016,117,224,F M S,29,2266,5,8.444377298466861,5,8.444377298466861,12,10.139085609465837,65,60,0,0,22.238704316318035,8.056114802137017
GER-Bundesliga,1617,Bayern Munich,Tom Starke,3,2016,117,2698,GK,3,270,0,0.0,0,0.0,0,0.0,0,0,0,0,0.630064994096756,0.630064994096756
GER-Bundesliga,1617,Bayern Munich,Xabi Alonso,3,2016,117,230,M S,27,1908,3,0.9046830190345645,3,0.9046830190345645,2,3.141130890697241,25,40,6,0,13.776178526692092,12.446378452703357
GER-Bundesliga,1617,Borussia Dortmund,Adrián Ramos,3,2016,129,324,F S,7,356,2,1.1519278986379504,2,1.1519278986379504,1,1.3381488025188446,12,5,2,0,3.3088405542075634,1.4292181581258774
GER-Bundesliga,1617,Borussia Dortmund,André Schürrle,3,2016,129,154,F M S,15,745,2,3.6931876316666603,1,2.9354106560349464,2,1.8279478028416634,36,17,3,0,5.189754284918308,1.468034990131855
GER-Bundesliga,1617,Borussia Dortmund,Christian Pulisic,3,2016,129,2662,F M S,29,1511,3,4.003485923632979,3,4.003485923632979,6,4.7234109081327915,32,25,1,0,11.558981250971556,3.6801264537498355
GER-Bundesliga,1617,Borussia Dortmund,Dzenis Burnic,3,2016,129,5330,D,1,90,0,0.0,0,0.0,0,0.05581580102443695,0,1,1,0,0.10695700347423553,0.0511413998901844
GER-Bundesliga,1617,Borussia Dortmund,Emre Mor,3,2016,129,5272,F M S,12,470,1,1.170033611357212,1,1.170033611357212,2,1.4680177075788379,10,9,0,1,4.300608118996024,1.830351760610938
GER-Bundesliga,1617,Borussia Dortmund,Erik Durm,3,2016,129,2640,D M S,13,974,0,0.7107487851753831,0,0.7107487851753831,2,1.8181957621127367,9,16,1,0,8.218091372400522,6.024397894740105
GER-Bundesliga,1617,Borussia Dortmund,Felix Passlack,3,2016,129,2663,D M S,10,535,0,0.0386928990483284,0,0.0386928990483284,0,0.4016956090927124,3,4,1,0,4.516090027987957,4.333510536700487
GER-Bundesliga,1617,Borussia Dortmund,Gonzalo Castro,3,2016,129,316,M S,28,1936,3,2.3797586197033525,3,2.3797586197033525,6,4.658898917026818,30,42,5,0,15.82176000252366,11.754343551583588
GER-Bundesliga,1617,Borussia Dortmund,Joo-Ho Park,3,2016,129,322,D S,2,65,0,0.0,0,0.0,0,0.05849870853126049,0,2,0,0,0.09437429904937744,0.0358755998313427
GER-Bundesliga,1617,Borussia Dortmund,Julian Weigl,3,2016,129,372,M S,30,2419,0,0.2416686424985528,0,0.2416686424985528,0,0.7143930960446596,7,7,2,0,17.38668937049806,16.638900389894843
GER-Bundesliga,1617,Borussia Dortmund,Lukasz Piszczek,3,2016,129,310,D M S,25,2033,5,2.6324572237208486,5,2.6324572237208486,1,2.149531885050237,19,18,1,0,12.80479983240366,10.11860617250204
GER-Bundesliga,1617,Borussia Dortmund,Marc Bartra,3,2016,129,2453,D S,19,1561,0,1.0605675037950277,0,1.0605675037950277,3,1.6710316967219114,20,9,5,0,8.38677041977644,6.941604435443878
GER-Bundesliga,1617,Borussia Dortmund,Marcel Schmelzer,3,2016,129,313,D M S,26,2196,0,1.1808835892006755,0,1.1808835892006755,1,1.9454242009669542,27,21,3,0,10.868373660370708,8.33579470962286
GER-Bundesliga,1617,Borussia Dortmund,Marco Reus,3,2016,129,319,F M S,17,1194,7,8.953454658389091,5,7.437906637787819,4,4.654693799093366,43,24,1,1,12.987944789230824,4.711976286023855
GER-Bundesliga,1617,Borussia Dortmund,Mario Götze,3,2016,129,422,M S,11,766,1,1.1662427857518196,1,1.1662427857518196,1,1.1874747760593891,6,14,1,0,5.819187983870506,3.8818856850266457
GER-Bundesliga,1617,Borussia Dortmund,Matthias Ginter,3,2016,129,315,D S,29,2474,0,1.4784570708870888,0,1.4784570708870888,1,0.8578099943697453,20,8,4,0,12.168595593422651,11.587840627878904
GER-Bundesliga,1617,Borussia Dortmund,Mikel Merino,3,2016,129,5304,D S,8,288,0,0.5081408945843577,0,0.5081408945843577,0,0.24811739847064018,5,3,1,0,1.5491848662495613,1.4271833151578903
GER-Bundesliga,1617,Borussia Dortmund,Nuri Sahin,3,2016,129,2642,M S,5,231,0,0.06934840232133865,0,0.06934840232133865,0,0.4336792081594467,1,2,1,0,2.6384280025959015,2.135399967432022
GER-Bundesliga,1617,Borussia Dortmund,Ousmane Dembélé,3,2016,129,3226,F M S,32,2042,6,5.106051243841648,6,5.106051243841648,12,11.507413808256388,55,62,7,0,20.956580638885498,7.158096166327596
GER-Bundesliga,1617,Borussia Dortmund,Pierre-Emerick Aubameyang,3,2016,129,318,F S,32,2785,31,31.144994247704744,29,28.113889146596193,2,4.5015602223575115,116,26,3,0,32.586529176682234,3.351819572970271
GER-Bundesliga,1617,Borussia Dortmund,Raphael Guerreiro,3,2016,129,3455,D M S,24,1484,6,4.285503501072526,6,4.285503501072526,3,2.6907918956130743,33,27,0,0,15.21160614490509,9.871940907090902
GER-Bundesliga,1617,Borussia Dortmund,Roman Bürki,3,2016,129,309,GK,27,2430,0,0.0,0,0.0,0,0.0,0,0,2,0,5.895330240949988,5.895330240949988
GER-Bundesliga,1617,Borussia Dortmund,Roman Weidenfeller,3,2016,129,325,GK,7,630,0,0.0,0,0.0,0,0.0,0,0,0,0,1.0831224098801613,1.0831224098801613
GER-Bundesliga,1617,Borussia Dortmund,Sebastian Rode,3,2016,129,228,M S,14,572,1,0.8529390133917332,1,0.8529390133917332,0,0.5680188033729792,5,8,0,0,3.4435459785163403,2.865377262234688
GER-Bundesliga,1617,Borussia Dortmund,Shinji Kagawa,3,2016,129,321,F M S,21,1248,1,2.6782363392412663,1,2.6782363392412663,6,6.0870664678514,20,35,3,0,11.50282222032547,4.6554791536182165
GER-Bundesliga,1617,Borussia Dortmund,Sokratis,3,2016,129,371,D,26,2300,2,1.2939296141266823,2,1.2939296141266823,0,0.8212975058704615,20,6,7,0,8.126697476953268,8.03621145710349
GER-Bundesliga,1617,Borussia Dortmund,Sven Bender,3,2016,129,311,D S,6,273,0,0.08302300050854683,0,0.08302300050854683,1,0.046315401792526245,2,1,0,0,1.1230721063911915,1.1230721063911915
GER-Bundesliga,1617,Borussia M.Gladbach,Andreas Christensen,3,2016,130,200,D M,31,2783,2,1.6355500407516956,2,1.6355500407516956,0,0.4492213875055313,13,4,1,0,6.20200121961534,5.610993122681975
GER-Bundesliga,1617,Borussia M.Gladbach,André Hahn,3,2016,130,412,F M S,30,1599,3,4.364321760833263,3,3.6065457612276077,1,0.8580067111179233,34,13,3,0,5.286579094827175,1.5794875966385007
GER-Bundesliga,1617,Borussia M.Gladbach,Ba-Muaka Simakala,3,2016,130,5326,S,1,10,0,0.0,0,0.0,0,0.0,0,0,0,0,0.04157890006899834,0.04157890006899834
GER-Bundesliga,1617,Borussia M.Gladbach,Christoph Kramer,3,2016,130,187,M S,24,1964,0,0.05611949786543846,0,0.05611949786543846,4,2.0700715826824307,2,11,5,1,6.227929293178022,4.562961204908788
GER-Bundesliga,1617,Borussia M.Gladbach,Djibril Sow,3,2016,130,2624,S,1,1,0,0.0,0,0.0,0,0.0,0,0,0,0,0.0,0.0
GER-Bundesliga,1617,Borussia M.Gladbach,Fabian Johnson,3,2016,130,327,D F M S,21,1247,3,3.732926830649376,3,3.732926830649376,2,2.016583316028118,23,19,1,0,7.7709939777851105,3.138409949839115
GER-Bundesliga,1617,Borussia M.Gladbach,Ibrahima Traoré,3,2016,130,207,M S,14,844,1,0.4029382951557636,1,0.4029382951557636,3,2.7804752066731453,9,25,0,0,3.98595835827291,1.774653796106577
GER-Bundesliga,1617,Borussia M.Gladbach,Jannik Vestergaard,3,2016,130,111,D S,34,2650,4,3.6155532021075487,4,3.6155532021075487,1,0.743923008441925,35,5,1,0,6.603209228254855,5.817854409106076
GER-Bundesliga,1617,Borussia M.Gladbach,Jonas Hofmann,3,2016,130,320,F M S,21,1382,0,2.5584795996546745,0,2.5584795996546745,1,1.8302063783630729,25,16,0,0,7.504197522997856,3.995396020822227
GER-Bundesliga,1617,Borussia M.Gladbach,Josip Drmic,3,2016,130,209,F S,12,270,0,1.4026401787996292,0,1.4026401787996292,0,0.5015928782522678,10,3,0,0,2.2288758978247643,0.40397701412439346
GER-Bundesliga,1617,Borussia M.Gladbach,Julian Korb,3,2016,130,203,D M S,12,752,0,0.11919309943914413,0,0.11919309943914413,0,0.6850024461746216,2,7,0,0,2.4078562259674072,1.6588591113686562
GER-Bundesliga,1617,Borussia M.Gladbach,Lars Stindl,3,2016,130,208,F M S,30,2597,11,9.092252761125565,11,8.334473818540573,3,2.9696911005303264,68,38,8,0,17.72290614247322,8.220788089558482
GER-Bundesliga,1617,Borussia M.Gladbach,László Bénes,3,2016,130,5258,M S,8,286,1,0.06467519886791706,1,0.06467519886791706,0,0.12884726747870445,3,6,0,0,1.1396544985473156,1.0229155831038952
GER-Bundesliga,1617,Borussia M.Gladbach,Mahmoud Dahoud,3,2016,130,205,M S,28,2286,2,2.341356026008725,2,2.341356026008725,6,4.402352931909263,44,29,3,0,14.505004031583667,9.996676926501095
GER-Bundesliga,1617,Borussia M.Gladbach,Nico Elvedi,3,2016,130,212,D S,25,2115,0,0.3870654059574008,0,0.3870654059574008,0,0.6491094063967466,6,10,4,0,5.531763250008225,5.310256032273173
GER-Bundesliga,1617,Borussia M.Gladbach,Nico Schulz,3,2016,130,433,D S,12,407,1,0.13095039874315262,1,0.13095039874315262,2,0.7561400234699249,4,3,1,0,1.8029264137148857,0.9625100120902061
GER-Bundesliga,1617,Borussia M.Gladbach,Oscar Wendt,3,2016,130,206,D M,28,2463,2,2.2728223176673055,2,2.2728223176673055,2,2.705139497295022,26,26,3,0,7.927993184886873,4.863827326335013
GER-Bundesliga,1617,Borussia M.Gladbach,Patrick Herrmann,3,2016,130,420,M S,18,700,1,1.4277272894978523,1,1.4277272894978523,1,1.27200878970325,8,13,1,0,4.0200957134366035,1.4955151956528425
GER-Bundesliga,1617,Borussia M.Gladbach,Raffael,3,2016,130,210,F S,20,1505,7,6.63950087223202,6,5.881727830506861,0,3.8743096590042114,46,44,1,0,11.908588109537959,4.530706946738064
GER-Bundesliga,1617,Borussia M.Gladbach,Thorgan Hazard,3,2016,130,213,F M S,23,1631,6,5.565130988135934,6,4.807353967800736,4,2.502633225172758,42,32,3,0,8.327637693844736,2.4290121058002114
GER-Bundesliga,1617,Borussia M.Gladbach,Timothée Kolodziejczak,3,2016,130,2063,S,1,7,0,0.0,0,0.0,0,0.0,0,0,0,0,0.0,0.0
GER-Bundesliga,1617,Borussia M.Gladbach,Tobias Strobl,3,2016,130,79,D M S,23,1562,0,0.32109140511602163,0,0.32109140511602163,2,2.4743027687072754,8,9,6,1,3.4478392899036407,2.418478723615408
GER-Bundesliga,1617,Borussia M.Gladbach,Tony Jantschke,3,2016,130,201,D M S,22,1490,0,0.15197350084781647,0,0.15197350084781647,0,0.2644006982445717,2,3,3,0,4.592294097878039,4.3278864258900285
GER-Bundesliga,1617,Borussia M.Gladbach,Yann Sommer,3,2016,130,199,GK,34,3060,0,0.0,0,0.0,0,0.0,0,0,1,0,2.4321508342400193,2.4321508342400193
GER-Bundesliga,1617,Darmstadt,Alexander Milosevic,3,2016,127,2669,D,18,1601,0,0.9614403061568737,0,0.9614403061568737,0,0.13191249873489141,10,2,4,0,1.4593129819259048,1.4381168819963932
GER-Bundesliga,1617,Darmstadt,Antonio-Mirko Colak,3,2016,127,5282,F S,22,1267,4,5.057787640020251,3,3.542233830317855,1,0.3263005930930376,32,7,0,1,3.952413136139512,0.5053626038134098
GER-Bundesliga,1617,Darmstadt,Artem Fedetskyy,3,2016,127,5284,D S,16,1106,0,0.1287882011383772,0,0.1287882011383772,0,0.12420729920268059,4,4,4,0,0.779635114595294,0.7315371129661798
GER-Bundesliga,1617,Darmstadt,Aytac Sulu,3,2016,127,4,D,27,2430,2,3.069521613419056,2,3.069521613419056,0,0.18284430541098118,25,3,7,0,1.9105489365756512,1.8806099407374859
GER-Bundesliga,1617,Darmstadt,Benjamin Gorka,3,2016,127,450,S,1,5,0,0.0,0,0.0,0,0.0,0,0,0,0,0.0,0.0
GER-Bundesliga,1617,Darmstadt,Daniel Heuer Fernandes,3,2016,127,5283,GK S,7,574,0,0.0,0,0.0,0,0.0,0,0,0,0,0.6605381034314632,0.6605381034314632
GER-Bundesliga,1617,Darmstadt,Denys Oliinyk,3,2016,127,5341,S,4,45,1,0.6216049790382385,1,0.6216049790382385,0,0.054825399070978165,1,1,0,0,0.769896088168025,0.09346559830009937
GER-Bundesliga,1617,Darmstadt,Dominik Stroh-Engel,3,2016,127,16,S,4,39,0,0.0,0,0.0,0,0.07422170042991638,0,1,0,0,0.07422170042991638,0.0
GER-Bundesliga,1617,Darmstadt,Fabian Holland,3,2016,127,5,D S,26,2258,0,0.2754415115341544,0,0.2754415115341544,0,0.8840806037187576,2,12,2,0,2.1720656007528305,1.6826917985454202
GER-Bundesliga,1617,Darmstadt,Felix Platte,3,2016,127,404,F M S,9,470,2,1.37934710085392,2,1.37934710085392,1,0.5343271046876907,12,3,1,0,1.9702237322926521,0.0960248988121748
GER-Bundesliga,1617,Darmstadt,Florian Jungwirth,3,2016,127,7,D M S,16,1142,0,0.29200623370707035,0,0.29200623370707035,0,0.649888290092349,10,5,2,0,1.9511900395154953,1.7945771180093288
GER-Bundesliga,1617,Darmstadt,Hamit Altintop,3,2016,127,5280,M S,16,1361,0,1.3158582895994186,0,0.5580814033746719,0,0.5614244863390923,20,11,3,0,2.790779260918498,2.2359248092398047
GER-Bundesliga,1617,Darmstadt,Immanuel Höhn,3,2016,127,4288,D,12,1069,0,0.0499909995123744,0,0.0499909995123744,0,0.07110450137406588,2,4,3,0,0.9492741823196411,0.8911106325685978
GER-Bundesliga,1617,Darmstadt,Jan Rosenthal,3,2016,127,10,F M S,19,833,0,1.4624520801007748,0,1.4624520801007748,0,0.6537730973213911,16,7,3,0,2.862549999728799,1.2237862050533295
GER-Bundesliga,1617,Darmstadt,Jérôme Gondorf,3,2016,127,8,M,29,2557,3,4.102951543405652,2,3.3451747614890337,4,2.6765644922852516,31,36,7,0,7.718501171097159,4.268129835836589
GER-Bundesliga,1617,Darmstadt,Leon Guwara,3,2016,127,2692,D M S,17,1095,0,0.05805519875138998,0,0.05805519875138998,0,0.8551314882934093,2,10,1,1,2.1995931547135115,1.9251682590693235
GER-Bundesliga,1617,Darmstadt,László Kleinheisler,3,2016,127,2647,M S,12,789,1,0.5470486963167787,1,0.5470486963167787,1,0.3841189853847027,14,3,0,0,0.7467910014092922,0.30815310403704643
GER-Bundesliga,1617,Darmstadt,Marcel Heller,3,2016,127,6,M S,32,2723,3,3.2725533498451114,3,3.2725533498451114,3,5.181917242705822,42,30,2,0,9.890125639736652,3.5915968464687467
GER-Bundesliga,1617,Darmstadt,Mario Vrancic,3,2016,127,12,M S,23,1543,4,2.4744467306882143,3,1.7166704181581736,2,4.106272605247796,30,52,1,1,4.517206035554409,2.9435431603342295
GER-Bundesliga,1617,Darmstadt,Markus Steinhöfer,3,2016,127,5281,D M S,7,315,0,0.2243523020297289,0,0.2243523020297289,1,0.3097048047930002,3,6,0,0,0.5595384128391743,0.12088189646601677
GER-Bundesliga,1617,Darmstadt,Michael Esser,3,2016,127,5277,GK,28,2486,0,0.07593079656362534,0,0.07593079656362534,0,0.0,1,0,3,0,0.9778641955927014,0.9778641955927014
GER-Bundesliga,1617,Darmstadt,Patrick Banggaard,3,2016,127,5278,D,9,810,0,0.2989438995718956,0,0.2989438995718956,0,0.0,5,0,4,0,0.46533889696002007,0.46533889696002007
GER-Bundesliga,1617,Darmstadt,Peter Niemeyer,3,2016,127,299,D M S,15,1116,0,0.5327275451272726,0,0.5327275451272726,0,0.05855439975857735,4,1,6,1,1.9414475336670876,1.8738520219922066
GER-Bundesliga,1617,Darmstadt,Roman Bezjak,3,2016,127,5333,M S,11,594,0,0.7789094895124435,0,0.7789094895124435,0,0.28577200416475534,9,6,0,0,1.0061012096703053,0.46654970943927765
GER-Bundesliga,1617,Darmstadt,Sandro Sirigu,3,2016,127,380,D M S,30,1803,2,0.6951538063585758,2,0.6951538063585758,1,2.027827300131321,18,14,4,1,4.342715974897146,2.478693086653948
GER-Bundesliga,1617,Darmstadt,Sidney Sam,3,2016,127,2690,M S,13,884,2,2.8160417526960373,0,1.300488106906414,1,0.9235375812277198,13,6,1,0,3.2273146975785494,1.0878332052379847
GER-Bundesliga,1617,Darmstadt,Silas Zehnder,3,2016,127,5364,S,1,1,0,0.0,0,0.0,0,0.0,0,0,0,0,0.0,0.0
GER-Bundesliga,1617,Darmstadt,Sven Schipplock,3,2016,127,176,F S,23,1101,2,1.7209739349782467,2,1.7209739349782467,0,0.7332540024071932,16,9,3,0,2.278638906776905,0.127947099506855
GER-Bundesliga,1617,Darmstadt,Terrence Boyd,3,2016,127,5308,F S,7,381,1,0.6888694111257792,1,0.6888694111257792,0,0.0839726971462369,5,2,1,0,0.3207403076812625,0.04191340133547783
GER-Bundesliga,1617,Darmstadt,Victor Obinna,3,2016,127,5332,S,2,37,0,0.026371700689196587,0,0.026371700689196587,0,0.06630969792604446,1,2,0,0,0.0926814004778862,0.0
GER-Bundesliga,1617,Darmstadt,Wilson Kamavuaka,3,2016,127,5279,M S,8,510,0,0.058045560494065285,0,0.058045560494065285,0,0.025809300132095814,2,2,2,0,1.0031773215159774,0.9875905215740204
GER-Bundesliga,1617,Darmstadt,Änis Ben-Hatira,3,2016,127,2648,M S,11,591,1,1.088854968547821,1,1.088854968547821,0,0.4250685069710016,10,5,3,0,1.236569195985794,0.2150001972913742
GER-Bundesliga,1617,Eintracht Frankfurt,Alexander Meier,3,2016,132,356,F M S,21,1399,5,6.101357277482748,5,4.585799302905798,2,1.4745034836232662,43,11,1,0,5.265117332339287,1.441727377474308
GER-Bundesliga,1617,Eintracht Frankfurt,Andersson Ordóñez,3,2016,132,5233,D S,4,187,0,0.0,0,0.0,0,0.0,0,0,0,0,0.27763139456510544,0.27763139456510544
GER-Bundesliga,1617,Eintracht Frankfurt,Ante Rebic,3,2016,132,1852,F M S,24,1406,2,4.355638548731804,2,4.355638548731804,2,3.0649318248033524,44,29,10,0,7.363882079720497,1.333380814641714
GER-Bundesliga,1617,Eintracht Frankfurt,Aymen Barkok,3,2016,132,5235,M S,18,643,2,1.1364613641053438,2,1.1364613641053438,2,0.9720288887619972,8,9,1,0,3.4808717351406813,1.4637737032026052
GER-Bundesliga,1617,Eintracht Frankfurt,Bastian Oczipka,3,2016,132,285,D M,33,2954,1,0.28671576641499996,1,0.28671576641499996,4,3.246681472286582,11,37,5,0,9.743416454643011,8.22281642537564
GER-Bundesliga,1617,Eintracht Frankfurt,Branimir Hrgota,3,2016,132,216,F M S,28,1761,5,7.43763299100101,5,7.43763299100101,1,2.886990074068308,38,16,2,0,12.296701416373253,3.9424909725785255
GER-Bundesliga,1617,Eintracht Frankfurt,Danny Blum,3,2016,132,5236,M S,14,444,1,1.9422126905992627,1,1.9422126905992627,1,1.2662041615694761,23,6,0,0,3.138514779508114,0.0619868990033865
GER-Bundesliga,1617,Eintracht Frankfurt,David Abraham,3,2016,132,283,D,30,2583,1,0.9798170030117035,1,0.9798170030117035,2,1.1915332712233067,17,10,5,1,5.655078295618296,5.396024663001299
GER-Bundesliga,1617,Eintracht Frankfurt,Guillermo Varela,3,2016,132,547,D M S,7,429,0,0.0,0,0.0,0,0.0831203032284975,0,2,1,0,0.5910212937742472,0.5079009905457497
GER-Bundesliga,1617,Eintracht Frankfurt,Haris Seferovic,3,2016,132,291,F M S,25,1055,3,4.280140370130539,3,4.280140370130539,0,1.3105124291032553,31,11,1,1,6.030860556289554,1.7429089900106192
GER-Bundesliga,1617,Eintracht Frankfurt,Heinz Lindner,3,2016,132,295,GK S,2,175,0,0.0,0,0.0,0,0.0,0,0,0,0,0.0,0.0
GER-Bundesliga,1617,Eintracht Frankfurt,Jesús Vallejo,3,2016,132,5234,D S,25,2052,1,0.8067874303087592,1,0.8067874303087592,0,0.09807949885725975,5,3,4,0,4.20732737146318,4.20732737146318
GER-Bundesliga,1617,Eintracht Frankfurt,Lukas Hradecky,3,2016,132,281,GK,33,2882,0,0.0,0,0.0,0,0.01531209982931614,0,1,2,1,4.404610134661198,4.389298133552074
GER-Bundesliga,1617,Eintracht Frankfurt,Makoto Hasebe,3,2016,132,282,D M S,22,1890,1,1.7415449535474181,0,0.22599200066179037,1,1.0709027154371142,8,15,2,0,5.674557317048311,4.955832589417696
GER-Bundesliga,1617,Eintracht Frankfurt,Marc Stendera,3,2016,132,289,M,2,133,0,0.0,0,0.0,0,0.0,0,0,0,0,0.0,0.0
GER-Bundesliga,1617,Eintracht Frankfurt,Marco Fabián,3,2016,132,2661,F M S,24,2055,7,8.319463157095015,6,6.803911061026156,4,3.1373355891555548,64,35,10,0,10.928261226043105,2.6839120872318745
GER-Bundesliga,1617,Eintracht Frankfurt,Marco Russ,3,2016,132,293,D S,4,240,0,0.18950530141592026,0,0.18950530141592026,0,0.0,4,0,1,0,0.1057949997484684,0.08878380060195923
GER-Bundesliga,1617,Eintracht Frankfurt,Marius Wolf,3,2016,132,2693,M S,3,169,0,0.03435689955949783,0,0.03435689955949783,0,0.2154500037431717,1,2,1,0,0.16348239872604609,0.03689050022512674
GER-Bundesliga,1617,Eintracht Frankfurt,Max Besuschkow,3,2016,132,5289,M S,3,85,0,0.04339040070772171,0,0.04339040070772171,0,0.08499989658594131,1,2,1,0,0.025578800588846207,0.025578800588846207
GER-Bundesliga,1617,Eintracht Frankfurt,Michael Hector,3,2016,132,5274,D S,22,1358,1,0.3060884214937687,1,0.3060884214937687,0,0.0,7,0,4,1,2.013700172305107,1.8874711692333221
GER-Bundesliga,1617,Eintracht Frankfurt,Mijat Gacinovic,3,2016,132,290,F M S,28,2245,2,2.9234536518342793,2,2.9234536518342793,0,1.5315202083438635,29,14,9,0,7.077973607927561,3.774680269882083
GER-Bundesliga,1617,Eintracht Frankfurt,Omar Mascarell,3,2016,132,2456,M S,28,2450,0,0.446961403824389,0,0.446961403824389,0,1.251864479854703,12,14,13,0,7.7590022552758455,6.210848283022642
GER-Bundesliga,1617,Eintracht Frankfurt,Shani Tarashaj,3,2016,132,5290,M S,13,313,1,0.9057503119111061,1,0.9057503119111061,0,0.02941250056028366,6,2,1,0,2.704670268110931,1.781824397854507
GER-Bundesliga,1617,Eintracht Frankfurt,Szabolcs Huszti,3,2016,132,2660,M S,15,1060,2,0.9784031230956316,2,0.9784031230956316,2,0.6034899046644568,11,16,3,1,3.9845774974673986,2.9326754193753004
GER-Bundesliga,1617,Eintracht Frankfurt,Taleb Tawatha,3,2016,132,5312,D M S,14,690,0,0.16931339353322983,0,0.16931339353322983,0,1.7433392573148012,2,10,0,0,2.3402490485459566,1.1403551744297147
GER-Bundesliga,1617,Eintracht Frankfurt,Timothy Chandler,3,2016,132,359,D M S,32,2815,0,1.1488793091848493,0,1.1488793091848493,3,4.53511406108737,18,35,7,1,10.174919927492738,6.134316259995103
GER-Bundesliga,1617,FC Cologne,Anthony Modeste,3,2016,134,137,F,34,2983,25,20.45860643684864,22,17.427740216255188,2,1.8527978155761957,101,19,3,0,18.94515658542514,4.138788845390081
GER-Bundesliga,1617,FC Cologne,Artjoms Rudnevs,3,2016,134,2666,F M S,18,671,3,3.206462695263326,3,3.206462695263326,3,2.7666422091424465,21,16,3,0,6.821681924164295,0.9489655047655106
GER-Bundesliga,1617,FC Cologne,Christian Clemens,3,2016,134,49,F M S,15,983,1,1.8691251892596483,1,1.8691251892596483,1,0.8716392032802105,15,8,2,0,2.9121794681996107,0.8567521069198847
GER-Bundesliga,1617,FC Cologne,Dominic Maroh,3,2016,134,130,D S,12,640,0,0.12854849733412266,0,0.12854849733412266,0,0.0,3,0,3,0,1.7231607884168625,1.7231607884168625
GER-Bundesliga,1617,FC Cologne,Dominique Heintz,3,2016,134,129,D M S,32,2775,0,0.7626024093478918,0,0.7626024093478918,0,0.5690568052232265,6,10,7,0,7.651257737539709,7.237905242480338
GER-Bundesliga,1617,FC Cologne,Filip Mladenovic,3,2016,134,2644,S,2,9,0,0.0,0,0.0,0,0.0,0,0,0,0,0.0,0.0
GER-Bundesliga,1617,FC Cologne,Frederik Sörensen,3,2016,134,138,D M S,31,2679,0,0.8891154890879989,0,0.8891154890879989,2,1.6966013126075268,19,17,5,0,8.975207568146288,7.499346716329455
GER-Bundesliga,1617,FC Cologne,Jonas Hector,3,2016,134,131,D M,33,2970,1,0.9697816092520952,1,0.9697816092520952,2,3.735418139025569,15,37,6,0,14.47578408755362,12.229183154646307
GER-Bundesliga,1617,FC Cologne,Konstantin Rausch,3,2016,134,13,D M S,28,1940,0,1.314942085184157,0,1.314942085184157,2,2.7368439957499504,25,28,4,0,7.915914323180914,5.299581071827561
GER-Bundesliga,1617,FC Cologne,Leonardo Bittencourt,3,2016,134,262,F M S,16,983,3,4.503080697730184,3,4.503080697730184,5,3.5929458076134324,22,15,3,0,9.675838032737374,3.551161678507924
GER-Bundesliga,1617,FC Cologne,Lukas Klünter,3,2016,134,403,D,8,720,1,0.13014400005340576,1,0.13014400005340576,1,2.090016007423401,2,4,4,0,2.943749852478504,1.6683158352971077
GER-Bundesliga,1617,FC Cologne,Marcel Hartel,3,2016,134,2645,S,2,90,0,0.5551669895648956,0,0.5551669895648956,0,0.0,4,0,0,0,1.1574710458517075,0.6161123067140579
GER-Bundesliga,1617,FC Cologne,Marcel Risse,3,2016,134,134,M,13,1103,2,1.445099700242281,2,1.445099700242281,4,3.0172883681952953,22,21,1,0,8.492035768926144,5.716329015791416
GER-Bundesliga,1617,FC Cologne,Marco Höger,3,2016,134,427,M S,30,2063,0,0.26331719756126404,0,0.26331719756126404,1,1.901286456733942,8,17,7,0,10.6941624507308,8.864625815302134
GER-Bundesliga,1617,FC Cologne,Matthias Lehmann,3,2016,134,132,M,21,1824,0,0.2060169605538249,0,0.2060169605538249,2,0.8330767722800374,10,11,7,0,6.5232830829918385,5.542278058826923
GER-Bundesliga,1617,FC Cologne,Mergim Mavraj,3,2016,134,2643,D,30,2700,0,0.7359934039413929,0,0.7359934039413929,0,0.0,14,0,5,0,5.76156669575721,5.7450266955420375
GER-Bundesliga,1617,FC Cologne,Milos Jojic,3,2016,134,144,M S,19,1091,4,1.475647596642375,4,1.475647596642375,4,2.1367361303418875,18,21,2,0,5.188432913273573,2.742893456481397
GER-Bundesliga,1617,FC Cologne,Neven Subotic,3,2016,134,312,D S,12,885,0,0.14930700231343508,0,0.14930700231343508,0,0.0,2,0,1,0,1.2851735018193722,1.2851735018193722
GER-Bundesliga,1617,FC Cologne,Pawel Olkowski,3,2016,134,128,D M S,14,1105,0,0.03020779974758625,0,0.03020779974758625,1,0.8474940117448568,2,8,2,0,2.271455802023411,1.411096502095461
GER-Bundesliga,1617,FC Cologne,Salih Özcan,3,2016,134,5294,M S,13,359,0,0.19032444059848785,0,0.19032444059848785,2,1.3559579849243164,4,3,0,1,2.3507639802992344,0.8044813945889473
GER-Bundesliga,1617,FC Cologne,Serhou Guirassy,3,2016,134,3738,S,6,77,0,0.5537970066070557,0,0.5537970066070557,0,0.0,1,0,2,0,0.5537970066070557,0.5537970066070557
GER-Bundesliga,1617,FC Cologne,Simon Zoller,3,2016,134,139,F M S,26,1018,2,1.9295525206252933,2,1.9295525206252933,2,1.03561469912529,13,8,3,0,6.339315928518772,3.5024449676275253
GER-Bundesliga,1617,FC Cologne,Sven Müller,3,2016,134,5295,GK,1,90,0,0.0,0,0.0,0,0.0,0,0,0,0,0.1718669980764389,0.1718669980764389
GER-Bundesliga,1617,FC Cologne,Thomas Kessler,3,2016,134,142,GK,13,1170,0,0.0,0,0.0,0,0.010133800096809864,0,1,1,0,0.7793834200128913,0.7692496199160814
GER-Bundesliga,1617,FC Cologne,Timo Horn,3,2016,134,127,GK,20,1800,0,0.0,0,0.0,0,0.026456700637936592,0,1,0,0,1.3394730840809643,1.3130161841399968
GER-Bundesliga,1617,FC Cologne,Yuya Osako,3,2016,134,135,F M S,30,2382,7,4.768906065728515,7,4.768906065728515,6,5.222213642671704,43,33,4,0,13.338144436478615,5.115014272741973
GER-Bundesliga,1617,Freiburg,Aleksandar Ignjovski,3,2016,135,297,D M S,19,1048,0,0.05903170071542263,0,0.05903170071542263,0,0.0976083017885685,3,3,2,0,2.3422277867794037,2.1855875942856073
GER-Bundesliga,1617,Freiburg,Alexander Schwolow,3,2016,135,5262,GK,34,3060,0,0.0,0,0.0,0,0.06419220194220543,0,2,1,0,2.3249614164233208,2.2607693132013083
GER-Bundesliga,1617,Freiburg,Amir Abrashi,3,2016,135,5265,M S,20,1321,1,0.3002439960837364,1,0.3002439960837364,0,0.23568559996783733,9,7,3,0,2.2577873785048723,1.7880579866468906
GER-Bundesliga,1617,Freiburg,Caglar Söyüncü,3,2016,135,5264,D,24,2074,0,0.5249076979234815,0,0.5249076979234815,1,0.6583018079400063,10,4,4,0,2.4278930984437466,1.8559498898684978
GER-Bundesliga,1617,Freiburg,Christian Günter,3,2016,135,4243,D M S,31,2696,0,0.36938879266381264,0,0.36938879266381264,2,1.7591025941073895,15,29,5,1,4.7004895228892565,2.9960609981790185
GER-Bundesliga,1617,Freiburg,Florian Niederlechner,3,2016,135,306,F S,34,2440,11,10.81859162542969,8,8.54526546690613,2,1.729306485503912,78,17,4,0,10.007859809324145,1.3486017091199756
GER-Bundesliga,1617,Freiburg,Georg Niedermeier,3,2016,135,58,S,6,86,0,0.09523499757051468,0,0.09523499757051468,0,0.033713601529598236,1,1,0,0,0.2813119888305664,0.2813119888305664
GER-Bundesliga,1617,Freiburg,Håvard Nielsen,3,2016,135,5269,S,4,24,0,0.0,0,0.0,1,0.05402329936623573,0,1,0,0,0.05402329936623573,0.0
GER-Bundesliga,1617,Freiburg,Janik Haberer,3,2016,135,4271,F M S,32,1952,3,2.4914188142865896,3,2.4914188142865896,4,3.564604055136442,30,35,7,0,8.852733712643385,3.734023632481694
GER-Bundesliga,1617,Freiburg,Jonas Föhrenbach,3,2016,135,5347,D S,3,102,0,0.0,0,0.0,0,0.0,0,0,0,0,0.2602219879627228,0.2602219879627228
GER-Bundesliga,1617,Freiburg,Jonas Meffert,3,2016,135,5346,M,1,58,0,0.0,0,0.0,0,0.02491920068860054,0,1,0,0,0.12262199819087982,0.09770260006189346
GER-Bundesliga,1617,Freiburg,Julian Schuster,3,2016,135,4245,D M S,13,846,0,0.06648620031774044,0,0.06648620031774044,0,0.37030290625989437,3,6,3,0,1.6570905800908804,1.354024514555931
GER-Bundesliga,1617,Freiburg,Karim Guédé,3,2016,135,4244,F S,5,187,0,0.22136089950799942,0,0.22136089950799942,0,0.019861800596117973,3,1,0,0,0.31275670789182186,0.07153459638357162
GER-Bundesliga,1617,Freiburg,Lukas Kübler,3,2016,135,5263,D M S,16,1164,0,0.2343726959079504,0,0.2343726959079504,1,0.927404522895813,4,6,1,0,1.4998465813696384,1.123519890010357
GER-Bundesliga,1617,Freiburg,Manuel Gulde,3,2016,135,5292,D S,20,1688,0,0.15469840541481972,0,0.15469840541481972,0,0.03674690052866936,2,1,2,0,1.004896804690361,1.004896804690361
GER-Bundesliga,1617,Freiburg,Marc Torrejón,3,2016,135,4252,D S,12,932,0,0.2652279082685709,0,0.2652279082685709,0,0.04774089902639389,6,1,1,0,1.855713319964707,1.7460384266451001
GER-Bundesliga,1617,Freiburg,Marc-Oliver Kempf,3,2016,135,4291,D S,13,1147,0,0.20854059606790543,0,0.20854059606790543,0,0.35104249883443117,3,4,2,0,2.453978095203638,2.41377579793334
GER-Bundesliga,1617,Freiburg,Mats Møller Dæhli,3,2016,135,4339,S,2,20,0,0.0,0,0.0,0,0.0,0,0,0,0,0.12892700731754303,0.12892700731754303
GER-Bundesliga,1617,Freiburg,Maximilian Philipp,3,2016,135,4247,F M S,25,1944,9,5.96579906065017,9,5.208027032203972,2,2.9335761042311788,53,26,5,0,6.2844589138403535,1.6769983973354101
GER-Bundesliga,1617,Freiburg,Mike Frantz,3,2016,135,4246,M S,30,2507,0,1.7229240257292986,0,1.7229240257292986,1,1.4663327001035213,23,26,2,0,4.326974511146545,2.1694923331961036
GER-Bundesliga,1617,Freiburg,Nicolas Höfler,3,2016,135,4250,D M S,28,2367,1,0.3615517020225525,1,0.3615517020225525,1,1.0330331213772297,7,9,7,0,6.820789836347103,5.779431410133839
GER-Bundesliga,1617,Freiburg,Nils Petersen,3,2016,135,4248,F S,33,1211,10,9.998764891177416,8,7.72543924394995,4,1.3219555970281363,51,16,0,0,7.989752314053476,0.8738949112594128
GER-Bundesliga,1617,Freiburg,Onur Bulut,3,2016,135,5267,F M S,21,1000,0,0.43135521188378334,0,0.43135521188378334,1,0.9392024874687195,9,12,3,0,1.864676283672452,0.6784582016989589
GER-Bundesliga,1617,Freiburg,Pascal Stenzel,3,2016,135,326,D M S,19,1300,1,0.4132958259433508,1,0.4132958259433508,1,0.7819708231836557,13,9,3,0,3.6130729923024774,2.7733853850513697
GER-Bundesliga,1617,Freiburg,Vincenzo Grifo,3,2016,135,5266,F M S,30,2492,6,5.373061476275325,5,4.615284590050578,8,5.807442771270871,83,70,1,0,9.681026013568044,4.845142871141434
GER-Bundesliga,1617,Hamburger SV,Aaron Hunt,3,2016,118,174,F M S,22,1306,4,2.6915885247290134,4,1.9338115341961384,2,1.635068405419588,14,26,3,0,3.2063252050429583,0.9366909060627222
GER-Bundesliga,1617,Hamburger SV,Albin Ekdal,3,2016,118,411,D M S,21,1244,1,0.37032119929790497,1,0.37032119929790497,1,0.0551713015884161,6,2,2,1,2.080985801294446,1.8382079172879457
GER-Bundesliga,1617,Hamburger SV,Alen Halilovic,3,2016,118,2215,M S,6,133,0,0.018533900380134583,0,0.018533900380134583,0,0.0,1,0,0,0,0.08610720280557871,0.08610720280557871
GER-Bundesliga,1617,Hamburger SV,Ashton Götz,3,2016,118,304,D,1,66,0,0.0,0,0.0,0,0.0,0,0,1,0,0.0,0.0
GER-Bundesliga,1617,Hamburger SV,Bakery Jatta,3,2016,118,5225,M S,6,174,0,0.46474239602684975,0,0.46474239602684975,0,0.5438455156981945,4,3,0,0,0.9637244045734406,0.022535700350999832
GER-Bundesliga,1617,Hamburger SV,Bobby Wood,3,2016,118,5224,F M S,28,2083,5,5.8150503393262625,5,5.8150503393262625,2,2.8256660234183073,39,25,1,1,9.85510715097189,2.6078757364302874
GER-Bundesliga,1617,Hamburger SV,Christian Mathenia,3,2016,118,1,GK,14,1260,0,0.0,0,0.0,0,0.015249799937009811,0,1,1,0,1.34683271124959,1.3315827138721943
GER-Bundesliga,1617,Hamburger SV,Cléber,3,2016,118,166,D,5,324,0,0.0,0,0.0,0,0.0,0,0,1,1,0.2441055029630661,0.2441055029630661
GER-Bundesliga,1617,Hamburger SV,Dennis Diekmeier,3,2016,118,175,D M S,24,1783,0,0.5786641882732511,0,0.5786641882732511,1,0.9081003088504076,5,16,5,1,2.4331844123080373,1.2417051121592522
GER-Bundesliga,1617,Hamburger SV,Douglas Santos,3,2016,118,5286,D S,20,1712,0,0.13907106220722198,0,0.13907106220722198,0,0.7921720081940293,7,11,4,0,3.177814392372966,2.542828133329749
GER-Bundesliga,1617,Hamburger SV,Emir Spahic,3,2016,118,165,D S,11,777,0,0.23498229682445526,0,0.23498229682445526,0,0.02886050008237362,3,1,3,0,0.8751942254602909,0.856181625276804
GER-Bundesliga,1617,Hamburger SV,Filip Kostic,3,2016,118,64,M S,31,2543,4,3.904024664312601,4,3.904024664312601,3,4.783867748454213,53,39,6,0,7.914110746234655,0.7971284994855523
GER-Bundesliga,1617,Hamburger SV,Finn Porath,3,2016,118,2699,S,1,1,0,0.0,0,0.0,0,0.0,0,0,0,0,0.0,0.0
GER-Bundesliga,1617,Hamburger SV,Gian-Luca Waldschmidt,3,2016,118,294,M S,14,350,1,0.6689116004854441,1,0.6689116004854441,1,0.3047148026525974,9,4,0,0,1.024613806977868,0.20798910409212112
GER-Bundesliga,1617,Hamburger SV,Gideon Jung,3,2016,118,168,D M S,29,2365,0,0.5786812985315919,0,0.5786812985315919,0,0.18835020065307617,12,4,3,0,2.227199472486973,1.9666971750557423
GER-Bundesliga,1617,Hamburger SV,Gotoku Sakai,3,2016,118,164,D M S,33,2690,1,0.4690172616392374,1,0.4690172616392374,2,1.74777786526829,19,22,7,0,5.572006185539067,3.8910150676965714
GER-Bundesliga,1617,Hamburger SV,Johan Djourou,3,2016,118,302,D S,14,1143,0,0.8879101471975446,0,0.1301331715658307,0,0.05735060200095177,4,3,6,0,0.7853998988866806,0.7465831954032183
GER-Bundesliga,1617,Hamburger SV,Kyriakos Papadopoulos,3,2016,118,197,D S,16,1316,2,0.582283110357821,2,0.582283110357821,0,0.031087100505828857,15,1,6,0,1.3315541930496693,1.3027761913836002
GER-Bundesliga,1617,Hamburger SV,Lewis Holtby,3,2016,118,169,M,29,2421,1,1.8933923784643412,1,1.8933923784643412,6,4.152202534489334,28,33,4,1,10.372501622885466,5.324926326051354
GER-Bundesliga,1617,Hamburger SV,Matthias Ostrzolek,3,2016,118,167,D M S,24,2000,1,0.8431400861591101,1,0.8431400861591101,1,0.9824023619294167,12,17,4,0,3.433510797098279,2.363541692495346
GER-Bundesliga,1617,Hamburger SV,Michael Gregoritsch,3,2016,118,171,F M S,30,1306,5,4.9869061429053545,5,4.9869061429053545,1,1.2617354933172464,52,9,4,0,6.820508126169443,2.470605163834989
GER-Bundesliga,1617,Hamburger SV,Nabil Bahoui,3,2016,118,2657,M,1,67,0,0.09794250130653381,0,0.09794250130653381,0,0.0,1,0,0,0,0.11803200095891953,0.02008960023522377
GER-Bundesliga,1617,Hamburger SV,Nicolai Müller,3,2016,118,170,M S,25,1904,5,5.566494703292847,5,5.566494703292847,6,2.655383275821805,43,28,4,0,10.31001959554851,4.442930804565549
GER-Bundesliga,1617,Hamburger SV,Pierre-Michel Lasogga,3,2016,118,173,F S,20,535,1,1.0244498318061233,1,1.0244498318061233,0,0.9179852977395058,18,5,2,0,2.124673990532756,0.37781590037047863
GER-Bundesliga,1617,Hamburger SV,René Adler,3,2016,118,163,GK,19,1710,0,0.0,0,0.0,1,0.03693940117955208,0,1,1,0,0.34499989822506905,0.30806050077080727
GER-Bundesliga,1617,Hamburger SV,Tom Mickel,3,2016,118,440,GK,1,90,0,0.0,0,0.0,0,0.0,0,0,0,0,0.0,0.0
GER-Bundesliga,1617,Hamburger SV,Vasilije Janjicic,3,2016,118,5223,M S,4,176,0,0.01295860018581152,0,0.01295860018581152,0,0.011452600359916687,1,1,0,0,0.18451060354709625,0.16009940207004547
GER-Bundesliga,1617,Hamburger SV,Walace,3,2016,118,5226,M,9,724,1,0.24155481345951557,1,0.24155481345951557,0,0.03315170109272003,6,1,2,0,1.3007365949451923,1.202374890446663
GER-Bundesliga,1617,Hertha Berlin,Alexander Esswein,3,2016,122,270,M S,29,1318,2,1.9795388262718916,2,1.9795388262718916,2,1.5753626050427556,27,18,4,0,4.152708374895155,1.459790201857686
GER-Bundesliga,1617,Hertha Berlin,Allan,3,2016,122,5239,M S,15,789,0,0.1415011715143919,0,0.1415011715143919,0,0.18729079887270927,7,2,3,0,1.841369416564703,1.552482072263956
GER-Bundesliga,1617,Hertha Berlin,Arne Maier,3,2016,122,5298,S,1,1,0,0.0,0,0.0,0,0.0,0,0,0,0,0.0,0.0
GER-Bundesliga,1617,Hertha Berlin,Fabian Lustenberger,3,2016,122,25,D M S,19,1500,0,0.10765709728002548,0,0.10765709728002548,1,0.2297153389081359,2,7,1,0,3.004487320780754,2.7747715041041374
GER-Bundesliga,1617,Hertha Berlin,Florian Baak,3,2016,122,5297,S,2,11,0,0.0,0,0.0,0,0.0,0,0,0,0,0.0,0.0
GER-Bundesliga,1617,Hertha Berlin,Genki Haraguchi,3,2016,122,35,F M S,31,2058,1,1.8009359799325466,1,1.8009359799325466,2,2.1987002212554216,27,20,4,0,5.364413527771831,2.5689584724605083
GER-Bundesliga,1617,Hertha Berlin,Jens Hegeler,3,2016,122,30,D S,6,205,0,0.01662519946694374,0,0.01662519946694374,0,0.0,1,0,0,0,0.49251819029450417,0.4758929908275604
GER-Bundesliga,1617,Hertha Berlin,John Brooks,3,2016,122,22,D,24,2118,2,0.810163295827806,2,0.810163295827806,0,0.05278899893164635,13,1,5,0,2.420267106965184,2.3552901037037373
GER-Bundesliga,1617,Hertha Berlin,Jordan Torunarigha,3,2016,122,5238,D S,8,480,1,0.16332360170781612,1,0.16332360170781612,0,0.13461799919605255,2,1,1,0,0.4620881248265505,0.32747012563049793
GER-Bundesliga,1617,Hertha Berlin,Julian Schieber,3,2016,122,2633,F S,18,412,3,1.3259615805000067,3,1.3259615805000067,1,1.0100277364253998,15,4,3,0,1.5349000878632069,0.5146200936287642
GER-Bundesliga,1617,Hertha Berlin,Julius Kade,3,2016,122,5296,S,1,7,0,0.0,0,0.0,0,0.3972870111465454,0,1,0,0,0.3972870111465454,0.0
GER-Bundesliga,1617,Hertha Berlin,Marvin Plattenhardt,3,2016,122,23,D,27,2430,3,1.261235005222261,3,1.261235005222261,3,4.420359313488007,24,36,3,0,4.671071195974946,4.285112772136927
GER-Bundesliga,1617,Hertha Berlin,Maximilian Mittelstädt,3,2016,122,419,D M S,12,462,0,0.4615313857793808,0,0.4615313857793808,1,0.992934413254261,4,4,3,1,1.8626801101490855,0.5687095327302814
GER-Bundesliga,1617,Hertha Berlin,Mitchell Weiser,3,2016,122,28,D M S,17,1124,2,1.546724695712328,2,1.546724695712328,4,2.824073914438486,10,27,2,0,7.094219961203635,3.948308632709086
GER-Bundesliga,1617,Hertha Berlin,Niklas Stark,3,2016,122,418,D M,27,2358,1,2.319038967601955,1,2.319038967601955,0,0.11824889853596687,21,4,6,0,3.8839366547763348,3.3689710833132267
GER-Bundesliga,1617,Hertha Berlin,Ondrej Duda,3,2016,122,5240,S,3,67,0,0.0,0,0.0,0,0.06489919871091843,0,1,0,0,0.3402124159038067,0.3402124159038067
GER-Bundesliga,1617,Hertha Berlin,Per Skjelbred,3,2016,122,24,M S,26,2143,0,0.17480443790555,0,0.17480443790555,0,0.20779239293187857,5,6,2,0,4.554250806570053,4.171654183417559
GER-Bundesliga,1617,Hertha Berlin,Peter Pekarík,3,2016,122,443,D S,31,2715,1,0.40053820237517357,1,0.40053820237517357,1,1.1274976823478937,12,19,3,0,6.092139518819749,4.932374679483473
GER-Bundesliga,1617,Hertha Berlin,Rune Jarstein,3,2016,122,19,GK,34,3060,0,0.0,0,0.0,0,0.0,0,0,1,0,1.7695185663178563,1.7695185663178563
GER-Bundesliga,1617,Hertha Berlin,Salomon Kalou,3,2016,122,26,F M S,26,2008,7,5.878901872783899,6,5.121125888079405,4,4.417143693193793,38,24,1,0,8.600981011986732,1.5261633098125458
GER-Bundesliga,1617,Hertha Berlin,Sami Allagui,3,2016,122,4304,S,12,163,1,1.5576095543801785,0,0.7998365722596645,1,0.6617609858512878,5,1,2,0,1.508399985730648,0.09164690226316452
GER-Bundesliga,1617,Hertha Berlin,Sebastian Langkamp,3,2016,122,21,D S,27,2308,0,0.39924350194633007,0,0.39924350194633007,0,0.6409438997507095,7,3,5,0,3.159531407058239,3.14182610437274
GER-Bundesliga,1617,Hertha Berlin,Sinan Kurt,3,2016,122,4236,S,2,5,0,0.0,0,0.0,0,0.0,0,0,0,0,0.0,0.0
GER-Bundesliga,1617,Hertha Berlin,Valentin Stocker,3,2016,122,32,M S,17,1173,4,3.7306035980582237,4,3.7306035980582237,1,1.3224703017622232,24,15,1,1,4.7615521512925625,0.6791356950998306
GER-Bundesliga,1617,Hertha Berlin,Vedad Ibisevic,3,2016,122,29,F,32,2732,12,13.618097253143787,9,11.344849742949009,4,1.8481715666130185,72,19,7,1,14.972129806876183,3.9868015870451927
GER-Bundesliga,1617,Hertha Berlin,Vladimir Darida,3,2016,122,27,M S,25,1978,2,1.5039100237190723,2,1.5039100237190723,2,2.6850355016067624,30,30,6,0,6.119185980409384,3.8022082820534706
GER-Bundesliga,1617,Hoffenheim,Andrej Kramaric,3,2016,120,956,F M S,34,2384,15,14.232868876308203,10,10.444150019437075,8,6.277615133672953,99,35,1,0,17.646828174591064,3.718131709843874
GER-Bundesliga,1617,Hoffenheim,Baris Atik,3,2016,120,2685,S,3,64,0,0.018411200493574142,0,0.018411200493574142,0,0.0,1,0,0,0,0.6890129670500755,0.6706019714474678
GER-Bundesliga,1617,Hoffenheim,Benjamin Hübner,3,2016,120,251,D,25,2151,2,1.223392297513783,2,1.223392297513783,3,1.3957131654024124,17,7,10,0,7.5032335221767426,7.037143986672163
GER-Bundesliga,1617,Hoffenheim,Eduardo Vargas,3,2016,120,85,S,5,92,0,0.5812286101281643,0,0.5812286101281643,0,0.29305098950862885,3,3,1,0,0.9002591855823994,0.22667119279503822
GER-Bundesliga,1617,Hoffenheim,Ermin Bicakcic,3,2016,120,84,D M S,18,1051,1,1.0370340831577778,1,1.0370340831577778,0,0.2879151748493314,9,6,4,0,2.2187596783041954,2.095985796302557
GER-Bundesliga,1617,Hoffenheim,Eugen Polanski,3,2016,120,86,M S,14,635,0,0.09103509970009327,0,0.09103509970009327,0,0.3659501066431403,5,4,1,0,2.535230375826359,2.4181780125945807
GER-Bundesliga,1617,Hoffenheim,Fabian Schär,3,2016,120,76,D S,6,280,0,0.13186300173401833,0,0.13186300173401833,0,0.0,2,0,2,0,0.17944129928946495,0.1594782993197441
GER-Bundesliga,1617,Hoffenheim,Jeremy Toljan,3,2016,120,257,D M S,20,1316,1,1.027365081012249,1,1.027365081012249,1,1.4084749799221754,13,15,1,0,4.557620756328106,2.9741735700517893
GER-Bundesliga,1617,Hoffenheim,Kerem Demirbay,3,2016,120,5273,M S,28,2188,6,4.123179346323013,6,4.123179346323013,8,7.029915550723672,51,60,4,0,13.096707304939628,7.276779232546687
GER-Bundesliga,1617,Hoffenheim,Kevin Vogt,3,2016,120,133,D M S,31,2602,0,0.140937902033329,0,0.140937902033329,0,0.517707253806293,3,9,6,0,9.901540633291006,9.58892286196351
GER-Bundesliga,1617,Hoffenheim,Lukas Rupp,3,2016,120,62,M S,14,791,2,2.1861628610640764,2,2.1861628610640764,1,1.66221634298563,16,11,2,0,5.868726726621389,3.127478465437889
GER-Bundesliga,1617,Hoffenheim,Marco Terrazzino,3,2016,120,5287,F M S,9,363,1,0.7100437097251415,1,0.7100437097251415,2,0.6240794099867344,6,9,0,0,1.059766698628664,0.478709202259779
GER-Bundesliga,1617,Hoffenheim,Mark Uth,3,2016,120,88,F M S,22,1146,7,4.159342561848462,7,4.159342561848462,3,2.2283678660169244,39,21,4,0,6.4423176078125834,1.02431321144104
GER-Bundesliga,1617,Hoffenheim,Nadiem Amiri,3,2016,120,82,F M S,33,1935,2,3.725897613912821,2,3.725897613912821,4,4.2796336859464645,47,32,2,0,12.976956130936742,7.326417308300734
GER-Bundesliga,1617,Hoffenheim,Niklas Süle,3,2016,120,75,D,33,2886,2,1.6989880884066224,2,1.6989880884066224,2,0.3799561969935894,25,8,4,0,9.522352678701282,8.925336567685008
GER-Bundesliga,1617,Hoffenheim,Oliver Baumann,3,2016,120,73,GK,34,3060,0,0.0,0,0.0,0,0.0,0,0,1,0,3.721683893352747,3.721683893352747
GER-Bundesliga,1617,Hoffenheim,Pavel Kaderábek,3,2016,120,74,D M S,23,1975,0,0.2902440745383501,0,0.2902440745383501,3,3.751145988702774,8,24,2,0,7.43628091737628,4.025591040030122
GER-Bundesliga,1617,Hoffenheim,Philipp Ochs,3,2016,120,445,D M S,3,143,0,0.0,0,0.0,0,0.027789700776338577,0,1,1,0,0.7369959838688374,0.7369959838688374
GER-Bundesliga,1617,Hoffenheim,Pirmin Schwegler,3,2016,120,80,M S,10,384,0,0.19076689798384905,0,0.19076689798384905,1,0.10700329765677452,4,4,1,0,0.4062811993062496,0.34267890080809593
GER-Bundesliga,1617,Hoffenheim,Sandro Wagner,3,2016,120,11,F S,31,2608,11,12.228018639609218,11,12.228018639609218,2,2.0659215543419123,66,17,3,1,13.068853184580803,3.6682797810062766
GER-Bundesliga,1617,Hoffenheim,Sebastian Rudy,3,2016,120,90,D M,32,2791,2,1.5268037980422378,2,1.5268037980422378,7,4.808852379210293,27,63,9,0,11.080651203170419,8.56903555803001
GER-Bundesliga,1617,Hoffenheim,Steven Zuber,3,2016,120,254,D M S,24,2026,4,1.6006680894643068,4,1.6006680894643068,4,1.835833759047091,36,18,2,0,7.81203608866781,4.746193556115031
GER-Bundesliga,1617,Hoffenheim,Ádám Szalai,3,2016,120,360,F M S,22,763,8,4.074525881558657,8,4.074525881558657,1,1.2158622071146965,18,16,2,0,6.0095150005072355,2.139537325128913
GER-Bundesliga,1617,Ingolstadt,Alfredo Morales,3,2016,126,252,D M S,27,1709,1,1.5692602060735226,1,1.5692602060735226,0,1.1040799990296364,25,11,4,1,3.498649725690484,2.300160705111921
GER-Bundesliga,1617,Ingolstadt,Almog Cohen,3,2016,126,240,M S,31,2503,7,6.392620615195483,6,5.634844608139247,1,0.7125077815726399,60,6,2,0,7.101173011120409,2.5854939790442586
GER-Bundesliga,1617,Ingolstadt,Anthony Jung,3,2016,126,5217,D M S,16,700,1,0.51996149122715,1,0.51996149122715,1,0.6546524986624718,6,10,1,0,2.018131871242076,1.498933732509613
GER-Bundesliga,1617,Ingolstadt,Darío Lezcano,3,2016,126,2636,F S,33,2522,6,6.9478616220876575,6,6.190088580362499,3,2.718397181481123,59,29,4,0,11.921502089127898,4.3963678777217865
GER-Bundesliga,1617,Ingolstadt,Florent Hadergjonaj,3,2016,126,5215,D M,25,2224,1,0.28395130299031734,1,0.28395130299031734,2,1.8312762239947915,10,22,6,0,4.402184009552002,3.169308787211776
GER-Bundesliga,1617,Ingolstadt,Lukas Hinterseer,3,2016,126,242,F M S,28,942,3,3.9440027121454477,1,2.428448861464858,1,1.8705825880169868,20,13,2,0,4.16161210462451,1.220211112871766
GER-Bundesliga,1617,Ingolstadt,Marcel Tisserand,3,2016,126,3216,D S,28,2390,0,1.724178726784885,0,1.724178726784885,1,0.5215434022247791,16,5,9,0,3.632078981027007,2.9891701843589544
GER-Bundesliga,1617,Ingolstadt,Markus Suttner,3,2016,126,379,D M,31,2740,4,1.9017147840932012,4,1.9017147840932012,5,5.24780994001776,43,53,10,0,7.1203774362802505,6.152578895911574
GER-Bundesliga,1617,Ingolstadt,Martin Hansen,3,2016,126,5214,GK,23,2039,0,0.0,0,0.0,0,0.02662700042128563,0,1,1,0,0.4237186051905155,0.3970916047692299
GER-Bundesliga,1617,Ingolstadt,Marvin Matip,3,2016,126,236,D,33,2970,0,1.6140009816735983,0,1.6140009816735983,0,0.4610798917710781,25,6,5,0,3.7030630046501756,3.6010466059669852
GER-Bundesliga,1617,Ingolstadt,Mathew Leckie,3,2016,126,241,F M S,30,2095,0,5.087419269606471,0,5.087419269606471,2,1.6868354994803667,49,29,2,2,9.539537880569696,4.722828870639205
GER-Bundesliga,1617,Ingolstadt,Maurice Multhaup,3,2016,126,246,S,1,6,0,0.0,0,0.0,0,0.0,0,0,0,0,0.0,0.0
GER-Bundesliga,1617,Ingolstadt,Max Christiansen,3,2016,126,245,M S,11,441,0,0.12780620343983173,0,0.12780620343983173,0,0.09556739777326584,4,2,1,1,0.8190605957061052,0.62220498919487
GER-Bundesliga,1617,Ingolstadt,Moritz Hartmann,3,2016,126,362,F M S,14,954,1,3.1861254572868347,1,2.428348422050476,0,0.9648384228348732,19,10,0,0,4.0363345723599195,1.2856783997267485
GER-Bundesliga,1617,Ingolstadt,Pascal Groß,3,2016,126,239,F M S,33,2734,5,5.676125586032867,2,3.4027959629893303,4,7.707257429137826,51,98,5,0,10.090607372112572,5.5454715471714735
GER-Bundesliga,1617,Ingolstadt,Robert Leipertz,3,2016,126,5216,S,6,31,0,0.14540979638695717,0,0.14540979638695717,0,0.0,3,0,0,0,0.14540979638695717,0.0
GER-Bundesliga,1617,Ingolstadt,Roger,3,2016,126,238,D M S,30,2288,1,0.9568143943324685,1,0.9568143943324685,0,0.017127400264143944,14,1,6,0,2.9072884060442448,2.8432027976959944
GER-Bundesliga,1617,Ingolstadt,Romain Brègerie,3,2016,126,235,D,17,1528,3,0.9592908881604671,3,0.9592908881604671,0,0.39417560026049614,14,7,3,1,1.9009928908199072,1.6065402906388044
GER-Bundesliga,1617,Ingolstadt,Sonny Kittel,3,2016,126,2649,F M S,20,782,2,2.38007596693933,2,2.38007596693933,1,1.728400394320488,22,10,2,0,5.528372012078762,2.482502106577158
GER-Bundesliga,1617,Ingolstadt,Stefan Lex,3,2016,126,243,M S,13,321,0,1.121979909017682,0,1.121979909017682,0,0.11354819685220718,9,3,3,0,1.0535546019673347,0.0
GER-Bundesliga,1617,Ingolstadt,Tobias Levels,3,2016,126,234,D S,10,720,0,0.07824406865984201,0,0.07824406865984201,0,0.7181572951376438,6,4,3,1,1.0643154755234718,1.0090124048292637
GER-Bundesliga,1617,Ingolstadt,Ørjan Nyland,3,2016,126,250,GK S,12,1021,0,0.0,0,0.0,0,0.0,0,0,0,0,0.5937016075477004,0.5937016075477004
GER-Bundesliga,1617,Mainz 05,Aaron Seydel,3,2016,125,5306,F S,6,172,1,0.734469186514616,1,0.734469186514616,0,0.0,4,0,0,0,0.7579176127910614,0.10425900015980005
GER-Bundesliga,1617,Mainz 05,Alexander Hack,3,2016,125,52,D S,15,1298,0,0.39379327464848757,0,0.39379327464848757,1,0.23363690171390772,8,4,0,0,1.7813229942694306,1.641042985022068
GER-Bundesliga,1617,Mainz 05,André Ramalho,3,2016,125,195,D M S,18,1133,0,0.3258971134200692,0,0.3258971134200692,0,0.1327765821479261,13,4,4,0,2.805595191195607,2.6191297248005867
GER-Bundesliga,1617,Mainz 05,Bojan,3,2016,125,871,F M S,11,631,1,1.135646991431713,1,1.135646991431713,1,0.3745343014597893,13,10,1,0,1.436890110373497,0.3020963720045984
GER-Bundesliga,1617,Mainz 05,Daniel Brosinski,3,2016,125,38,D M S,29,2453,1,1.558644387871027,0,0.8008680008351803,2,2.356420699506998,34,30,6,0,5.485987747088075,4.3472252655774355
GER-Bundesliga,1617,Mainz 05,Danny Latza,3,2016,125,43,M S,21,1579,4,1.112296094186604,4,1.112296094186604,0,0.8267929209396243,28,13,6,0,2.7100529856979847,1.6319538205862045
GER-Bundesliga,1617,Mainz 05,Fabian Frei,3,2016,125,441,M S,24,1672,0,0.6210585990920663,0,0.6210585990920663,1,0.9348381031304598,16,13,3,0,4.46907994709909,3.284416539594531
GER-Bundesliga,1617,Mainz 05,Gaëtan Bussmann,3,2016,125,354,D S,14,1050,0,0.4158468022942543,0,0.4158468022942543,1,1.0224235095083714,10,9,1,1,2.453681232407689,1.315938375890255
GER-Bundesliga,1617,Mainz 05,Gerrit Holtmann,3,2016,125,5270,M S,5,122,0,0.10006040334701538,0,0.10006040334701538,1,0.3979653902351856,2,2,0,0,0.42949559167027473,0.0
GER-Bundesliga,1617,Mainz 05,Giulio Donati,3,2016,125,193,D S,32,2807,0,0.14108145982027054,0,0.14108145982027054,0,1.1222346983850002,9,20,4,0,4.119498128071427,3.137911967933178
GER-Bundesliga,1617,Mainz 05,Jairo Samperio,3,2016,125,46,M S,17,942,2,2.731853097677231,0,1.2162990979850292,1,1.073875404894352,27,8,5,0,2.7349072210490704,1.108393106609583
GER-Bundesliga,1617,Mainz 05,Jannik Huth,3,2016,125,51,GK,7,630,0,0.0,0,0.0,0,0.0,0,0,0,0,0.2521380833350122,0.2521380833350122
GER-Bundesliga,1617,Mainz 05,Jean-Philippe Gbamin,3,2016,125,4764,M S,25,1825,0,1.4383700843900442,0,1.4383700843900442,0,0.1581073012202978,23,5,2,3,3.5693977884948254,3.1843884885311127
GER-Bundesliga,1617,Mainz 05,Jhon Córdoba,3,2016,125,48,F S,29,2365,5,8.38351777754724,5,8.38351777754724,3,1.969898303039372,59,18,8,1,11.159951269626617,3.0077793542295694
GER-Bundesliga,1617,Mainz 05,Jonas Lössl,3,2016,125,3468,GK,27,2430,0,0.027360700070858,0,0.027360700070858,0,0.10033639892935753,1,2,0,0,2.4937923047691584,2.4365063030272722
GER-Bundesliga,1617,Mainz 05,José Rodríguez,3,2016,125,4036,S,2,5,0,0.0,0,0.0,0,0.0,0,0,0,1,0.0,0.0
GER-Bundesliga,1617,Mainz 05,Karim Onisiwo,3,2016,125,2631,F M S,16,908,1,1.522754492238164,1,1.522754492238164,0,0.3290253095328808,15,6,4,0,2.7325420542620122,1.0936464830301702
GER-Bundesliga,1617,Mainz 05,Leon Balogun,3,2016,125,394,D S,17,1020,0,0.17685730010271072,0,0.17685730010271072,0,0.05609169974923134,3,2,3,0,1.1976792104542255,1.16222520545125
GER-Bundesliga,1617,Mainz 05,Levin Öztunali,3,2016,125,118,M S,30,1972,4,3.6980466237291694,4,3.6980466237291694,6,4.460297515615821,28,32,1,0,7.7914130026474595,1.5492833042517304
GER-Bundesliga,1617,Mainz 05,Mounir Bouziane,3,2016,125,5345,S,1,13,0,0.0,0,0.0,0,0.0,0,0,0,0,0.0,0.0
GER-Bundesliga,1617,Mainz 05,Niko Bungert,3,2016,125,39,D S,10,762,1,1.2587366923689842,1,1.2587366923689842,0,0.0,3,0,1,0,1.0181083232164383,0.24375339597463608
GER-Bundesliga,1617,Mainz 05,Pablo De Blasis,3,2016,125,44,F M S,31,1654,5,4.066917764954269,4,3.3091412847861648,4,4.363516764715314,35,32,5,0,7.308921691030264,2.4957107324153185
GER-Bundesliga,1617,Mainz 05,Robin Quaison,3,2016,125,1275,F M S,11,484,1,0.8173383958637714,1,0.8173383958637714,0,0.5256369896233082,5,2,0,0,0.7404821924865246,0.03205389995127916
GER-Bundesliga,1617,Mainz 05,Stefan Bell,3,2016,125,40,D S,31,2744,5,2.497504508122802,5,2.497504508122802,1,2.14598938729614,24,14,9,1,3.4879284761846066,2.5916246827691793
GER-Bundesliga,1617,Mainz 05,Suat Serdar,3,2016,125,307,M S,8,326,0,0.016971299424767494,0,0.016971299424767494,0,0.33441001269966364,1,3,1,0,0.8847539247944951,0.5333729116246104
GER-Bundesliga,1617,Mainz 05,Yoshinori Muto,3,2016,125,47,F S,19,1010,5,4.1504186019301414,5,4.1504186019301414,0,0.5898167099803686,18,7,3,0,3.9761866312474012,0.5444523077458143
GER-Bundesliga,1617,Mainz 05,Yunus Malli,3,2016,125,45,F M S,32,2561,7,8.012633055914193,4,5.739302076864988,7,5.977636711671948,60,51,1,0,11.99862326681614,4.981959054246545
GER-Bundesliga,1617,RasenBallsport Leipzig,Benno Schmitz,3,2016,136,5253,D M S,16,991,0,0.413373202085495,0,0.413373202085495,2,1.7084510624408722,10,8,2,0,3.18359899148345,1.3828389085829258
GER-Bundesliga,1617,RasenBallsport Leipzig,Bernardo,3,2016,136,5245,D S,22,1897,0,1.2080698539502919,0,1.2080698539502919,1,2.531986180692911,14,14,3,0,7.816276799887419,6.44060180708766
GER-Bundesliga,1617,RasenBallsport Leipzig,Davie Selke,3,2016,136,4280,F S,21,420,4,2.699045291170478,4,2.699045291170478,1,1.0038440879434347,13,6,4,0,3.5301973298192024,0.1754433996975422
GER-Bundesliga,1617,RasenBallsport Leipzig,Dayotchanculle Upamecano,3,2016,136,5243,D S,12,658,0,0.10943800210952759,0,0.10943800210952759,0,0.08027970045804977,1,1,3,0,2.3803520910441875,2.3803520910441875
GER-Bundesliga,1617,RasenBallsport Leipzig,Diego Demme,3,2016,136,5246,M,32,2873,1,0.4733373913913965,1,0.4733373913913965,3,2.9680082723498344,14,30,4,0,14.644314873963594,12.680184669792652
GER-Bundesliga,1617,RasenBallsport Leipzig,Dominik Kaiser,3,2016,136,5252,M S,25,949,1,1.1673546843230724,1,1.1673546843230724,0,1.8083805739879608,15,22,2,0,3.0212517268955708,1.179533202201128
GER-Bundesliga,1617,RasenBallsport Leipzig,Emil Forsberg,3,2016,136,5249,F M S,30,2353,8,6.100950824096799,7,4.585397416725755,19,12.02499233931303,49,94,1,1,17.394191328436136,6.364960346370935
GER-Bundesliga,1617,RasenBallsport Leipzig,Fabio Coltorti,3,2016,136,5255,GK,1,90,0,0.0,0,0.0,0,0.0,0,0,0,0,0.349945992231369,0.349945992231369
GER-Bundesliga,1617,RasenBallsport Leipzig,Federico Palacios,3,2016,136,5309,S,2,49,0,0.09135150164365768,0,0.09135150164365768,0,0.11319699883460999,2,1,0,0,0.20454899966716766,0.0
GER-Bundesliga,1617,RasenBallsport Leipzig,Lukas Klostermann,3,2016,136,5358,D,1,90,0,0.01970990002155304,0,0.01970990002155304,0,0.0,1,0,1,0,0.01970990002155304,0.0
GER-Bundesliga,1617,RasenBallsport Leipzig,Marcel Halstenberg,3,2016,136,5254,D M,30,2661,0,1.7055171523243189,0,1.7055171523243189,1,2.828212946653366,28,26,4,0,8.304057031869888,6.077879501506686
GER-Bundesliga,1617,RasenBallsport Leipzig,Marcel Sabitzer,3,2016,136,5248,F M S,32,2604,8,9.127260820008814,8,9.127260820008814,4,4.050318436697125,79,35,3,0,19.479738894850016,9.028249844908714
GER-Bundesliga,1617,RasenBallsport Leipzig,Marvin Compper,3,2016,136,5244,D,25,2105,2,1.4112432263791561,2,1.4112432263791561,0,0.0,7,0,6,0,4.855145286768675,4.855145286768675
GER-Bundesliga,1617,RasenBallsport Leipzig,Massimo Bruno,3,2016,136,5365,S,1,2,0,0.0663394033908844,0,0.0663394033908844,0,0.0,1,0,0,0,0.0663394033908844,0.0
GER-Bundesliga,1617,RasenBallsport Leipzig,Naby Keita,3,2016,136,5247,M S,31,2418,8,4.810895485803485,8,4.810895485803485,7,5.058186668902636,43,40,8,0,15.840575125068426,8.005770618095994
GER-Bundesliga,1617,RasenBallsport Leipzig,Oliver Burke,3,2016,136,5256,F M S,25,594,1,2.3915760219097137,1,2.3915760219097137,2,1.5667171068489552,9,7,1,0,4.693109109997749,1.1803855262696743
GER-Bundesliga,1617,RasenBallsport Leipzig,Péter Gulácsi,3,2016,136,5241,GK,33,2970,0,0.0,0,0.0,0,0.020359599962830544,0,1,1,0,2.3676431849598885,2.3676431849598885
GER-Bundesliga,1617,RasenBallsport Leipzig,Rani Khedira,3,2016,136,5251,M S,10,155,0,0.06849180161952972,0,0.06849180161952972,0,0.028399499133229256,2,1,0,0,0.04490060172975063,0.01607160083949566
GER-Bundesliga,1617,RasenBallsport Leipzig,Stefan Ilsanker,3,2016,136,5242,D M S,33,2646,0,0.3190248333849013,0,0.3190248333849013,0,0.5318785943090916,9,10,8,0,7.929152455180883,7.621984286233783
GER-Bundesliga,1617,RasenBallsport Leipzig,Timo Werner,3,2016,136,65,F S,31,2450,21,14.531015504151583,19,13.015461537986994,5,3.463492389768362,74,31,4,0,18.194531317800283,4.127602778375149
GER-Bundesliga,1617,RasenBallsport Leipzig,Willi Orban,3,2016,136,5257,D,28,2518,3,2.1531146373599768,3,2.1531146373599768,1,1.0332623142749071,23,3,7,1,5.901963669806719,5.7935756631195545
GER-Bundesliga,1617,RasenBallsport Leipzig,Yussuf Poulsen,3,2016,136,5250,F S,29,2087,5,6.421103524044156,5,6.421103524044156,4,3.295330986380577,47,26,4,0,11.001871887594461,2.6811819281429052
GER-Bundesliga,1617,Schalke 04,Abdul Rahman Baba,3,2016,124,684,D M S,13,702,0,0.29893720243126154,0,0.29893720243126154,2,0.6842750906944275,6,8,2,0,1.7614300101995468,1.2667326675727963
GER-Bundesliga,1617,Schalke 04,Alessandro Schöpf,3,2016,124,2638,M S,28,2040,6,4.17460650857538,6,4.17460650857538,2,1.542042886838317,28,25,4,0,10.264456011354923,5.676028918474913
GER-Bundesliga,1617,Schalke 04,Benedikt Höwedes,3,2016,124,333,D,31,2790,1,1.0846966002136469,1,1.0846966002136469,1,0.22441700100898743,18,5,7,0,6.900322149507701,6.408062665723264
GER-Bundesliga,1617,Schalke 04,Benjamin Stambouli,3,2016,124,3290,M S,23,1299,0,0.07796660158783197,0,0.07796660158783197,0,0.15655389800667763,4,3,3,1,3.149015103466809,2.9543317137286067
GER-Bundesliga,1617,Schalke 04,Bernard Tekpetey,3,2016,124,5323,S,2,3,0,0.0,0,0.0,0,0.0,0,0,1,0,0.0,0.0
GER-Bundesliga,1617,Schalke 04,Breel Embolo,3,2016,124,5356,F M S,7,334,2,1.5799956992268562,2,1.5799956992268562,1,1.396187923848629,8,5,0,0,3.036622393876314,0.5178043022751808
GER-Bundesliga,1617,Schalke 04,Coke,3,2016,124,2073,D M S,8,629,1,0.7528169006109238,1,0.7528169006109238,0,0.5955730061978102,8,10,1,0,2.336377650499344,1.5383420288562775
GER-Bundesliga,1617,Schalke 04,Daniel Caligiuri,3,2016,124,157,D F M S,32,2229,4,3.398121156729758,4,3.398121156729758,4,2.9251495031639934,39,30,2,0,10.648386851884425,5.3936740374192595
GER-Bundesliga,1617,Schalke 04,Dennis Aogo,3,2016,124,334,D M S,7,288,0,0.0,0,0.0,1,0.6617207210510969,0,5,1,0,0.8745205719023943,0.797879608348012
GER-Bundesliga,1617,Schalke 04,Donis Avdijaj,3,2016,124,5303,M S,9,289,2,1.2253907127305865,2,1.2253907127305865,0,0.1971351020038128,12,3,1,0,1.4147864151746035,0.20431760139763355
GER-Bundesliga,1617,Schalke 04,Eric Maxim Choupo-Moting,3,2016,124,339,F M S,23,1689,3,5.995121486485004,2,4.479567535221577,4,3.6268125250935555,48,32,1,0,8.498735403642058,2.7228346802294254
GER-Bundesliga,1617,Schalke 04,Fabian Reese,3,2016,124,390,F S,3,73,0,0.06745839864015579,0,0.06745839864015579,0,0.03650530055165291,2,2,0,0,0.08873660117387772,0.0
GER-Bundesliga,1617,Schalke 04,Franco Di Santo,3,2016,124,341,F M S,12,315,0,0.35938820987939835,0,0.35938820987939835,2,1.1438695155084133,6,5,2,0,1.1670606192201376,0.1906677968800068
GER-Bundesliga,1617,Schalke 04,Guido Burgstaller,3,2016,124,5302,F S,18,1478,9,8.20168130658567,9,7.443900367245078,2,2.433908199891448,45,18,1,0,9.644286066293716,1.573770516552031
GER-Bundesliga,1617,Schalke 04,Johannes Geis,3,2016,124,336,D M S,18,1341,0,0.4807397024706006,0,0.4807397024706006,0,2.852324143052101,15,45,4,0,2.8608953673392534,2.5111931059509516
GER-Bundesliga,1617,Schalke 04,Júnior Caiçara,3,2016,124,345,D S,3,104,0,0.0,0,0.0,0,0.04491350054740906,0,1,1,0,0.13220330327749252,0.13220330327749252
GER-Bundesliga,1617,Schalke 04,Klaas-Jan Huntelaar,3,2016,124,340,F S,16,756,2,3.323472276329994,2,3.323472276329994,0,0.10308039840310812,24,3,1,0,3.4040355905890465,0.8150792270898819
GER-Bundesliga,1617,Schalke 04,Leon Goretzka,3,2016,124,335,M,30,2570,5,4.402244385331869,5,4.402244385331869,3,3.2980474084615707,51,34,2,0,11.584346561692655,4.791746007278562
GER-Bundesliga,1617,Schalke 04,Matija Nastasic,3,2016,124,451,D S,22,1921,0,0.04281735885888338,0,0.04281735885888338,0,0.18623139709234238,3,3,6,0,3.428646390326321,3.3837133767083287
GER-Bundesliga,1617,Schalke 04,Max Meyer,3,2016,124,338,F M S,27,1661,1,2.869626570492983,1,2.869626570492983,1,1.9685997208580375,31,30,4,0,8.544270269572735,5.357398383319378
GER-Bundesliga,1617,Schalke 04,Nabil Bentaleb,3,2016,124,914,M S,32,2555,5,2.779958724975586,4,2.022182220593095,5,3.4045264907181263,42,31,12,0,12.869526028633118,9.234733303077519
GER-Bundesliga,1617,Schalke 04,Naldo,3,2016,124,147,D,19,1623,1,1.2788330153562129,1,1.2788330153562129,0,0.0619410015642643,28,1,1,1,1.580749281682074,1.3811209807172418
GER-Bundesliga,1617,Schalke 04,Ralf Fährmann,3,2016,124,330,GK,34,3060,0,0.0,0,0.0,0,0.025546399876475334,0,1,3,0,2.969859505072236,2.944313505664468
GER-Bundesliga,1617,Schalke 04,Sascha Riether,3,2016,124,331,D S,5,282,0,0.0,0,0.0,0,0.02601039968430996,0,2,0,0,1.3178270310163498,1.3178270310163498
GER-Bundesliga,1617,Schalke 04,Sead Kolasinac,3,2016,124,342,D M S,25,2072,3,2.4095747200772166,3,2.4095747200772166,5,2.843083191663027,17,23,5,0,7.985180478543043,4.060328308492899
GER-Bundesliga,1617,Schalke 04,Thilo Kehrer,3,2016,124,2674,D M S,16,1077,1,0.8267775028944016,1,0.8267775028944016,1,0.8359510004520416,13,7,4,1,3.255299045704305,2.821148879826069
GER-Bundesliga,1617,Schalke 04,Weston McKennie,3,2016,124,5360,S,1,13,0,0.0,0,0.0,0,0.0,0,0,0,0,0.0,0.0
GER-Bundesliga,1617,Schalke 04,Yevhen Konoplyanka,3,2016,124,2068,F M S,17,601,1,1.6780080776661634,1,1.6780080776661634,1,0.7123503126204014,15,7,1,0,2.471117409877479,0.3220622008666396
GER-Bundesliga,1617,Werder Bremen,Aron Jóhannsson,3,2016,123,430,F S,9,266,1,2.1990831587463617,0,1.4413061831146479,1,0.21740600559860468,11,4,1,1,3.1561591029167175,1.606317819096148
GER-Bundesliga,1617,Werder Bremen,Claudio Pizarro,3,2016,123,122,F S,19,846,1,2.36339552141726,1,2.36339552141726,1,1.5151890888810158,21,12,1,0,3.974991088733077,0.8630132991820574
GER-Bundesliga,1617,Werder Bremen,Clemens Fritz,3,2016,123,117,M S,18,1305,0,0.18744179792702198,0,0.18744179792702198,3,0.42853919230401516,6,9,5,0,1.6880780067294836,1.2181742107495666
GER-Bundesliga,1617,Werder Bremen,Fallou Diagne,3,2016,123,3593,D,2,136,0,0.0,0,0.0,0,0.1338140070438385,0,2,0,0,0.09490740299224854,0.09490740299224854
GER-Bundesliga,1617,Werder Bremen,Felix Wiedwald,3,2016,123,109,GK S,25,2209,0,0.0,0,0.0,0,0.0,0,0,2,0,2.685978878289461,2.685978878289461
GER-Bundesliga,1617,Werder Bremen,Fin Bartels,3,2016,123,115,F M S,31,2222,8,5.965190809220076,8,5.965190809220076,7,5.663376197218895,42,41,4,0,14.590464258566499,4.144710135646164
GER-Bundesliga,1617,Werder Bremen,Florian Grillitsch,3,2016,123,116,M S,23,1727,2,1.203808200545609,2,1.203808200545609,0,0.6731983963400126,18,5,4,0,4.700936581008136,3.197682819329202
GER-Bundesliga,1617,Werder Bremen,Florian Kainz,3,2016,123,5231,M S,14,291,2,1.0809409841895103,2,1.0809409841895103,3,0.5285941064357758,2,4,0,0,2.0175091940909624,0.7512071821838617
GER-Bundesliga,1617,Werder Bremen,Izet Hajrovic,3,2016,123,2136,M S,10,492,1,0.5132950879633427,1,0.5132950879633427,0,1.5290433838963509,12,11,1,0,1.9444845728576183,0.5122135132551193
GER-Bundesliga,1617,Werder Bremen,Janek Sternberg,3,2016,123,124,S,2,69,0,0.01077170018106699,0,0.01077170018106699,0,0.0,1,0,1,0,0.09490740299224854,0.09490740299224854
GER-Bundesliga,1617,Werder Bremen,Jaroslav Drobny,3,2016,123,178,GK,10,848,0,0.0,0,0.0,0,0.0,0,0,0,1,0.8605997078120708,0.8605997078120708
GER-Bundesliga,1617,Werder Bremen,Lamine Sané,3,2016,123,3254,D,27,2364,1,1.0763469953089952,1,1.0763469953089952,1,0.6045035095885396,6,2,3,0,5.627349357120693,5.627349357120693
GER-Bundesliga,1617,Werder Bremen,Lennart Thy,3,2016,123,5351,S,6,81,1,0.34186509624123573,1,0.34186509624123573,0,0.0,5,0,0,0,0.45454150810837746,0.3286980092525482
GER-Bundesliga,1617,Werder Bremen,Luca Caldirola,3,2016,123,3,D,5,413,0,0.051976900547742844,0,0.051976900547742844,0,0.0,2,0,1,0,0.803560808300972,0.7859232127666473
GER-Bundesliga,1617,Werder Bremen,Lukas Fröde,3,2016,123,400,S,3,12,0,0.0,0,0.0,0,0.0,0,0,0,0,0.0,0.0
GER-Bundesliga,1617,Werder Bremen,Max Kruse,3,2016,123,155,F M,23,2049,15,8.495129983872175,11,5.4640186950564384,7,5.525232771411538,41,49,1,0,14.92626778036356,5.637004118412733
GER-Bundesliga,1617,Werder Bremen,Maximilian Eggestein,3,2016,123,125,M S,15,889,1,0.6366548864170909,1,0.6366548864170909,0,0.37148950062692165,2,9,2,0,2.636874521151185,1.8106398414820433
GER-Bundesliga,1617,Werder Bremen,Milos Veljkovic,3,2016,123,2691,D M S,26,1812,0,0.19909759983420372,0,0.19909759983420372,0,0.2732765953987837,3,5,5,0,3.15476430952549,2.93261531740427
GER-Bundesliga,1617,Werder Bremen,Niklas Moisander,3,2016,123,1936,D S,30,2654,0,1.116183890029788,0,1.116183890029788,1,0.588945385068655,9,8,5,0,6.237831415608525,5.737738609313965
GER-Bundesliga,1617,Werder Bremen,Niklas Schmidt,3,2016,123,5352,S,1,14,0,0.0,0,0.0,1,0.11789199709892273,0,1,0,0,0.06410939991474152,0.06410939991474152
GER-Bundesliga,1617,Werder Bremen,Ousman Manneh,3,2016,123,5310,F,6,489,1,2.4910087436437607,1,2.4910087436437607,1,0.3356953151524067,19,2,2,0,3.326626092195511,1.0861270129680634
GER-Bundesliga,1617,Werder Bremen,Philipp Bargfrede,3,2016,123,114,M S,11,449,1,0.2883701892569661,1,0.2883701892569661,1,0.33741720020771027,2,3,3,0,0.6723043899983168,0.28440910391509533
GER-Bundesliga,1617,Werder Bremen,Robert Bauer,3,2016,123,237,D M S,27,2129,1,0.7915792930871248,1,0.7915792930871248,3,2.384270742535591,12,14,5,0,5.165453966706991,3.506995329633355
GER-Bundesliga,1617,Werder Bremen,Sambou Yatabaré,3,2016,123,2667,M,2,176,0,0.2544099986553192,0,0.2544099986553192,0,0.0,2,0,0,0,0.3231689929962158,0.08578920364379883
GER-Bundesliga,1617,Werder Bremen,Santiago García,3,2016,123,113,D M S,19,1448,1,0.7640638155862689,1,0.7640638155862689,2,0.3524898998439312,12,7,5,0,3.968876678496599,3.3447680212557316
GER-Bundesliga,1617,Werder Bremen,Serge Gnabry,3,2016,123,993,F M S,27,1969,11,5.709119375795126,10,4.95134227629751,1,3.145673416554928,62,31,1,0,8.574019776657224,2.0797090902924538
GER-Bundesliga,1617,Werder Bremen,Thanos Petsos,3,2016,123,5350,M S,3,143,0,0.013438399881124496,0,0.013438399881124496,0,0.0,1,0,2,0,0.3926894124597311,0.3792509138584137
GER-Bundesliga,1617,Werder Bremen,Theodor Gebre Selassie,3,2016,123,110,D M S,30,2340,5,3.540634580887854,5,3.540634580887854,2,1.5138424038887024,27,18,4,0,7.1487426813691854,4.4595548417419195
GER-Bundesliga,1617,Werder Bremen,Thomas Delaney,3,2016,123,5230,M S,13,922,4,0.7766114939004183,4,0.7766114939004183,1,0.8275745213031769,14,6,3,0,3.898679608479142,3.110799776390195
GER-Bundesliga,1617,Werder Bremen,Ulisses García,3,2016,123,399,D M S,7,348,0,0.18687019497156143,0,0.18687019497156143,1,0.9402100145816803,2,3,1,0,1.5511310175061226,0.4240509942173958
GER-Bundesliga,1617,Werder Bremen,Zlatko Junuzovic,3,2016,123,301,F M S,30,2496,4,3.1940373927354813,4,3.1940373927354813,8,4.300451961345971,43,49,5,0,10.620086655020714,5.909017875790596
GER-Bundesliga,1617,Wolfsburg,Bas Dost,3,2016,131,158,F,1,82,0,0.0,0,0.0,1,0.09223999828100204,0,1,0,0,0.12727299332618713,0.03503340110182762
GER-Bundesliga,1617,Wolfsburg,Borja Mayoral,3,2016,131,2252,F S,19,369,2,2.0819175206124783,2,2.0819175206124783,0,0.25686940643936396,12,5,1,0,2.9396091774106026,1.3332757949829102
GER-Bundesliga,1617,Wolfsburg,Bruno Henrique,3,2016,131,2672,M S,7,176,0,0.5805858168751001,0,0.5805858168751001,0,0.290406197309494,4,5,0,0,0.9186291303485632,0.10382190253585577
GER-Bundesliga,1617,Wolfsburg,Christian Träsch,3,2016,131,146,D M S,11,694,0,0.09304659999907017,0,0.09304659999907017,1,1.6137876994907856,6,15,0,0,3.5993589907884598,2.3757888870313764
GER-Bundesliga,1617,Wolfsburg,Daniel Didavi,3,2016,131,300,M S,18,998,4,3.6816147919744253,4,3.6816147919744253,2,2.666313100606203,29,16,0,0,5.994070783257484,2.1643193755298853
GER-Bundesliga,1617,Wolfsburg,Diego Benaglio,3,2016,131,145,GK,14,1260,0,0.0,0,0.0,0,0.0,0,0,1,0,0.5973594794049859,0.5973594794049859
GER-Bundesliga,1617,Wolfsburg,Hendrik Hansen,3,2016,131,5343,S,1,84,0,0.0,0,0.0,0,0.0,0,0,0,0,0.0,0.0
GER-Bundesliga,1617,Wolfsburg,Jakub Blaszczykowski,3,2016,131,1966,D M S,28,1687,0,0.43976269848644733,0,0.43976269848644733,1,1.9414201509207487,11,19,2,0,6.757482748478651,5.09727743268013
GER-Bundesliga,1617,Wolfsburg,Jannes Horn,3,2016,131,2627,D M S,13,975,0,0.16494479402899742,0,0.16494479402899742,1,0.7099227085709572,2,10,2,0,2.896242879331112,2.260726686567068
GER-Bundesliga,1617,Wolfsburg,Jeffrey Bruma,3,2016,131,5327,D,20,1717,1,0.9193661045283079,1,0.9193661045283079,0,0.27468549739569426,11,5,6,1,3.151882180944085,3.128501081839204
GER-Bundesliga,1617,Wolfsburg,Josip Brekalo,3,2016,131,5353,S,4,74,0,0.10969229973852634,0,0.10969229973852634,0,0.012230499647557735,4,1,1,0,0.13419309817254543,0.012270299717783928
GER-Bundesliga,1617,Wolfsburg,Josuha Guilavogui,3,2016,131,150,M S,19,1543,0,1.4260846376419067,0,1.4260846376419067,0,0.34390430338680744,7,11,6,0,4.154030527919531,3.8216894790530205
GER-Bundesliga,1617,Wolfsburg,Julian Draxler,3,2016,131,152,F M S,13,1055,0,2.9455516692250967,0,2.9455516692250967,2,2.4088252894580364,29,27,0,0,7.31537021137774,3.6727819964289665
GER-Bundesliga,1617,Wolfsburg,Justin Möbius,3,2016,131,5324,S,2,45,0,0.0,0,0.0,0,0.0,0,0,0,0,0.0,0.0
GER-Bundesliga,1617,Wolfsburg,Koen Casteels,3,2016,131,159,GK,20,1800,0,0.0,0,0.0,0,0.0,0,0,3,0,1.8961949907243252,1.8961949907243252
GER-Bundesliga,1617,Wolfsburg,Luiz Gustavo,3,2016,131,387,D M S,27,2343,0,0.5831607980653644,0,0.5831607980653644,0,0.14812120236456394,18,4,6,1,5.946371288970113,5.771497985348105
GER-Bundesliga,1617,Wolfsburg,Marcel Schäfer,3,2016,131,149,D M S,4,108,0,0.016489600762724876,0,0.016489600762724876,0,0.10265500098466873,1,2,1,0,0.18025679886341095,0.06111233914270997
GER-Bundesliga,1617,Wolfsburg,Mario Gomez,3,2016,131,3887,F S,33,2858,16,17.49514924362302,14,15.979601237922907,1,3.458985408768058,84,38,4,0,19.869859222322702,4.098863444291055
GER-Bundesliga,1617,Wolfsburg,Maximilian Arnold,3,2016,131,153,M S,32,2423,2,2.4971819166094065,2,2.4971819166094065,3,1.8513881769031286,48,33,9,0,10.787412477657199,8.093385146930814
GER-Bundesliga,1617,Wolfsburg,Paul Seguin,3,2016,131,2625,D M S,22,1325,1,0.6014485079795122,1,0.6014485079795122,1,2.3969798646867275,10,13,3,1,5.044971417635679,3.1752487886697054
GER-Bundesliga,1617,Wolfsburg,Paul-Georges Ntep,3,2016,131,3230,M S,10,502,0,0.8160439059138298,0,0.8160439059138298,2,1.6073661483824253,11,6,0,0,4.164410125464201,2.677919030189514
GER-Bundesliga,1617,Wolfsburg,Philipp Wollscheid,3,2016,131,858,D S,7,541,0,0.32233140617609024,0,0.32233140617609024,0,0.5259181875735521,6,3,0,0,2.7824574187397957,2.2717734277248383
GER-Bundesliga,1617,Wolfsburg,Ricardo Rodríguez,3,2016,131,308,D S,24,2018,2,1.7891786112450063,1,1.0314016356132925,3,2.5367732010781765,22,27,1,0,3.396350547671318,3.1818098723888397
GER-Bundesliga,1617,Wolfsburg,Riechedly Bazoer,3,2016,131,5299,M,12,980,0,1.133830901235342,0,1.133830901235342,1,0.6274838149547577,19,6,5,0,5.192659689113498,3.631698789075017
GER-Bundesliga,1617,Wolfsburg,Robin Knoche,3,2016,131,161,D S,23,1872,1,0.8278152104467154,1,0.8278152104467154,1,1.444549020845443,11,5,2,0,5.137660093605518,4.7217840775847435
GER-Bundesliga,1617,Wolfsburg,Sebastian Jung,3,2016,131,156,D,4,298,0,0.0,0,0.0,1,0.522343210875988,0,4,0,0,0.5725730992853642,0.23108189925551414
GER-Bundesliga,1617,Wolfsburg,Victor Osimhen,3,2016,131,5322,S,2,43,0,0.012191800400614738,0,0.012191800400614738,0,0.038779400289058685,1,1,1,0,0.038779400289058685,0.0
GER-Bundesliga,1617,Wolfsburg,Vieirinha,3,2016,131,151,D M S,21,1214,0,0.7535227108746767,0,0.7535227108746767,0,1.9911156203597784,21,20,3,0,5.8790468368679285,3.516434353776276
GER-Bundesliga,1617,Wolfsburg,Yannick Gerhardt,3,2016,131,140,D M S,27,2214,0,0.9469701070338488,0,0.9469701070338488,2,2.8742555947974324,15,21,5,0,7.084849875420332,4.596387873403728
GER-Bundesliga,1718,Augsburg,Alfred Finnbogason,3,2017,121,2655,F,22,1837,12,11.30845114775002,9,9.035125287249684,3,3.556873070076108,52,32,2,0,13.88673909381032,2.5996835101395845
GER-Bundesliga,1718,Augsburg,Andreas Luthe,3,2017,121,5260,GK,2,180,0,0.0,0,0.0,0,0.0,0,0,0,0,0.12023100256919861,0.12023100256919861
GER-Bundesliga,1718,Augsburg,Caiuby,3,2017,121,272,F M S,33,2860,5,4.393480499275029,5,4.393480499275029,8,5.055884367786348,74,34,8,0,12.546879896894097,5.443971944972873
GER-Bundesliga,1718,Augsburg,Christoph Janker,3,2017,121,274,S,5,68,0,0.0,0,0.0,0,0.0,0,0,0,0,0.0,0.0
GER-Bundesliga,1718,Augsburg,Daniel Baier,3,2017,121,268,M,29,2545,0,0.7232931898906827,0,0.7232931898906827,2,1.467767620459199,27,28,6,0,8.569240909069777,7.252383891493082
GER-Bundesliga,1718,Augsburg,Daniel Opare,3,2017,121,385,D,17,1419,0,0.09338332992047071,0,0.09338332992047071,0,0.5033369893208146,5,6,6,0,2.4976238943636417,1.9605915006250143
GER-Bundesliga,1718,Augsburg,Dong-Won Ji,3,2017,121,276,S,3,12,0,0.0,0,0.0,0,0.0,0,0,0,0,0.0,0.0
GER-Bundesliga,1718,Augsburg,Erik Thommy,3,2017,121,2676,M S,20,1168,2,2.860838493332267,2,2.860838493332267,4,2.2931762412190437,34,24,1,0,6.349116740748286,2.96644682995975
GER-Bundesliga,1718,Augsburg,Gojko Kacar,3,2017,121,386,D S,6,229,1,0.5471709743142128,1,0.5471709743142128,0,0.0,3,0,1,0,0.10450969822704792,0.06149769760668278
GER-Bundesliga,1718,Augsburg,Ja-Cheol Koo,3,2017,121,271,M S,28,2062,2,3.311515264213085,2,3.311515264213085,0,1.1638484122231603,30,12,2,0,7.329948409460485,3.850131168961525
GER-Bundesliga,1718,Augsburg,Jan Morávek,3,2017,121,367,M S,16,694,0,0.09725459665060043,0,0.09725459665060043,0,0.17411669716238976,2,7,4,1,1.0862992759793997,0.8664726009592414
GER-Bundesliga,1718,Augsburg,Jeffrey Gouweleeuw,3,2017,121,2665,D M,27,2389,0,1.3373167030513287,0,1.3373167030513287,0,0.32745439372956753,14,7,4,0,3.860481595620513,3.3489483054727316
GER-Bundesliga,1718,Augsburg,Jonathan Schmid,3,2017,121,81,D M S,25,1464,0,1.4951827768236399,0,1.4951827768236399,0,1.8835888281464577,23,28,1,0,4.248583592474461,2.38259850256145
GER-Bundesliga,1718,Augsburg,Kevin Danso,3,2017,121,5261,D S,16,1112,2,2.1475575026124716,2,2.1475575026124716,0,0.268209807574749,9,4,2,0,1.1688264906406403,1.058247296139598
GER-Bundesliga,1718,Augsburg,Kilian Jakob,3,2017,121,6568,M,1,53,0,0.08163820207118988,0,0.08163820207118988,0,0.0,1,0,0,0,0.08163820207118988,0.0
GER-Bundesliga,1718,Augsburg,Konstantinos Stafylidis,3,2017,121,368,S,2,30,0,0.02478340081870556,0,0.02478340081870556,0,0.0,1,0,0,0,0.02478340081870556,0.0
GER-Bundesliga,1718,Augsburg,Marcel Heller,3,2017,121,6,F M S,24,1305,0,1.28783617913723,0,1.28783617913723,1,2.292085660621524,11,15,1,1,6.411560639739037,3.096159117296338
GER-Bundesliga,1718,Augsburg,Marco Richter,3,2017,121,6357,M S,12,597,1,0.6681861961260438,1,0.6681861961260438,0,1.4132622927427292,12,8,0,0,2.699984914623201,0.7179520092904568
GER-Bundesliga,1718,Augsburg,Martin Hinteregger,3,2017,121,2668,D S,30,2650,0,1.4926978391595185,0,1.4926978391595185,0,0.3973505012691021,26,8,3,0,4.446913183201104,3.938376195728779
GER-Bundesliga,1718,Augsburg,Marwin Hitz,3,2017,121,263,GK,32,2880,0,0.08084859699010849,0,0.08084859699010849,0,0.02168150059878826,1,1,2,0,2.1772465221583843,2.155564922839403
GER-Bundesliga,1718,Augsburg,Michael Gregoritsch,3,2017,121,171,F M S,32,2543,13,9.903523388318717,12,9.145746479742229,2,1.2969309985637665,91,20,3,0,12.259730337187648,4.842775256372988
GER-Bundesliga,1718,Augsburg,Philipp Max,3,2017,121,267,D M,33,2961,2,0.8173501649871469,2,0.8173501649871469,12,8.87327706348151,18,77,5,0,10.222094136290252,5.228415847755969
GER-Bundesliga,1718,Augsburg,Rani Khedira,3,2017,121,5251,D M S,30,2286,1,1.1135261189192533,1,1.1135261189192533,1,0.6700243074446917,12,9,8,0,3.5244641080498695,2.722752209752798
GER-Bundesliga,1718,Augsburg,Raphael Framberger,3,2017,121,4336,D S,9,700,0,0.026497000828385353,0,0.026497000828385353,0,1.0982310995459557,1,9,3,0,3.3661184683442116,2.4728275015950203
GER-Bundesliga,1718,Augsburg,Sergio Córdova,3,2017,121,6096,F S,26,548,2,1.5393884889781475,2,1.5393884889781475,0,0.5850685033947229,14,8,3,0,2.890991998836398,0.9184111952781677
GER-Bundesliga,1718,Augsburg,Shawn Parker,3,2017,121,2677,S,2,40,0,0.0,0,0.0,0,0.04301200062036514,0,1,1,0,0.0,0.0
GER-Bundesliga,1718,Augsburg,Simon Asta,3,2017,121,6597,S,1,9,0,0.0,0,0.0,0,0.0,0,0,0,0,0.0,0.0
GER-Bundesliga,1718,Bayer Leverkusen,Admir Mehmedi,3,2017,119,194,D M S,17,994,3,0.9740973990410566,3,0.9740973990410566,3,2.5193714145570993,17,26,3,0,4.847430944442749,2.652314331382513
GER-Bundesliga,1718,Bayer Leverkusen,Aleksandar Dragovic,3,2017,119,5219,S,1,44,0,0.0,0,0.0,0,0.0,0,0,0,0,0.4848479926586151,0.4848479926586151
GER-Bundesliga,1718,Bayer Leverkusen,André Ramalho,3,2017,119,195,S,3,26,0,0.0,0,0.0,0,0.0,0,0,0,0,0.018675999715924263,0.018675999715924263
GER-Bundesliga,1718,Bayer Leverkusen,Benjamin Henrichs,3,2017,119,435,D M S,23,1255,0,0.7018684055656195,0,0.7018684055656195,1,1.4103803150355816,18,11,1,1,7.151266515254974,6.088269013911486
GER-Bundesliga,1718,Bayer Leverkusen,Bernd Leno,3,2017,119,181,GK,33,2970,0,0.0,0,0.0,0,0.1598914973437786,0,3,1,0,4.718346546404064,4.558454046957195
GER-Bundesliga,1718,Bayer Leverkusen,Charles Aránguiz,3,2017,119,454,M,27,2316,1,2.738069023936987,1,2.738069023936987,3,1.1620523855090141,34,23,4,0,12.441602557897568,10.325062971562147
GER-Bundesliga,1718,Bayer Leverkusen,Dominik Kohr,3,2017,119,269,M S,28,1664,1,3.2997890654951334,1,3.2997890654951334,1,1.3999700956046581,40,18,8,1,11.02010752633214,7.4504717495292425
GER-Bundesliga,1718,Bayer Leverkusen,Joel Pohjanpalo,3,2017,119,5222,S,7,101,1,1.0716766826808453,1,1.0716766826808453,0,0.0,5,0,0,0,1.1472767852246761,0.07560010254383087
GER-Bundesliga,1718,Bayer Leverkusen,Jonathan Tah,3,2017,119,183,D S,28,2424,0,0.5992621062323451,0,0.5992621062323451,2,0.6386903980746865,7,11,1,0,8.318604998290539,8.11567460000515
GER-Bundesliga,1718,Bayer Leverkusen,Julian Baumgartlinger,3,2017,119,42,D M S,22,1393,1,0.7073068954050541,1,0.7073068954050541,0,0.5907901152968407,11,10,3,0,7.084121314808726,6.284225372597575
GER-Bundesliga,1718,Bayer Leverkusen,Julian Brandt,3,2017,119,261,D F M S,34,2347,9,6.035904863849282,9,6.035904863849282,3,6.286203796043992,43,59,0,0,16.711454402655363,8.130165257491171
GER-Bundesliga,1718,Bayer Leverkusen,Kai Havertz,3,2017,119,5220,F M S,30,2131,3,3.5613184310495853,3,3.5613184310495853,8,4.474197732284665,37,31,3,0,17.365765599533916,10.341464532539248
GER-Bundesliga,1718,Bayer Leverkusen,Karim Bellarabi,3,2017,119,186,D M S,24,1129,1,3.0431519709527493,1,3.0431519709527493,3,3.982274506241083,44,28,2,0,8.520694862119853,2.3719782093539834
GER-Bundesliga,1718,Bayer Leverkusen,Kevin Kampl,3,2017,119,188,M S,27,2051,1,1.372317099943757,1,1.372317099943757,3,3.1864789072424173,29,52,3,0,9.49884597491473,7.1309558702632785
GER-Bundesliga,1718,Bayer Leverkusen,Kevin Volland,3,2017,119,83,F M S,31,2607,14,10.532197000458837,14,10.532197000458837,2,5.164169117808342,55,33,5,0,17.41033835709095,4.321192159783095
GER-Bundesliga,1718,Bayer Leverkusen,Lars Bender,3,2017,119,421,D M S,21,1611,2,1.3075132267549634,2,1.3075132267549634,4,2.1157834655605257,20,20,5,0,6.548246458172798,4.683775290846825
GER-Bundesliga,1718,Bayer Leverkusen,Leon Bailey,3,2017,119,5221,D M S,30,2224,9,8.006807489320636,9,8.006807489320636,6,6.39059913251549,76,63,2,0,16.832434540614486,6.422184623777866
GER-Bundesliga,1718,Bayer Leverkusen,Lucas Alario,3,2017,119,6338,F S,23,1542,9,9.95240025781095,8,8.436846291646361,4,2.0166067238897085,58,14,5,1,13.568525802344084,4.420323118567467
GER-Bundesliga,1718,Bayer Leverkusen,Panagiotis Retsos,3,2017,119,6316,D S,24,1716,1,0.5706392973661423,1,0.5706392973661423,3,1.1749882642179728,12,7,6,0,6.782029444351792,6.657966049388051
GER-Bundesliga,1718,Bayer Leverkusen,Ramazan Özcan,3,2017,119,233,GK,1,90,0,0.0,0,0.0,0,0.0,0,0,0,0,0.0696880966424942,0.0696880966424942
GER-Bundesliga,1718,Bayer Leverkusen,Stefan Kießling,3,2017,119,190,S,8,70,0,0.4102072976529598,0,0.4102072976529598,0,0.09723249822854996,2,2,0,0,0.13891500234603882,0.0
GER-Bundesliga,1718,Bayer Leverkusen,Sven Bender,3,2017,119,311,D,29,2350,2,1.1964705847203732,2,1.1964705847203732,0,0.11218119878321886,15,4,0,0,6.608151474967599,6.435887245461345
GER-Bundesliga,1718,Bayer Leverkusen,Tin Jedvaj,3,2017,119,417,D S,10,600,0,0.20942850410938263,0,0.20942850410938263,0,0.10309710167348385,5,2,1,0,2.3674592077732086,2.256012976169586
GER-Bundesliga,1718,Bayer Leverkusen,Wendell,3,2017,119,185,D,26,2122,2,2.717468524351716,0,0.4441383946686983,3,2.487283194437623,14,26,6,1,7.14325878303498,5.765195834450424
GER-Bundesliga,1718,Bayern Munich,Arjen Robben,3,2017,117,392,F M S,21,1528,5,5.334963925182819,5,4.5771869495511055,5,4.8987289275974035,51,33,0,0,13.128724984824657,5.85478490870446
GER-Bundesliga,1718,Bayern Munich,Arturo Vidal,3,2017,117,222,M S,22,1460,6,4.200744510628283,6,4.200744510628283,2,2.6651200000196695,48,27,6,0,12.721083492040634,8.422185029834509
GER-Bundesliga,1718,Bayern Munich,Corentin Tolisso,3,2017,117,3603,M S,26,1527,6,4.626193977892399,6,4.626193977892399,4,2.481705317273736,42,20,3,0,14.28805597126484,9.233023390173912
GER-Bundesliga,1718,Bayern Munich,David Alaba,3,2017,117,391,D S,23,1548,2,1.0756071778014302,2,1.0756071778014302,2,2.477351415902376,24,23,1,0,11.93792463466525,10.101148622110486
GER-Bundesliga,1718,Bayern Munich,Franck Evina,3,2017,117,6710,F,2,112,0,0.05504990089684725,0,0.05504990089684725,0,0.19375400245189667,3,1,0,0,0.7447463842108846,0.49594300985336304
GER-Bundesliga,1718,Bayern Munich,Franck Ribéry,3,2017,117,329,F M S,20,1212,5,3.4293839521706104,5,3.4293839521706104,1,4.022418688982725,20,34,3,0,12.140639137476683,6.733537681400776
GER-Bundesliga,1718,Bayern Munich,James Rodríguez,3,2017,117,2249,M S,23,1638,7,5.205832462757826,7,5.205832462757826,11,7.610789678990841,41,64,2,0,18.664185371249914,11.458919409662485
GER-Bundesliga,1718,Bayern Munich,Javi Martínez,3,2017,117,225,D M S,22,1607,1,1.2642263006418943,1,1.2642263006418943,2,1.8334937058389187,22,11,1,0,9.997565757483244,9.280971577391028
GER-Bundesliga,1718,Bayern Munich,Joshua Kimmich,3,2017,117,223,D S,29,2336,1,0.5120095983147621,1,0.5120095983147621,10,5.949262423440814,9,53,1,0,18.24930216744542,15.225015635602176
GER-Bundesliga,1718,Bayern Munich,Juan Bernat,3,2017,117,414,D F M,11,894,0,0.30195289105176926,0,0.30195289105176926,2,1.7290883511304855,4,11,1,0,7.775015115737915,6.626334130764008
GER-Bundesliga,1718,Bayern Munich,Jérôme Boateng,3,2017,117,220,D,19,1646,1,1.0082495035603642,1,1.0082495035603642,2,1.7808156553655863,13,13,4,0,9.594205501489341,8.3111468879506
GER-Bundesliga,1718,Bayern Munich,Kingsley Coman,3,2017,117,226,F M S,21,1144,3,2.4699112065136433,3,2.4699112065136433,3,3.8644445091485977,30,24,0,0,11.892610661685467,6.565805345773697
GER-Bundesliga,1718,Bayern Munich,Kwasi Okyere Wriedt,3,2017,117,6356,S,1,17,0,0.06893759965896606,0,0.06893759965896606,0,0.0,1,0,0,0,0.06893759965896606,0.0
GER-Bundesliga,1718,Bayern Munich,Lars Lukas Mai,3,2017,117,6699,D,2,180,0,0.0,0,0.0,0,0.0,0,0,0,0,0.370503306388855,0.370503306388855
GER-Bundesliga,1718,Bayern Munich,Manuel Neuer,3,2017,117,217,GK,3,270,0,0.0,0,0.0,0,0.0,0,0,0,0,0.4565733000636101,0.4565733000636101
GER-Bundesliga,1718,Bayern Munich,Marco Friedl,3,2017,117,5340,D S,10,637,0,0.19190500117838383,0,0.19190500117838383,0,0.5002781935036182,5,5,0,0,1.3595925876870751,0.9565309882164001
GER-Bundesliga,1718,Bayern Munich,Mats Hummels,3,2017,117,373,D S,26,2213,1,1.7163447830826044,1,1.7163447830826044,1,0.2795963007956743,27,8,3,0,16.074148945510387,15.661288890987635
GER-Bundesliga,1718,Bayern Munich,Meritan Shabani,3,2017,117,6642,F,1,56,0,0.0,0,0.0,0,0.0,0,0,0,0,0.0,0.0
GER-Bundesliga,1718,Bayern Munich,Niklas Dorsch,3,2017,117,6411,M,1,90,1,0.49594300985336304,1,0.49594300985336304,0,0.03213990107178688,1,1,0,0,0.6810879707336426,0.15300600230693817
GER-Bundesliga,1718,Bayern Munich,Niklas Süle,3,2017,117,75,D M S,27,1917,2,0.9680972928181291,2,0.9680972928181291,1,0.7179124150425196,17,5,1,0,12.816514452919364,12.40717845223844
GER-Bundesliga,1718,Bayern Munich,Rafinha,3,2017,117,221,D S,27,1839,1,0.5151873081922531,1,0.5151873081922531,2,1.6763072786852717,7,22,4,0,13.248123232275248,11.9565384760499
GER-Bundesliga,1718,Bayern Munich,Robert Lewandowski,3,2017,117,227,F S,30,2163,29,27.895800959318876,23,22.591377045959234,2,2.3904436947777867,127,22,1,0,28.035741090774536,5.410495810210705
GER-Bundesliga,1718,Bayern Munich,Sandro Wagner,3,2017,117,11,F S,25,1599,12,9.843644212931395,11,9.08587123081088,3,1.720283318310976,53,22,4,0,11.89092468097806,2.1556782871484756
GER-Bundesliga,1718,Bayern Munich,Sebastian Rudy,3,2017,117,90,M S,25,1514,1,1.159253278747201,1,1.159253278747201,4,1.4911945685744286,19,20,2,0,9.997521866112947,8.441599499434233
GER-Bundesliga,1718,Bayern Munich,Sven Ulreich,3,2017,117,231,GK,29,2610,0,0.0,0,0.0,0,0.0,0,0,1,0,5.735862400382757,5.735862400382757
GER-Bundesliga,1718,Bayern Munich,Thiago Alcántara,3,2017,117,229,F M S,19,1241,2,2.4427592884749174,2,2.4427592884749174,2,1.8550197072327137,24,29,3,0,14.950645327568054,11.463429290801287
GER-Bundesliga,1718,Bayern Munich,Thomas Müller,3,2017,117,224,F M S,29,1957,8,5.78445553407073,8,5.78445553407073,13,10.275052770972252,43,55,4,0,21.78048526495695,8.602185536175966
GER-Bundesliga,1718,Bayern Munich,Tom Starke,3,2017,117,2698,GK,2,180,0,0.0,0,0.0,0,0.0,0,0,0,0,0.8958160728216171,0.8958160728216171
GER-Bundesliga,1718,Borussia Dortmund,Alexander Isak,3,2017,129,5232,F S,5,114,0,0.6883600279688835,0,0.6883600279688835,0,0.15696030110120773,5,2,0,0,1.4718824289739132,0.6392971761524677
GER-Bundesliga,1718,Borussia Dortmund,Andriy Yarmolenko,3,2017,129,6274,F M S,18,1043,3,5.04333558306098,3,5.04333558306098,2,3.19698728248477,31,28,0,0,10.24072129279375,3.0886130575090647
GER-Bundesliga,1718,Borussia Dortmund,André Schürrle,3,2017,129,154,F M S,18,1235,1,3.6087240986526012,1,2.8509471230208874,4,3.492805738002062,36,18,0,0,9.042586375027895,3.363537836819887
GER-Bundesliga,1718,Borussia Dortmund,Christian Pulisic,3,2017,129,2662,D F M S,32,2314,4,5.483687665313482,4,5.483687665313482,5,5.329733781516552,38,29,1,0,16.221844712272286,7.186544260010123
GER-Bundesliga,1718,Borussia Dortmund,Dan-Axel Zagadou,3,2017,129,6103,D S,11,649,1,0.49236590042710304,1,0.49236590042710304,0,0.10852759703993797,9,2,0,1,2.757146066054702,2.605784183368087
GER-Bundesliga,1718,Borussia Dortmund,Felix Passlack,3,2017,129,2663,M S,3,75,0,0.0,0,0.0,0,0.0479619987308979,0,1,0,0,0.13791439682245255,0.13791439682245255
GER-Bundesliga,1718,Borussia Dortmund,Gonzalo Castro,3,2017,129,316,D M S,19,1210,0,1.016407860442996,0,1.016407860442996,2,3.1911947038024664,10,37,3,0,7.376547805964947,3.8616560082882643
GER-Bundesliga,1718,Borussia Dortmund,Jacob Bruun Larsen,3,2017,129,5355,D S,5,110,0,0.0,0,0.0,0,0.0,0,0,0,0,0.18672699853777885,0.18672699853777885
GER-Bundesliga,1718,Borussia Dortmund,Jadon Sancho,3,2017,129,6345,F S,12,682,1,1.9633749723434448,1,1.9633749723434448,4,2.7181513644754887,10,19,0,0,8.983109466731548,4.907228298485279
GER-Bundesliga,1718,Borussia Dortmund,Jeremy Toljan,3,2017,129,257,D M S,18,1388,1,0.19423699751496315,1,0.19423699751496315,2,1.394909579306841,8,13,1,0,7.228568019345403,5.859212463721633
GER-Bundesliga,1718,Borussia Dortmund,Julian Weigl,3,2017,129,372,D M S,25,1944,1,0.11501617915928364,1,0.11501617915928364,0,0.17936696205288172,5,7,4,0,11.319914804771543,11.116094334051013
GER-Bundesliga,1718,Borussia Dortmund,Lukasz Piszczek,3,2017,129,310,D,24,2141,0,0.872073938138783,0,0.872073938138783,3,2.8346477821469307,20,18,3,0,13.32144583761692,11.97995401546359
GER-Bundesliga,1718,Borussia Dortmund,Mahmoud Dahoud,3,2017,129,205,M S,23,1120,0,1.920018907636404,0,1.920018907636404,4,4.645970318466425,26,23,4,0,12.480254229158163,6.504588682204485
GER-Bundesliga,1718,Borussia Dortmund,Manuel Akanji,3,2017,129,6490,D S,11,903,0,0.1473714942112565,0,0.1473714942112565,0,0.1232139989733696,5,1,2,0,5.034062027931213,4.866022050380707
GER-Bundesliga,1718,Borussia Dortmund,Marc Bartra,3,2017,129,2453,D S,12,801,2,0.13784250151365995,2,0.13784250151365995,1,1.1594395032152534,5,5,1,0,2.680228976532817,1.5272741094231606
GER-Bundesliga,1718,Borussia Dortmund,Marcel Schmelzer,3,2017,129,313,D S,18,1494,0,0.1776557993143797,0,0.1776557993143797,0,0.4731643069535494,5,12,3,0,7.790013747289777,7.446729274466634
GER-Bundesliga,1718,Borussia Dortmund,Marco Reus,3,2017,129,319,F M,11,944,7,5.460636995732784,7,4.702856920659542,0,2.14712858106941,31,19,1,0,8.042936936020851,2.29405539855361
GER-Bundesliga,1718,Borussia Dortmund,Mario Götze,3,2017,129,422,M S,23,1620,2,2.1476421020925045,2,2.1476421020925045,3,5.339473462663591,23,39,1,0,10.799728125333786,6.04575277864933
GER-Bundesliga,1718,Borussia Dortmund,Maximilian Philipp,3,2017,129,4247,F M S,20,1212,9,4.91950549185276,9,4.91950549185276,1,2.1931561827659607,44,15,0,0,9.881748277693987,3.7884498685598373
GER-Bundesliga,1718,Borussia Dortmund,Michy Batshuayi,3,2017,129,1678,F S,10,837,7,6.746572155505419,7,6.746572155505419,1,0.5975824072957039,29,4,2,0,8.068311009556055,0.8493093252182007
GER-Bundesliga,1718,Borussia Dortmund,Neven Subotic,3,2017,129,312,D S,4,271,0,0.0,0,0.0,0,0.0,0,0,1,0,0.28112170845270157,0.28112170845270157
GER-Bundesliga,1718,Borussia Dortmund,Nuri Sahin,3,2017,129,2642,M S,18,1230,2,1.8431659070774913,2,1.8431659070774913,2,2.7097754944115877,25,22,2,0,8.645464512519538,4.8007787540555
GER-Bundesliga,1718,Borussia Dortmund,Pierre-Emerick Aubameyang,3,2017,129,318,F,16,1421,13,16.653742618858814,10,13.62263572961092,3,2.558148417621851,59,16,0,1,16.92688511312008,2.558329375460744
GER-Bundesliga,1718,Borussia Dortmund,Raphael Guerreiro,3,2017,129,3455,D M S,9,545,1,1.0287548042833805,1,1.0287548042833805,1,1.173913799226284,9,9,0,0,3.2302057668566704,1.9746546745300293
GER-Bundesliga,1718,Borussia Dortmund,Roman Bürki,3,2017,129,309,GK,33,2970,0,0.0,0,0.0,0,0.0,0,0,4,0,6.940007729455829,6.940007729455829
GER-Bundesliga,1718,Borussia Dortmund,Roman Weidenfeller,3,2017,129,325,GK S,2,91,0,0.0,0,0.0,0,0.0,0,0,0,0,0.0,0.0
GER-Bundesliga,1718,Borussia Dortmund,Sergio Gómez,3,2017,129,6656,S,2,4,0,0.0,0,0.0,0,0.07842410355806351,0,1,0,0,0.0,0.0
GER-Bundesliga,1718,Borussia Dortmund,Shinji Kagawa,3,2017,129,321,M S,19,1164,5,4.652009427547455,5,4.652009427547455,1,2.5234434753656387,24,21,0,0,11.996946178376675,6.253096144646406
GER-Bundesliga,1718,Borussia Dortmund,Sokratis,3,2017,129,371,D S,30,2376,2,1.1818206198513508,2,1.1818206198513508,0,0.2207122016698122,15,5,5,1,8.61301208101213,8.39171902090311
GER-Bundesliga,1718,Borussia Dortmund,Ömer Toprak,3,2017,129,184,D S,26,2017,0,0.6813485007733107,0,0.6813485007733107,1,0.7474742941558361,13,5,1,0,12.318550826981664,12.27490776963532
GER-Bundesliga,1718,Borussia M.Gladbach,Christoph Kramer,3,2017,130,187,M S,27,2165,3,1.6738269962370396,3,1.6738269962370396,0,0.5200468981638551,12,14,5,0,5.079841455444694,3.941427582874894
GER-Bundesliga,1718,Borussia M.Gladbach,Denis Zakaria,3,2017,130,6147,M S,30,2321,2,1.237309591844678,2,1.237309591844678,1,0.5515497010201216,20,14,11,0,6.633479176089168,5.189974564127624
GER-Bundesliga,1718,Borussia M.Gladbach,Fabian Johnson,3,2017,130,327,M S,10,461,1,0.8578132092952728,1,0.8578132092952728,0,0.854462911374867,7,3,0,0,1.076699790544808,0.282608893699944
GER-Bundesliga,1718,Borussia M.Gladbach,Florian Mayer,3,2017,130,6483,S,1,18,0,0.0,0,0.0,0,0.0,0,0,0,0,0.029431099072098732,0.029431099072098732
GER-Bundesliga,1718,Borussia M.Gladbach,Ibrahima Traoré,3,2017,130,207,M S,7,191,0,0.4581764992326498,0,0.4581764992326498,0,0.36359070241451263,8,6,0,0,1.626749411225319,1.278620820492506
GER-Bundesliga,1718,Borussia M.Gladbach,Jannik Vestergaard,3,2017,130,111,D,32,2880,3,1.9636470163241029,3,1.9636470163241029,0,0.6901241838932037,24,5,5,0,6.887584015727043,6.206825029104948
GER-Bundesliga,1718,Borussia M.Gladbach,Jonas Hofmann,3,2017,130,320,M S,23,1027,0,1.7390824351459742,0,1.7390824351459742,3,2.461249690502882,20,24,0,0,5.257022075355053,2.456951819360256
GER-Bundesliga,1718,Borussia M.Gladbach,Josip Drmic,3,2017,130,209,F S,13,460,4,2.5528536587953568,4,2.5528536587953568,1,0.13631419837474823,18,2,1,0,3.4137470722198486,0.8883625976741314
GER-Bundesliga,1718,Borussia M.Gladbach,Julio Villalba,3,2017,130,6270,S,1,4,0,0.0,0,0.0,0,0.0,0,0,1,0,0.0,0.0
GER-Bundesliga,1718,Borussia M.Gladbach,Lars Stindl,3,2017,130,208,F M,31,2732,6,6.40721514634788,6,6.40721514634788,3,5.980219308286905,71,54,5,0,21.321077778935432,12.400694833137095
GER-Bundesliga,1718,Borussia M.Gladbach,László Bénes,3,2017,130,5258,S,2,36,0,0.024192199110984802,0,0.024192199110984802,0,0.18980500102043152,1,3,0,0,0.14839400351047516,0.024192199110984802
GER-Bundesliga,1718,Borussia M.Gladbach,Mandela Egbo,3,2017,130,6508,S,1,10,0,0.0,0,0.0,0,0.0,0,0,0,0,0.0,0.0
GER-Bundesliga,1718,Borussia M.Gladbach,Marcel Benger,3,2017,130,6446,S,1,1,0,0.0,0,0.0,0,0.0,0,0,0,0,0.0,0.0
GER-Bundesliga,1718,Borussia M.Gladbach,Matthias Ginter,3,2017,130,315,D M,34,3060,5,3.78506176546216,5,3.78506176546216,2,1.143667096272111,27,7,2,0,7.9915636302903295,6.381098830141127
GER-Bundesliga,1718,Borussia M.Gladbach,Michaël Cuisance,3,2017,130,6148,F M S,24,1182,0,1.4914375022053719,0,1.4914375022053719,1,2.07199832983315,25,21,2,0,7.182294437661767,5.154270442202687
GER-Bundesliga,1718,Borussia M.Gladbach,Nico Elvedi,3,2017,130,212,D,33,2916,2,2.102986201643944,2,2.102986201643944,2,2.038941509090364,16,20,6,0,7.302772478200495,5.224145235493779
GER-Bundesliga,1718,Borussia M.Gladbach,Oscar Wendt,3,2017,130,206,D M,28,2467,1,1.6762220188975334,1,1.6762220188975334,1,2.0764637999236584,18,24,2,0,8.658385230228305,5.89922140724957
GER-Bundesliga,1718,Borussia M.Gladbach,Patrick Herrmann,3,2017,130,420,D M S,23,1120,0,1.631037013605237,0,1.631037013605237,1,2.30844590254128,19,14,0,0,4.952044062316418,1.8534687021747231
GER-Bundesliga,1718,Borussia M.Gladbach,Raffael,3,2017,130,210,F S,27,2087,9,7.206689676269889,8,6.448912685737014,2,4.466370793059468,53,35,0,0,14.415170539170504,5.948903627693653
GER-Bundesliga,1718,Borussia M.Gladbach,Raúl Bobadilla,3,2017,130,273,F S,13,439,0,1.3788798190653324,0,1.3788798190653324,0,0.3945040963590145,15,5,2,0,2.1528353840112686,0.37945110723376274
GER-Bundesliga,1718,Borussia M.Gladbach,Reece Oxford,3,2017,130,543,D M S,7,462,0,0.11150150001049042,0,0.11150150001049042,0,0.04015659913420677,3,1,1,0,1.7904609814286232,1.7503049746155739
GER-Bundesliga,1718,Borussia M.Gladbach,Thorgan Hazard,3,2017,130,213,F M S,34,2955,10,14.297576042823493,5,9.751077773980796,5,6.631203738972545,88,63,1,0,20.93061364069581,8.564172875136137
GER-Bundesliga,1718,Borussia M.Gladbach,Tobias Sippel,3,2017,130,214,GK S,5,434,0,0.0,0,0.0,0,0.009998399764299393,0,1,0,0,0.27453310415148735,0.26453470438718796
GER-Bundesliga,1718,Borussia M.Gladbach,Tobias Strobl,3,2017,130,79,M S,4,110,0,0.0,0,0.0,1,0.8383039832115173,0,2,0,0,0.965157225728035,0.14995189756155014
GER-Bundesliga,1718,Borussia M.Gladbach,Tony Jantschke,3,2017,130,201,D S,13,723,0,0.057643499225378036,0,0.057643499225378036,1,0.15363400429487228,1,2,2,0,1.2304726988077164,1.1153081972151995
GER-Bundesliga,1718,Borussia M.Gladbach,Vincenzo Grifo,3,2017,130,5266,M S,17,782,0,0.8093207031488419,0,0.8093207031488419,3,2.3075730819255114,12,20,0,0,4.315714925527573,2.905737042427063
GER-Bundesliga,1718,Borussia M.Gladbach,Yann Sommer,3,2017,130,199,GK,30,2626,0,0.0,0,0.0,0,0.0,0,0,1,0,3.3442061115056276,3.3442061115056276
GER-Bundesliga,1718,Eintracht Frankfurt,Alexander Meier,3,2017,132,356,S,1,2,1,0.30979499220848083,1,0.30979499220848083,0,0.0,1,0,0,0,0.4447140097618103,0.13491900265216827
GER-Bundesliga,1718,Eintracht Frankfurt,Ante Rebic,3,2017,132,1852,F M S,25,1765,6,4.731175702065229,6,4.731175702065229,2,4.0452951760962605,47,25,8,0,10.224185772240162,2.5478501673787832
GER-Bundesliga,1718,Eintracht Frankfurt,Aymen Barkok,3,2017,132,5235,F M S,9,301,0,0.0970316007733345,0,0.0970316007733345,1,0.4429513104259968,3,7,1,0,0.6019764132797718,0.12433289922773838
GER-Bundesliga,1718,Eintracht Frankfurt,Branimir Hrgota,3,2017,132,216,M S,6,190,0,0.38962719962000847,0,0.38962719962000847,0,0.1420310977846384,3,2,1,0,0.6472234893590212,0.1766143050044775
GER-Bundesliga,1718,Eintracht Frankfurt,Carlos Salcedo,3,2017,132,1417,D S,20,1612,0,0.15966070257127285,0,0.15966070257127285,0,0.018281200900673866,6,1,5,0,3.040739480406046,3.0021842755377293
GER-Bundesliga,1718,Eintracht Frankfurt,Daichi Kamada,3,2017,132,6145,F M S,3,148,0,0.05925939977169037,0,0.05925939977169037,0,0.02543400041759014,2,1,0,0,0.13093949854373932,0.046246498823165894
GER-Bundesliga,1718,Eintracht Frankfurt,Danny Blum,3,2017,132,5236,S,2,26,1,0.5377039909362793,1,0.5377039909362793,0,0.0,2,0,0,0,0.5169839859008789,0.0
GER-Bundesliga,1718,Eintracht Frankfurt,Danny da Costa,3,2017,132,249,D M S,17,1197,1,0.9118193946778774,1,0.9118193946778774,2,1.2524295281618834,9,14,1,0,4.581498805433512,3.2104944325983524
GER-Bundesliga,1718,Eintracht Frankfurt,David Abraham,3,2017,132,283,D,27,2303,0,0.2505438979715109,0,0.2505438979715109,2,0.9817592771723866,7,7,3,0,2.175720499828458,1.63392910733819
GER-Bundesliga,1718,Eintracht Frankfurt,Gelson Fernandes,3,2017,132,3224,M S,19,1034,0,0.06262979656457901,0,0.06262979656457901,0,0.0,1,0,4,0,1.3960049767047167,1.333375172689557
GER-Bundesliga,1718,Eintracht Frankfurt,Jetro Willems,3,2017,132,6143,D M S,23,1672,0,1.8805055599659681,0,1.8805055599659681,2,2.316510636359453,21,37,4,0,6.268946662545204,4.326017740182579
GER-Bundesliga,1718,Eintracht Frankfurt,Jonathan de Guzmán,3,2017,132,1350,M S,16,1089,0,0.8695562835782766,0,0.8695562835782766,3,1.8826500792056322,11,18,2,0,4.087090868502855,3.1966870091855526
GER-Bundesliga,1718,Eintracht Frankfurt,Kevin-Prince Boateng,3,2017,132,1819,F M S,31,2367,6,4.1439657006412745,6,4.1439657006412745,1,1.2550863046199083,44,16,5,0,10.09173790924251,6.343215435743332
GER-Bundesliga,1718,Eintracht Frankfurt,Luka Jovic,3,2017,132,6228,F S,22,924,8,7.563798973336816,8,7.563798973336816,1,1.2333394028246403,37,7,2,0,8.01934190467,1.3375553004443645
GER-Bundesliga,1718,Eintracht Frankfurt,Lukas Hradecky,3,2017,132,281,GK,34,3060,0,0.0,0,0.0,0,0.0,0,0,1,0,1.9898030254989862,1.9898030254989862
GER-Bundesliga,1718,Eintracht Frankfurt,Makoto Hasebe,3,2017,132,282,D M S,24,2089,0,0.07988759875297546,0,0.07988759875297546,0,0.10133169963955879,2,4,3,1,4.883417630568147,4.740530414506793
GER-Bundesliga,1718,Eintracht Frankfurt,Marc Stendera,3,2017,132,289,M S,7,376,0,0.419155890122056,0,0.419155890122056,0,0.014242599718272686,7,1,1,0,1.3621410131454468,0.9429846163839102
GER-Bundesliga,1718,Eintracht Frankfurt,Marco Fabián,3,2017,132,2661,F M S,7,417,1,1.1064952220767736,1,1.1064952220767736,0,0.5277969986200333,17,8,0,0,2.390392292290926,0.917646411806345
GER-Bundesliga,1718,Eintracht Frankfurt,Marco Russ,3,2017,132,293,D S,19,1149,1,0.6812815945595503,1,0.6812815945595503,0,0.07925489917397499,7,2,3,0,1.8349330257624388,1.7959848241880536
GER-Bundesliga,1718,Eintracht Frankfurt,Marijan Cavar,3,2017,132,6698,S,1,31,0,0.0290267001837492,0,0.0290267001837492,0,0.0,1,0,0,0,0.0290267001837492,0.0
GER-Bundesliga,1718,Eintracht Frankfurt,Marius Wolf,3,2017,132,2693,D F M S,28,2374,5,3.0805644765496254,5,3.0805644765496254,8,4.971552319824696,35,33,4,0,10.111975220963359,4.400132916867733
GER-Bundesliga,1718,Eintracht Frankfurt,Mijat Gacinovic,3,2017,132,290,F M S,29,1821,1,3.335090048611164,1,3.335090048611164,3,3.0774606820195913,37,22,4,0,7.35652400739491,2.035166174173355
GER-Bundesliga,1718,Eintracht Frankfurt,Omar Mascarell,3,2017,132,2456,M S,9,771,1,0.2837024973705411,1,0.2837024973705411,0,0.4415279012173414,4,7,4,0,2.9219383113086224,2.3170869015157223
GER-Bundesliga,1718,Eintracht Frankfurt,Simon Falette,3,2017,132,5673,D S,27,2208,1,1.6588682914152741,1,1.6588682914152741,0,0.5975365005433559,15,8,10,1,3.715018682181835,3.4265049770474434
GER-Bundesliga,1718,Eintracht Frankfurt,Slobodan Medojevic,3,2017,132,287,S,1,28,0,0.0,0,0.0,0,0.0,0,0,0,0,0.39481401443481445,0.39481401443481445
GER-Bundesliga,1718,Eintracht Frankfurt,Sébastien Haller,3,2017,132,6144,F S,31,2355,9,6.976676066406071,7,5.461122107692063,4,3.813451074063778,41,30,2,0,10.144115582108498,3.3863165993243456
GER-Bundesliga,1718,Eintracht Frankfurt,Taleb Tawatha,3,2017,132,5312,D M S,13,426,0,0.08312289975583553,0,0.08312289975583553,1,0.6983078084886074,3,6,1,0,1.2427649330347776,0.5259951148182154
GER-Bundesliga,1718,Eintracht Frankfurt,Timothy Chandler,3,2017,132,359,D M S,24,1892,2,1.8211730048060417,2,1.8211730048060417,4,2.504690559580922,24,24,3,0,4.417789287865162,2.347369760274887
GER-Bundesliga,1718,FC Cologne,Anas Ouahim,3,2017,134,6416,S,1,18,0,0.0526169016957283,0,0.0526169016957283,0,0.0,1,0,0,0,0.0526169016957283,0.0
GER-Bundesliga,1718,FC Cologne,Birk Risa,3,2017,134,5321,F S,2,78,0,0.1829259991645813,0,0.1829259991645813,0,0.021698299795389175,2,1,0,0,0.2046239972114563,0.08505109697580338
GER-Bundesliga,1718,FC Cologne,Chris Führich,3,2017,134,6449,M S,2,95,0,0.021698299795389175,0,0.021698299795389175,0,0.050959598273038864,1,1,0,0,0.1073106974363327,0.03465279936790466
GER-Bundesliga,1718,FC Cologne,Christian Clemens,3,2017,134,49,M S,14,637,1,1.2862487826496363,1,1.2862487826496363,0,1.5892430134117603,17,9,2,0,3.439741676673293,0.9465389847755432
GER-Bundesliga,1718,FC Cologne,Claudio Pizarro,3,2017,134,122,F M S,16,570,1,1.863683208823204,1,1.863683208823204,1,0.46268730983138084,16,7,0,0,2.433829393237829,1.1297474093735218
GER-Bundesliga,1718,FC Cologne,Dominic Maroh,3,2017,134,130,D S,11,916,0,0.0480710007250309,0,0.0480710007250309,0,0.09214040078222752,2,2,0,0,1.7779669035226107,1.7523724995553493
GER-Bundesliga,1718,FC Cologne,Dominique Heintz,3,2017,134,129,D,31,2790,1,0.3556688977405429,1,0.3556688977405429,0,0.9996619094163179,8,8,3,0,4.4739976823329926,4.038315534591675
GER-Bundesliga,1718,FC Cologne,Filip Kusic,3,2017,134,6450,S,1,14,0,0.0,0,0.0,0,0.0,0,0,0,0,0.0,0.0
GER-Bundesliga,1718,FC Cologne,Frederik Sörensen,3,2017,134,138,D S,28,2003,2,2.7653044536709785,2,2.7653044536709785,1,0.9883587770164013,15,6,10,0,2.983156578615308,1.514181774109602
GER-Bundesliga,1718,FC Cologne,Jannes Horn,3,2017,134,2627,D S,11,824,0,0.04843290150165558,0,0.04843290150165558,0,1.328377615660429,2,9,0,0,3.153642326593399,1.9852859675884247
GER-Bundesliga,1718,FC Cologne,Jhon Córdoba,3,2017,134,48,F S,18,948,0,3.340848457068205,0,3.340848457068205,2,1.263182564638555,34,7,1,0,5.822912696748972,2.0392085779458284
GER-Bundesliga,1718,FC Cologne,Jonas Hector,3,2017,134,131,D M,20,1764,2,1.2214324902743101,2,1.2214324902743101,2,1.843664581887424,16,22,4,0,4.960842816159129,3.5339036881923676
GER-Bundesliga,1718,FC Cologne,Jorge Meré,3,2017,134,2210,D S,22,1888,1,0.21004199143499136,1,0.21004199143499136,1,0.29450899362564087,3,1,6,0,2.2802655082195997,1.9705454837530851
GER-Bundesliga,1718,FC Cologne,Konstantin Rausch,3,2017,134,13,D M S,12,932,0,0.3688137987628579,0,0.3688137987628579,1,0.5826863069087267,12,8,3,0,2.327638618648052,2.034847354516387
GER-Bundesliga,1718,FC Cologne,Leonardo Bittencourt,3,2017,134,262,F M S,22,1624,5,3.317234393209219,5,3.317234393209219,3,2.365025515668094,32,24,4,0,7.316533848643303,2.0573679991066456
GER-Bundesliga,1718,FC Cologne,Lukas Klünter,3,2017,134,403,D F M S,19,1333,1,1.7953654071316123,1,1.7953654071316123,0,1.0114238020032644,17,13,6,0,4.3515513595193624,1.9002351220697165
GER-Bundesliga,1718,FC Cologne,Marcel Risse,3,2017,134,134,D M S,16,1166,1,0.637221796438098,1,0.637221796438098,3,2.7363465409725904,18,21,1,0,3.431899469345808,1.9150936920195818
GER-Bundesliga,1718,FC Cologne,Marco Höger,3,2017,134,427,M S,23,1683,0,0.939884202554822,0,0.939884202554822,0,0.38510659895837307,9,9,4,0,4.062859116122127,3.6713003274053335
GER-Bundesliga,1718,FC Cologne,Matthias Lehmann,3,2017,134,132,D M S,20,1526,0,0.19435950368642807,0,0.19435950368642807,0,0.0503091998398304,12,3,3,0,2.881346344947815,2.7172403261065483
GER-Bundesliga,1718,FC Cologne,Milos Jojic,3,2017,134,144,M S,25,1461,2,2.364037210121751,2,2.364037210121751,5,5.962951458990574,40,32,3,0,6.218793521635234,2.027436811476946
GER-Bundesliga,1718,FC Cologne,Nikolas Nartey,3,2017,134,6415,S,1,6,0,0.0,0,0.0,0,0.0,0,0,0,0,0.0,0.0
GER-Bundesliga,1718,FC Cologne,Pawel Olkowski,3,2017,134,128,D M,5,450,0,0.15029789879918098,0,0.15029789879918098,0,0.0,3,0,1,0,0.3828401006758213,0.23254220187664032
GER-Bundesliga,1718,FC Cologne,Salih Özcan,3,2017,134,5294,M S,23,1676,0,0.7244059070944786,0,0.7244059070944786,1,1.718487797304988,15,18,5,0,5.094797722995281,3.6864389907568693
GER-Bundesliga,1718,FC Cologne,Serhou Guirassy,3,2017,134,3738,F S,15,832,4,6.291973266750574,2,4.776416335254908,0,0.5897988900542259,32,7,2,0,5.410659495741129,0.9190701059997082
GER-Bundesliga,1718,FC Cologne,Simon Terodde,3,2017,134,6090,F S,30,2114,7,9.132849368266761,6,7.617293360643089,1,1.7688724901527166,44,22,4,0,8.767622066661716,1.3683863002806902
GER-Bundesliga,1718,FC Cologne,Simon Zoller,3,2017,134,139,F M S,17,965,2,3.18171046115458,2,3.18171046115458,1,0.2963992953300476,9,10,3,0,3.7871748246252537,0.3279762025922537
GER-Bundesliga,1718,FC Cologne,Tim Handwerker,3,2017,134,6353,D M S,11,390,0,0.2932588029652834,0,0.2932588029652834,1,1.4360183998942375,8,3,0,0,1.6531767137348652,0.5056003965437412
GER-Bundesliga,1718,FC Cologne,Timo Horn,3,2017,134,127,GK,34,3060,0,0.0,0,0.0,0,0.08951049670577049,0,3,0,0,1.969549285247922,1.9423770848661661
GER-Bundesliga,1718,FC Cologne,Vincent Koziello,3,2017,134,3307,M S,12,786,1,0.1807388998568058,1,0.1807388998568058,0,0.4378117974847555,3,6,3,0,3.813916591927409,3.3268002346158028
GER-Bundesliga,1718,FC Cologne,Yann Bisseck,3,2017,134,6414,D S,3,151,0,0.0,0,0.0,0,0.0,0,0,0,0,0.18112799525260925,0.18112799525260925
GER-Bundesliga,1718,FC Cologne,Yuya Osako,3,2017,134,135,F M S,25,1909,4,4.4752171486616135,4,4.4752171486616135,2,1.9425861183553934,36,24,2,1,8.351573035120964,3.9733870662748814
GER-Bundesliga,1718,Freiburg,Alexander Schwolow,3,2017,135,5262,GK,33,2906,0,0.07005009800195694,0,0.07005009800195694,0,0.03918270021677017,1,2,0,0,1.4562390763312578,1.3861889764666557
GER-Bundesliga,1718,Freiburg,Amir Abrashi,3,2017,135,5265,M S,12,850,0,0.1545603033155203,0,0.1545603033155203,0,0.38436900824308395,5,3,2,0,2.1283764950931072,1.7755228895694017
GER-Bundesliga,1718,Freiburg,Bartosz Kapustka,3,2017,135,1786,F M S,7,233,1,0.12928850203752518,1,0.12928850203752518,0,0.0,4,0,0,0,0.1557539999485016,0.02646549977362156
GER-Bundesliga,1718,Freiburg,Caglar Söyüncü,3,2017,135,5264,D S,26,2152,1,0.9050615094602108,1,0.9050615094602108,0,0.0,9,0,4,2,2.589081476442516,2.4936311775818467
GER-Bundesliga,1718,Freiburg,Caleb Stanko,3,2017,135,6392,D S,6,188,0,0.021440299227833748,0,0.021440299227833748,0,0.0,1,0,0,0,0.285783015191555,0.285783015191555
GER-Bundesliga,1718,Freiburg,Christian Günter,3,2017,135,4243,D M,34,3060,1,1.7115122256800532,1,0.9537352500483394,3,3.6452709091827273,26,50,2,0,7.036292294040322,4.870441837236285
GER-Bundesliga,1718,Freiburg,Florian Kath,3,2017,135,4344,F M S,24,625,1,0.8907765876501799,1,0.8907765876501799,0,0.2632044004276395,16,6,3,0,1.4548948258161545,0.40661944542080164
GER-Bundesliga,1718,Freiburg,Florian Niederlechner,3,2017,135,306,F M S,10,709,2,3.0273937061429024,2,2.269613690674305,0,0.32694579660892487,24,7,1,0,2.925051026046276,0.7494599996134639
GER-Bundesliga,1718,Freiburg,Janik Haberer,3,2017,135,4271,F M S,33,2777,3,4.47177204862237,2,2.9562156088650227,4,3.2094878181815147,41,33,9,0,8.443159341812134,3.2402021577581763
GER-Bundesliga,1718,Freiburg,Julian Schuster,3,2017,135,4245,D M S,18,1307,0,0.5105550922453403,0,0.5105550922453403,0,0.6992736924439669,12,14,1,0,1.5972695164382458,1.5443217307329178
GER-Bundesliga,1718,Freiburg,Karim Guédé,3,2017,135,4244,F S,2,62,0,0.0,0,0.0,0,0.0,0,0,0,0,0.013869100250303745,0.013869100250303745
GER-Bundesliga,1718,Freiburg,Lucas Höler,3,2017,135,6475,F M S,14,928,1,2.1061321403831244,1,2.1061321403831244,0,0.1590252984315157,13,5,0,0,2.1532906778156757,0.7017463706433773
GER-Bundesliga,1718,Freiburg,Lukas Kübler,3,2017,135,5263,D S,15,1152,0,0.13284459803253412,0,0.13284459803253412,0,0.08523329719901085,4,3,3,0,1.4319064170122147,1.233119667507708
GER-Bundesliga,1718,Freiburg,Manuel Gulde,3,2017,135,5292,D,17,1530,1,1.1504099043086171,1,1.1504099043086171,0,0.032989900559186935,9,1,1,0,1.4626287184655666,1.205132114700973
GER-Bundesliga,1718,Freiburg,Marc-Oliver Kempf,3,2017,135,4291,D S,12,909,0,0.1552543994039297,0,0.1552543994039297,1,0.6531688990071416,4,3,1,0,1.3606282286345959,1.3512262217700481
GER-Bundesliga,1718,Freiburg,Marco Terrazzino,3,2017,135,5287,F M S,24,1522,0,2.124939853325486,0,2.124939853325486,1,2.871767343953252,24,29,3,0,6.445185077376664,2.374964383430779
GER-Bundesliga,1718,Freiburg,Mike Frantz,3,2017,135,4246,M S,15,1052,0,0.9387810062617064,0,0.9387810062617064,1,0.3649819102138281,11,7,0,0,1.986723616719246,0.7446008026599884
GER-Bundesliga,1718,Freiburg,Mohamed Dräger,3,2017,135,6476,S,2,50,0,0.0,0,0.0,0,0.0,0,0,0,0,0.0,0.0
GER-Bundesliga,1718,Freiburg,Nicolas Höfler,3,2017,135,4250,M S,27,2260,1,0.5270942039787769,1,0.5270942039787769,3,1.5645485306158662,11,17,6,1,5.440016441047192,4.837348844856024
GER-Bundesliga,1718,Freiburg,Nils Petersen,3,2017,135,4248,F S,32,2226,15,11.808655690401793,10,7.261999506503344,1,2.1846735049039125,64,32,3,1,8.896063776686788,1.813873304054141
GER-Bundesliga,1718,Freiburg,Onur Bulut,3,2017,135,5267,S,1,36,0,0.0,0,0.0,0,0.06795070320367813,0,1,0,0,0.06795070320367813,0.0
GER-Bundesliga,1718,Freiburg,Pascal Stenzel,3,2017,135,326,D M S,25,1937,1,0.41624496039003134,1,0.41624496039003134,0,0.6707908064126968,15,17,3,0,2.394389459863305,1.5295734833925962
GER-Bundesliga,1718,Freiburg,Philipp Lienhart,3,2017,135,2611,D,11,869,0,0.06097309943288565,0,0.06097309943288565,0,0.08049169927835464,2,1,2,0,0.41054729372262955,0.41054729372262955
GER-Bundesliga,1718,Freiburg,Rafal Gikiewicz,3,2017,135,5293,GK S,2,154,0,0.0,0,0.0,0,0.0,0,0,0,0,0.08409389853477478,0.08409389853477478
GER-Bundesliga,1718,Freiburg,Robin Koch,3,2017,135,6273,D M S,26,1916,2,0.8200311101973057,2,0.8200311101973057,1,0.8962864857167006,13,6,3,0,2.1993992161005735,2.105528423562646
GER-Bundesliga,1718,Freiburg,Ryan Kent,3,2017,135,6317,F S,6,235,0,0.6128562949597836,0,0.6128562949597836,0,0.29144400358200073,8,1,1,0,0.9497032985091209,0.06685470044612885
GER-Bundesliga,1718,Freiburg,Tim Kleindienst,3,2017,135,6142,F S,22,1130,2,3.5704245865345,2,3.5704245865345,3,2.1720297019928694,44,9,2,0,4.155070763081312,0.5308601129800081
GER-Bundesliga,1718,Freiburg,Vincent Sierro,3,2017,135,5311,F M S,4,214,0,0.19538559392094612,0,0.19538559392094612,0,0.11904270201921463,4,4,0,0,0.2532228045165539,0.03613460063934326
GER-Bundesliga,1718,Freiburg,Yoric Ravet,3,2017,135,6272,F M S,10,488,0,0.6352644842118025,0,0.6352644842118025,2,1.7121348110958934,16,17,0,1,1.7381829433143139,0.5357953095808625
GER-Bundesliga,1718,Hamburger SV,Aaron Hunt,3,2017,118,174,F M S,29,2172,3,2.605501677840948,2,1.8477257005870342,2,4.349493026733398,30,62,1,0,8.244849337264895,5.015265051275492
GER-Bundesliga,1718,Hamburger SV,Albin Ekdal,3,2017,118,411,M S,19,1110,0,0.41535070165991783,0,0.41535070165991783,1,0.955826479010284,8,7,3,0,3.3520404510200024,2.372611451894045
GER-Bundesliga,1718,Hamburger SV,André Hahn,3,2017,118,412,F M S,23,1352,3,2.9503307342529297,3,2.9503307342529297,0,0.768954697996378,42,7,0,0,3.504702389240265,0.7531757913529873
GER-Bundesliga,1718,Hamburger SV,Bakery Jatta,3,2017,118,5225,F M S,10,291,0,0.7562439888715744,0,0.7562439888715744,1,0.11045939847826958,3,3,1,0,1.5352024622261524,0.6684991791844368
GER-Bundesliga,1718,Hamburger SV,Bobby Wood,3,2017,118,5224,F M S,24,1610,2,4.654365057125688,1,3.89658803679049,0,1.5839055702090263,39,18,1,1,5.67230842448771,1.2064374294131994
GER-Bundesliga,1718,Hamburger SV,Christian Mathenia,3,2017,118,1,GK,24,2160,0,0.0,0,0.0,0,0.027246899902820587,0,1,2,0,0.8409346267580986,0.813687726855278
GER-Bundesliga,1718,Hamburger SV,Dennis Diekmeier,3,2017,118,175,D M,22,1869,0,0.5559586025774479,0,0.5559586025774479,3,2.2760740919038653,6,19,4,0,3.634558655321598,2.128052830696106
GER-Bundesliga,1718,Hamburger SV,Douglas Santos,3,2017,118,5286,D M S,27,2380,1,0.7708809026516974,1,0.7708809026516974,1,1.8117031808942556,21,22,6,0,6.099751741159707,4.16146678943187
GER-Bundesliga,1718,Hamburger SV,Filip Kostic,3,2017,118,64,F M S,30,2412,5,8.683302029967308,5,7.167745999991894,1,3.1116733495146036,66,30,2,0,9.98451968934387,2.00376267824322
GER-Bundesliga,1718,Hamburger SV,Gian-Luca Waldschmidt,3,2017,118,294,F M S,21,790,1,2.670812224969268,1,2.670812224969268,0,0.7165299113839865,31,7,0,0,3.1357365418225527,1.2869506692513824
GER-Bundesliga,1718,Hamburger SV,Gideon Jung,3,2017,118,168,D M S,30,2567,1,0.6521404925733805,1,0.6521404925733805,1,0.9210984036326408,7,9,7,1,3.1216558311134577,1.7168104322627187
GER-Bundesliga,1718,Hamburger SV,Gotoku Sakai,3,2017,118,164,D M S,28,2287,0,0.6433971971273422,0,0.6433971971273422,0,0.7279896074905992,20,13,2,0,3.117731117643416,2.260461621917784
GER-Bundesliga,1718,Hamburger SV,Jann-Fiete Arp,3,2017,118,6348,F S,18,845,2,1.9805916771292686,2,1.9805916771292686,0,0.5051411893218756,17,4,1,0,2.7502749152481556,0.9658050276339054
GER-Bundesliga,1718,Hamburger SV,Joshua Vagnoman,3,2017,118,6626,S,1,20,0,0.0,0,0.0,0,0.0,0,0,0,0,0.0,0.0
GER-Bundesliga,1718,Hamburger SV,Julian Pollersbeck,3,2017,118,6095,GK,10,900,0,0.0,0,0.0,0,0.0,0,0,1,0,0.8414740040898323,0.8414740040898323
GER-Bundesliga,1718,Hamburger SV,Kyriakos Papadopoulos,3,2017,118,197,D,29,2610,1,1.3583905901759863,1,1.3583905901759863,1,0.31436869874596596,23,7,11,1,3.113232704810798,2.7294204914942384
GER-Bundesliga,1718,Hamburger SV,Lewis Holtby,3,2017,118,169,F M S,16,1199,6,3.401725602336228,6,3.401725602336228,0,0.8449741080403328,22,14,1,0,5.634720783680677,2.0616860948503017
GER-Bundesliga,1718,Hamburger SV,Matti Steinmann,3,2017,118,4374,M,8,606,0,0.21550630033016205,0,0.21550630033016205,0,0.19435880333185196,3,5,2,0,1.2708395197987556,1.0184933245182037
GER-Bundesliga,1718,Hamburger SV,Mergim Mavraj,3,2017,118,2643,D,17,1455,0,0.3293755017220974,0,0.3293755017220974,0,0.12104280292987823,5,2,2,1,0.9373347163200378,0.8842327147722244
GER-Bundesliga,1718,Hamburger SV,Mohamed Gouaida,3,2017,118,4283,M,1,60,0,0.0,0,0.0,0,0.0,0,0,0,0,0.0,0.0
GER-Bundesliga,1718,Hamburger SV,Nicolai Müller,3,2017,118,170,M S,2,24,1,0.04072260111570358,1,0.04072260111570358,0,0.013023699633777142,1,1,0,0,0.013023699633777142,0.0
GER-Bundesliga,1718,Hamburger SV,Rick van Drongelen,3,2017,118,6094,D S,18,1442,0,0.4558261036872864,0,0.4558261036872864,0,0.0,5,0,4,0,0.9076891206204891,0.9076891206204891
GER-Bundesliga,1718,Hamburger SV,Sejad Salihovic,3,2017,118,4287,M S,10,366,1,0.9099882077425718,0,0.1522116009145975,0,0.31032339856028557,9,8,1,0,0.6802055994048715,0.4362225979566574
GER-Bundesliga,1718,Hamburger SV,Stephan Ambrosius,3,2017,118,6540,D,1,47,0,0.0,0,0.0,0,0.0,0,0,0,0,0.0,0.0
GER-Bundesliga,1718,Hamburger SV,Sven Schipplock,3,2017,118,176,F S,10,327,0,1.0240629268810153,0,1.0240629268810153,0,0.2405199036002159,5,4,0,0,1.3182917013764381,0.788476288318634
GER-Bundesliga,1718,Hamburger SV,Tatsuya Ito,3,2017,118,6323,M S,20,1011,0,0.9938468020409346,0,0.9938468020409346,2,1.1885804012417793,12,14,1,0,4.026011895388365,2.078011393547058
GER-Bundesliga,1718,Hamburger SV,Törles Knöll,3,2017,118,6298,S,1,14,0,0.0,0,0.0,0,0.0,0,0,0,0,0.010651499964296818,0.010651499964296818
GER-Bundesliga,1718,Hamburger SV,Vasilije Janjicic,3,2017,118,5223,M S,7,320,0,0.028733400627970695,0,0.028733400627970695,0,0.10140026919543743,2,3,1,0,0.4160049855709076,0.285870797932148
GER-Bundesliga,1718,Hamburger SV,Walace,3,2017,118,5226,M S,18,1324,1,0.5865247966721654,1,0.5865247966721654,2,1.2643442060798407,18,12,3,0,2.6446838257834315,1.500707927159965
GER-Bundesliga,1718,Hannover 96,Charlison Benschop,3,2017,128,103,M S,7,181,1,0.26320699974894524,1,0.26320699974894524,0,0.05515719950199127,5,1,0,0,0.345598004758358,0.15115680173039436
GER-Bundesliga,1718,Hannover 96,Felipe,3,2017,128,105,D,6,458,0,0.055260900408029556,0,0.055260900408029556,0,0.04684180021286011,1,2,0,0,0.2832678984850645,0.2832678984850645
GER-Bundesliga,1718,Hannover 96,Felix Klaus,3,2017,128,350,F M S,28,1993,4,4.090187015011907,4,4.090187015011907,2,1.8175158575177193,58,31,5,0,6.910005981102586,3.3547224840149283
GER-Bundesliga,1718,Hannover 96,Florian Hübner,3,2017,128,6097,D S,9,324,0,0.0,0,0.0,0,0.0,0,0,2,0,0.1341101974248886,0.1341101974248886
GER-Bundesliga,1718,Hannover 96,Ihlas Bebou,3,2017,128,6271,F M S,30,2133,5,5.65603522118181,5,5.65603522118181,2,4.939567434601486,50,41,3,0,11.758733112365007,3.5729619543999434
GER-Bundesliga,1718,Hannover 96,Iver Fossum,3,2017,128,2653,M S,19,1298,1,1.0224298033863306,1,1.0224298033863306,1,1.6547575145959854,22,16,0,0,4.2768786093220115,2.539900346659124
GER-Bundesliga,1718,Hannover 96,Jonathas,3,2017,128,2480,F S,12,636,3,2.181165475398302,2,1.4233884997665882,3,1.647780381143093,16,14,2,0,2.8883420983329415,0.450733307749033
GER-Bundesliga,1718,Hannover 96,Josip Elez,3,2017,128,6505,D S,11,781,0,0.0,0,0.0,0,0.0,0,0,1,0,1.6158673195168376,1.6158673195168376
GER-Bundesliga,1718,Hannover 96,Julian Korb,3,2017,128,203,D F M,28,2348,1,1.4816237688064575,1,1.4816237688064575,1,1.4522324996069074,10,23,8,0,6.11480125784874,3.8248861050233245
GER-Bundesliga,1718,Hannover 96,Kenan Karaman,3,2017,128,98,F M S,22,844,1,1.4918039916083217,1,1.4918039916083217,0,0.4664825014770031,17,7,2,0,3.3338302047923207,1.840078018605709
GER-Bundesliga,1718,Hannover 96,Linton Maina,3,2017,128,6638,S,2,29,0,0.0,0,0.0,1,0.9274550080299377,0,3,0,0,0.7545830011367798,0.0445265993475914
GER-Bundesliga,1718,Hannover 96,Manuel Schmiedebach,3,2017,128,108,M S,6,166,0,0.0,0,0.0,0,0.22058849595487118,0,3,1,0,0.8553256131708622,0.8361778073012829
GER-Bundesliga,1718,Hannover 96,Martin Harnik,3,2017,128,407,F M S,30,1892,9,7.442935049533844,9,7.442935049533844,2,1.1942126750946045,49,18,2,0,9.097859751433134,1.959419270977378
GER-Bundesliga,1718,Hannover 96,Marvin Bakalorz,3,2017,128,4266,M S,28,2062,0,1.5435167169198394,0,1.5435167169198394,1,2.1210297867655754,21,13,4,0,6.852319149300456,4.079805117100477
GER-Bundesliga,1718,Hannover 96,Matthias Ostrzolek,3,2017,128,167,D M,27,2381,0,0.5117451995611191,0,0.5117451995611191,1,1.7164902742952108,15,22,5,0,7.85463016666472,5.88305277377367
GER-Bundesliga,1718,Hannover 96,Michael Esser,3,2017,128,5277,GK,3,270,0,0.0,0,0.0,0,0.0,0,0,0,0,0.44474978744983673,0.44474978744983673
GER-Bundesliga,1718,Hannover 96,Miiko Albornoz,3,2017,128,95,D S,10,698,0,0.14871549420058727,0,0.14871549420058727,2,0.8600825928151608,4,8,1,0,2.299403131008148,1.6238478161394596
GER-Bundesliga,1718,Hannover 96,Niclas Füllkrug,3,2017,128,6098,F S,34,2387,14,11.419224666431546,11,8.38820313476026,3,3.693625908344984,87,37,2,0,14.361863600090146,4.863058164715767
GER-Bundesliga,1718,Hannover 96,Noah Joel Sarenren Bazee,3,2017,128,2659,S,7,103,0,0.0,0,0.0,0,0.0,0,0,1,0,0.0,0.0
GER-Bundesliga,1718,Hannover 96,Oliver Sorg,3,2017,128,348,D M S,22,1697,0,0.2973966971039772,0,0.2973966971039772,1,0.6387067977339029,7,8,4,0,3.501787710003555,2.974032315425575
GER-Bundesliga,1718,Hannover 96,Philipp Tschauner,3,2017,128,107,GK,31,2790,0,0.05272519960999489,0,0.05272519960999489,0,0.03134379908442497,1,1,1,0,1.1611270029097795,1.1297832038253546
GER-Bundesliga,1718,Hannover 96,Pirmin Schwegler,3,2017,128,80,M S,29,2336,0,0.7427797093987465,0,0.7427797093987465,6,2.8222220866009593,12,47,10,0,6.512258887290955,5.880036860704422
GER-Bundesliga,1718,Hannover 96,Salif Sané,3,2017,128,96,D,32,2880,4,1.6740604992955923,4,1.6740604992955923,1,0.7881131069734693,28,9,6,0,5.1407320946455,4.953005392104387
GER-Bundesliga,1718,Hannover 96,Sebastian Maier,3,2017,128,6099,M S,10,257,0,0.08988940063863993,0,0.08988940063863993,0,0.4910447895526886,5,3,0,0,2.1213477179408073,1.983594536781311
GER-Bundesliga,1718,Hannover 96,Timo Hübers,3,2017,128,6403,D,5,450,0,0.1225742008537054,0,0.1225742008537054,1,0.3190420065075159,4,4,2,0,1.2457274217158556,1.0563406143337488
GER-Bundesliga,1718,Hannover 96,Waldemar Anton,3,2017,128,106,D M S,27,2276,1,1.9440550077706575,1,1.9440550077706575,0,0.03667470067739487,23,2,1,0,4.943985626101494,4.690013821236789
GER-Bundesliga,1718,Hertha Berlin,Alexander Esswein,3,2017,122,270,F M S,16,608,2,0.5407131053507328,2,0.5407131053507328,1,0.24990920163691044,9,5,0,0,2.162610087543726,1.5902976877987385
GER-Bundesliga,1718,Hertha Berlin,Arne Maier,3,2017,122,5298,M S,17,1229,0,0.8433535732328892,0,0.8433535732328892,1,1.540668785572052,13,7,1,0,6.732319677248597,5.0599683821201324
GER-Bundesliga,1718,Hertha Berlin,Davie Selke,3,2017,122,4280,F S,27,1887,10,7.410126687027514,9,6.6523497113958,0,1.711251080967486,46,15,4,0,10.67921713925898,3.3856371603906155
GER-Bundesliga,1718,Hertha Berlin,Fabian Lustenberger,3,2017,122,25,D M S,23,1579,0,0.04835519939661026,0,0.04835519939661026,0,0.6131357932463288,3,6,3,0,4.389639060944319,3.785111352801323
GER-Bundesliga,1718,Hertha Berlin,Genki Haraguchi,3,2017,122,35,M S,7,200,0,0.0,0,0.0,1,0.7548450753092766,0,2,2,1,0.8588970825076103,0.155765101313591
GER-Bundesliga,1718,Hertha Berlin,Jordan Torunarigha,3,2017,122,5238,D S,12,660,1,0.9437239766120911,1,0.9437239766120911,0,0.04791349917650223,2,1,0,1,1.2510675117373466,1.2031540125608444
GER-Bundesliga,1718,Hertha Berlin,Julian Schieber,3,2017,122,2633,S,3,52,0,0.2924500107765198,0,0.2924500107765198,0,0.0,1,0,0,0,0.8989120125770569,0.6064620018005371
GER-Bundesliga,1718,Hertha Berlin,Karim Rekik,3,2017,122,3388,D,26,2306,2,0.20515000354498625,2,0.20515000354498625,2,1.0168929994106293,7,2,4,0,4.346251021139324,4.333443011157215
GER-Bundesliga,1718,Hertha Berlin,Marvin Plattenhardt,3,2017,122,23,D,33,2970,0,0.878233096562326,0,0.878233096562326,7,3.4332393929362297,18,33,6,0,8.0453179795295,6.373562404885888
GER-Bundesliga,1718,Hertha Berlin,Mathew Leckie,3,2017,122,241,M S,26,1846,5,1.7898902259767056,5,1.7898902259767056,1,1.4187542079016566,23,17,3,0,4.630114881321788,2.0700704269111156
GER-Bundesliga,1718,Hertha Berlin,Maximilian Mittelstädt,3,2017,122,419,D M S,11,420,0,0.20926450192928314,0,0.20926450192928314,0,0.20188310742378235,9,4,0,0,0.428296010941267,0.1392332036048174
GER-Bundesliga,1718,Hertha Berlin,Mitchell Weiser,3,2017,122,28,D M S,24,1985,1,0.5425939988344908,1,0.5425939988344908,2,3.276667194440961,14,39,2,0,8.621571846306324,6.304640710353851
GER-Bundesliga,1718,Hertha Berlin,Niklas Stark,3,2017,122,418,D M S,26,2209,1,0.9859045594930649,1,0.9859045594930649,1,0.39655570685863495,11,4,2,0,5.737293249927461,5.480880415998399
GER-Bundesliga,1718,Hertha Berlin,Ondrej Duda,3,2017,122,5240,M S,17,750,1,0.9567118780687451,1,0.9567118780687451,0,0.3503308119252324,8,3,3,0,2.644091624766588,1.358088206499815
GER-Bundesliga,1718,Hertha Berlin,Pal Dardai,3,2017,122,5317,S,2,24,0,0.0,0,0.0,0,0.0,0,0,1,0,0.0,0.0
GER-Bundesliga,1718,Hertha Berlin,Per Skjelbred,3,2017,122,24,M S,28,2177,0,0.10418640077114105,0,0.10418640077114105,0,0.9779689870774746,6,6,2,0,5.488116484135389,4.865663263946772
GER-Bundesliga,1718,Hertha Berlin,Peter Pekarík,3,2017,122,443,D,17,1385,0,0.7959073912352324,0,0.7959073912352324,2,1.4209140054881573,9,12,1,0,3.360801614820957,1.9938346929848194
GER-Bundesliga,1718,Hertha Berlin,Rune Jarstein,3,2017,122,19,GK,31,2790,0,0.06226490065455437,0,0.06226490065455437,0,0.0,1,0,2,0,2.189626507461071,2.189626507461071
GER-Bundesliga,1718,Hertha Berlin,Salomon Kalou,3,2017,122,26,F M S,31,2237,12,9.56729025579989,11,8.051740060560405,3,2.3350692065432668,50,16,0,0,9.753901926800609,1.9603113206103444
GER-Bundesliga,1718,Hertha Berlin,Sebastian Langkamp,3,2017,122,21,D S,21,1362,0,1.1114796847105026,0,1.1114796847105026,0,0.10959309712052345,7,2,4,0,2.238130310550332,1.6586952898651361
GER-Bundesliga,1718,Hertha Berlin,Thomas Kraft,3,2017,122,434,GK,3,270,0,0.0,0,0.0,0,0.0,0,0,0,0,0.46110400557518005,0.46110400557518005
GER-Bundesliga,1718,Hertha Berlin,Valentin Stocker,3,2017,122,32,S,3,49,0,0.06810459867119789,0,0.06810459867119789,0,0.023316100239753723,3,1,0,0,0.06420150026679039,0.0
GER-Bundesliga,1718,Hertha Berlin,Valentino Lazaro,3,2017,122,6352,M S,26,1853,2,2.243489167653024,2,2.243489167653024,5,4.143410543911159,18,28,4,0,8.635853382758796,3.6681989654898643
GER-Bundesliga,1718,Hertha Berlin,Vedad Ibisevic,3,2017,122,29,F S,27,1450,6,8.8720089122653,4,7.3564619943499565,4,1.6668200939893723,38,13,4,1,7.508208340033889,0.9599049547687173
GER-Bundesliga,1718,Hertha Berlin,Vladimir Darida,3,2017,122,27,M S,21,1640,0,1.1162454979494214,0,1.1162454979494214,3,1.6726024933159351,25,15,2,0,6.905686260201037,4.937640255317092
GER-Bundesliga,1718,Hoffenheim,Andrej Kramaric,3,2017,120,956,F M S,34,2221,13,10.218699244782329,11,8.703145233914256,6,5.703154318034649,82,52,1,0,16.007910531014204,7.243496546521783
GER-Bundesliga,1718,Hoffenheim,Benjamin Hübner,3,2017,120,251,D,27,2324,3,2.365257781930268,3,2.365257781930268,2,0.6194391064345837,22,11,9,0,5.665993716567755,5.111497137695551
GER-Bundesliga,1718,Hoffenheim,Dennis Geiger,3,2017,120,6081,M S,21,1598,2,1.7028421787545085,2,1.7028421787545085,1,1.3234637193381786,21,26,9,0,6.915209699422121,4.372275652363896
GER-Bundesliga,1718,Hoffenheim,Ermin Bicakcic,3,2017,120,84,D S,9,548,0,0.01865280047059059,0,0.01865280047059059,0,0.04563229903578758,1,1,4,0,1.4492671862244606,1.43061438575387
GER-Bundesliga,1718,Hoffenheim,Eugen Polanski,3,2017,120,86,M S,9,257,0,0.23907500132918358,0,0.23907500132918358,1,0.1037312000989914,4,3,1,0,1.6416364312171936,1.3985460251569748
GER-Bundesliga,1718,Hoffenheim,Florian Grillitsch,3,2017,120,116,M S,25,1893,1,1.1296481071040034,1,1.1296481071040034,2,1.8318627118133008,19,27,5,0,7.965449832379818,5.452577922493219
GER-Bundesliga,1718,Hoffenheim,Håvard Nordtveit,3,2017,120,202,D S,15,958,0,0.4265579991042614,0,0.4265579991042614,0,0.06058580055832863,6,1,0,0,1.6524912007153034,1.48777549341321
GER-Bundesliga,1718,Hoffenheim,Kerem Demirbay,3,2017,120,5273,M S,19,1205,2,2.049549352377653,1,1.291773149278015,2,2.291622783988714,23,31,3,0,5.467798791825771,3.5917985336855054
GER-Bundesliga,1718,Hoffenheim,Kevin Akpoguma,3,2017,120,6327,D S,22,1682,0,0.19396880082786083,0,0.19396880082786083,1,1.138906516134739,5,7,1,0,4.951896816492081,4.40318164229393
GER-Bundesliga,1718,Hoffenheim,Kevin Vogt,3,2017,120,133,D M,31,2790,0,0.18920107930898666,0,0.18920107930898666,1,0.6478364057838917,4,9,9,0,9.043970484286547,8.486252516508102
GER-Bundesliga,1718,Hoffenheim,Lukas Rupp,3,2017,120,62,M S,21,1175,3,2.2015631776303053,3,2.2015631776303053,2,2.139580739662051,16,17,1,0,7.503281928598881,3.463456032797694
GER-Bundesliga,1718,Hoffenheim,Mark Uth,3,2017,120,88,D F M S,31,2171,14,9.93688040599227,14,9.93688040599227,8,4.703467749990523,56,29,5,0,16.576847665011883,4.064812902361155
GER-Bundesliga,1718,Hoffenheim,Nadiem Amiri,3,2017,120,82,F M S,28,1744,2,3.207356058061123,2,3.207356058061123,3,3.4659236865118146,44,30,4,0,11.1346326302737,5.685660457238555
GER-Bundesliga,1718,Hoffenheim,Nico Schulz,3,2017,120,433,D M S,27,1767,1,1.4368850188329816,1,1.4368850188329816,2,2.606401599943638,17,27,3,0,8.352447602897882,5.65946838632226
GER-Bundesliga,1718,Hoffenheim,Oliver Baumann,3,2017,120,73,GK,34,3060,0,0.0,0,0.0,0,0.0,0,0,0,0,5.55720417201519,5.55720417201519
GER-Bundesliga,1718,Hoffenheim,Pavel Kaderábek,3,2017,120,74,D M S,28,2192,2,2.5187704069539905,2,2.5187704069539905,3,3.2110153110697865,23,22,5,0,12.848918596282601,7.887974483892322
GER-Bundesliga,1718,Hoffenheim,Philipp Ochs,3,2017,120,445,S,3,71,0,0.2060520052909851,0,0.2060520052909851,0,0.021069400012493134,4,1,0,0,0.23308399319648743,0.0418131984770298
GER-Bundesliga,1718,Hoffenheim,Robert Zulj,3,2017,120,6474,M S,5,201,0,0.4380199909210205,0,0.4380199909210205,0,0.19436240941286087,5,3,1,0,0.9549628011882305,0.39957400783896446
GER-Bundesliga,1718,Hoffenheim,Robin Hack,3,2017,120,6351,F S,3,63,1,0.06668070144951344,1,0.06668070144951344,0,0.05628649890422821,2,1,0,0,0.2913150079548359,0.16834700107574463
GER-Bundesliga,1718,Hoffenheim,Serge Gnabry,3,2017,120,993,F M S,22,1535,10,5.927380431443453,10,5.169603627175093,5,3.723109444603324,50,26,0,0,11.80041354522109,4.116408199071884
GER-Bundesliga,1718,Hoffenheim,Stefan Posch,3,2017,120,5329,D,9,761,0,0.1747308000922203,0,0.1747308000922203,0,0.013453899882733822,3,1,3,0,1.7694624066352844,1.6245903968811035
GER-Bundesliga,1718,Hoffenheim,Steven Zuber,3,2017,120,254,D M S,20,1454,1,0.9485364025458694,1,0.9485364025458694,2,1.116195010021329,15,15,2,0,4.146371580660343,2.6292902305722237
GER-Bundesliga,1718,Hoffenheim,Ádám Szalai,3,2017,120,360,F S,18,873,5,3.086067818105221,5,3.086067818105221,1,0.74870790168643,28,12,2,0,4.413425512611866,0.9583361158147454
GER-Bundesliga,1718,Mainz 05,Abdou Diallo,3,2017,125,4804,D,27,2416,2,1.780505184084177,2,1.780505184084177,1,0.2227918989956379,12,4,5,0,3.639502048958093,3.5263791498728096
GER-Bundesliga,1718,Mainz 05,Alexander Hack,3,2017,125,52,D S,15,1288,1,0.6506620608270168,1,0.6506620608270168,0,0.19668509811162949,13,5,2,0,2.0307240821421146,1.869926704093814
GER-Bundesliga,1718,Mainz 05,Alexandru Maxim,3,2017,125,63,M S,22,956,2,1.5723530119284987,2,1.5723530119284987,2,1.382703397423029,27,19,4,0,3.3510490097105503,1.6736028734594584
GER-Bundesliga,1718,Mainz 05,Anthony Ujah,3,2017,125,119,F S,11,195,0,0.6065587028861046,0,0.6065587028861046,0,0.086293401196599,8,4,0,0,0.63049899879843,0.011482100002467632
GER-Bundesliga,1718,Mainz 05,Bote Baku,3,2017,125,6708,M,3,236,2,0.7678749859333038,2,0.7678749859333038,0,0.22609399259090424,5,1,1,0,1.5356398150324821,0.7936797961592674
GER-Bundesliga,1718,Mainz 05,Daniel Brosinski,3,2017,125,38,D M S,29,2504,1,1.6644178223796189,0,0.906640846747905,5,3.092669711448252,32,43,0,0,4.636056782212108,2.675366922747344
GER-Bundesliga,1718,Mainz 05,Danny Latza,3,2017,125,43,M S,29,2359,2,1.4430676167830825,2,1.4430676167830825,1,1.6382831567898393,41,34,7,0,5.287305519916117,3.102699634153396
GER-Bundesliga,1718,Mainz 05,Emil Berggreen,3,2017,125,6408,F S,14,653,4,2.2298424690961838,4,2.2298424690961838,2,0.683924600481987,13,7,2,0,2.6648607924580574,0.5598290059715509
GER-Bundesliga,1718,Mainz 05,Fabian Frei,3,2017,125,441,M S,11,809,1,0.7531415959820151,1,0.7531415959820151,0,0.7030164934694767,9,9,1,0,1.8648049645125866,0.9222077913582325
GER-Bundesliga,1718,Mainz 05,Florian Müller,3,2017,125,5328,GK,5,450,0,0.0,0,0.0,0,0.0,0,0,0,0,0.48746579699218273,0.48746579699218273
GER-Bundesliga,1718,Mainz 05,Gerrit Holtmann,3,2017,125,5270,D F M S,17,894,2,0.8730719033628702,2,0.8730719033628702,1,1.3158841263502836,20,9,1,0,3.702926779165864,1.8277718089520931
GER-Bundesliga,1718,Mainz 05,Giulio Donati,3,2017,125,193,D M S,29,2288,0,0.33061970118433237,0,0.33061970118433237,3,1.5281367916613817,9,25,2,2,3.3390475763008,2.111993385478854
GER-Bundesliga,1718,Mainz 05,Jairo Samperio,3,2017,125,46,S,2,28,0,0.07428769767284393,0,0.07428769767284393,0,0.0,1,0,1,0,0.07428769767284393,0.0
GER-Bundesliga,1718,Mainz 05,Jean-Philippe Gbamin,3,2017,125,4764,D M S,30,2592,1,0.8871510904282331,1,0.8871510904282331,3,1.426416109316051,26,13,5,0,4.448860854841769,3.2910508271306753
GER-Bundesliga,1718,Mainz 05,Karim Onisiwo,3,2017,125,2631,M S,8,246,0,0.11222710274159908,0,0.11222710274159908,0,0.6821450218558311,2,3,0,0,1.060823317617178,0.9485960192978382
GER-Bundesliga,1718,Mainz 05,Kenan Kodro,3,2017,125,5129,F S,8,223,0,0.5964600145816803,0,0.5964600145816803,0,0.18927569687366486,2,4,0,0,1.1429793126881123,0.35724420472979546
GER-Bundesliga,1718,Mainz 05,Leon Balogun,3,2017,125,394,D,14,1176,0,0.03986591938883066,0,0.03986591938883066,0,0.012081700377166271,2,1,4,1,1.0577761139720678,1.051182309165597
GER-Bundesliga,1718,Mainz 05,Levin Öztunali,3,2017,125,118,F M S,25,1771,0,1.563896207138896,0,1.563896207138896,4,1.9650571886450052,26,24,3,0,3.6135629434138536,1.516058397013694
GER-Bundesliga,1718,Mainz 05,Nigel de Jong,3,2017,125,1948,M S,11,744,0,0.013026800006628036,0,0.013026800006628036,0,0.2084583044052124,1,4,2,0,1.148485709913075,1.060368706472218
GER-Bundesliga,1718,Mainz 05,Pablo De Blasis,3,2017,125,44,F M S,25,1658,5,3.6903047058731318,2,1.416968785226345,2,2.335030975751579,29,29,2,0,5.64990711491555,2.5486152013763785
GER-Bundesliga,1718,Mainz 05,René Adler,3,2017,125,163,GK,14,1260,0,0.0,0,0.0,0,0.3054310083389282,0,1,0,0,0.5845511071383953,0.2791200987994671
GER-Bundesliga,1718,Mainz 05,Robin Quaison,3,2017,125,1275,F M S,24,1412,4,4.614086389541626,4,4.614086389541626,1,1.2128211930394173,41,13,3,0,6.131341734901071,1.0216589011251926
GER-Bundesliga,1718,Mainz 05,Robin Zentner,3,2017,125,449,GK,15,1350,0,0.0,0,0.0,0,0.0,0,0,1,0,0.7788196080364287,0.7788196080364287
GER-Bundesliga,1718,Mainz 05,Stefan Bell,3,2017,125,40,D S,25,2174,1,1.1559866946190596,1,1.1559866946190596,0,0.46434539183974266,12,8,8,0,2.131045527756214,1.9897612258791924
GER-Bundesliga,1718,Mainz 05,Suat Serdar,3,2017,125,307,M S,25,1699,2,1.385034091770649,2,1.385034091770649,0,0.7610664376989007,39,19,3,0,3.2587844720110297,1.4895937936380506
GER-Bundesliga,1718,Mainz 05,Viktor Fischer,3,2017,125,1713,F M S,10,328,0,0.3959855027496815,0,0.3959855027496815,0,0.16766449809074402,7,5,1,0,0.9716372862458229,0.5736391097307205
GER-Bundesliga,1718,Mainz 05,Yoshinori Muto,3,2017,125,47,F S,27,1911,8,4.823195498436689,8,4.823195498436689,2,1.7365936087444425,37,17,2,0,7.276026017032564,0.9984926069155335
GER-Bundesliga,1718,RasenBallsport Leipzig,Ademola Lookman,3,2017,136,5556,F M S,11,579,5,2.877881720662117,5,2.877881720662117,3,2.811043281108141,13,17,1,0,6.009684734046459,1.8003616109490395
GER-Bundesliga,1718,RasenBallsport Leipzig,Benno Schmitz,3,2017,136,5253,D S,2,82,0,0.0,0,0.0,0,0.07580800354480743,0,2,0,0,0.3127489984035492,0.23694099485874176
GER-Bundesliga,1718,RasenBallsport Leipzig,Bernardo,3,2017,136,5245,D S,18,1349,1,0.42663149908185005,1,0.42663149908185005,1,0.6550266928970814,12,6,2,0,3.57145918905735,3.2766271457076073
GER-Bundesliga,1718,RasenBallsport Leipzig,Bruma,3,2017,136,2235,D F M S,28,1603,4,2.3667347878217697,4,2.3667347878217697,2,3.5239917878061533,41,26,0,0,11.085407622158527,7.064665205776691
GER-Bundesliga,1718,RasenBallsport Leipzig,Dayotchanculle Upamecano,3,2017,136,5243,D S,28,2261,3,1.6385524105280638,3,1.6385524105280638,0,0.36550153978168964,10,8,2,1,5.13753870408982,4.67812539730221
GER-Bundesliga,1718,RasenBallsport Leipzig,Diego Demme,3,2017,136,5246,M S,30,2289,0,0.5099687967449427,0,0.5099687967449427,3,1.9988813637755811,12,30,4,0,11.8368937689811,10.064518803730607
GER-Bundesliga,1718,RasenBallsport Leipzig,Dominik Kaiser,3,2017,136,5252,M S,10,270,0,0.2545914947986603,0,0.2545914947986603,0,0.09014619886875153,4,3,0,0,0.410998098552227,0.3637842983007431
GER-Bundesliga,1718,RasenBallsport Leipzig,Emil Forsberg,3,2017,136,5249,M S,21,1373,2,3.3092183209955692,1,2.551522109657526,2,2.2568222926929593,35,39,0,1,7.682599030435085,5.0678920559585094
GER-Bundesliga,1718,RasenBallsport Leipzig,Ibrahima Konaté,3,2017,136,6326,D S,16,1226,0,0.15144509449601173,0,0.15144509449601173,0,0.3623632863163948,2,3,1,0,2.7868283968418837,2.7868283968418837
GER-Bundesliga,1718,RasenBallsport Leipzig,Jean-Kevin Augustin,3,2017,136,3299,F S,25,1273,9,7.302125945687294,8,5.786571752279997,5,2.0915732085704803,37,16,1,0,9.258105210959911,2.3466251399368048
GER-Bundesliga,1718,RasenBallsport Leipzig,Konrad Laimer,3,2017,136,6109,D M S,22,1329,0,0.19960829615592957,0,0.19960829615592957,2,2.031201684847474,5,13,2,0,5.19584315083921,4.705236015841365
GER-Bundesliga,1718,RasenBallsport Leipzig,Lukas Klostermann,3,2017,136,5358,D S,26,2200,1,1.045295501127839,1,1.045295501127839,0,1.6014556689187884,11,15,2,0,5.779498282819986,3.5775203332304955
GER-Bundesliga,1718,RasenBallsport Leipzig,Marcel Halstenberg,3,2017,136,5254,D S,15,1175,2,1.4293002942577004,2,1.4293002942577004,2,1.3263164162635803,25,15,3,0,4.846701368689537,3.42485224455595
GER-Bundesliga,1718,RasenBallsport Leipzig,Marcel Sabitzer,3,2017,136,5248,F M S,22,1792,3,3.163718104362488,3,3.163718104362488,5,3.6991476714611053,61,34,4,0,10.188222383148968,5.2314831065014005
GER-Bundesliga,1718,RasenBallsport Leipzig,Marvin Compper,3,2017,136,5244,D S,2,86,0,0.0,0,0.0,0,0.0,0,0,0,0,0.12876300513744354,0.12876300513744354
GER-Bundesliga,1718,RasenBallsport Leipzig,Naby Keita,3,2017,136,5247,M S,27,1970,6,3.321178615093231,6,3.321178615093231,5,4.164140300825238,42,40,7,2,10.610249795019627,5.057679334655404
GER-Bundesliga,1718,RasenBallsport Leipzig,Péter Gulácsi,3,2017,136,5241,GK,33,2970,0,0.0,0,0.0,0,0.0,0,0,1,0,3.7460853438824415,3.7460853438824415
GER-Bundesliga,1718,RasenBallsport Leipzig,Stefan Ilsanker,3,2017,136,5242,D M S,21,1290,0,0.7807994708418846,0,0.7807994708418846,1,0.752961790189147,5,9,2,1,6.313972909003496,5.951602879911661
GER-Bundesliga,1718,RasenBallsport Leipzig,Timo Werner,3,2017,136,65,F S,32,2497,13,13.574379600584507,11,12.058826632797718,7,4.531198205426335,95,24,1,0,16.800834264606237,2.6707776859402657
GER-Bundesliga,1718,RasenBallsport Leipzig,Willi Orban,3,2017,136,5257,D S,26,2128,3,1.4329418875277042,3,1.4329418875277042,0,0.9749489016830921,11,7,5,1,3.48461689427495,3.142382502555847
GER-Bundesliga,1718,RasenBallsport Leipzig,Yussuf Poulsen,3,2017,136,5250,F S,30,1655,4,7.172977073118091,4,7.172977073118091,2,2.188160501420498,38,18,1,0,10.033816574141383,1.6442190958186984
GER-Bundesliga,1718,RasenBallsport Leipzig,Yvon Mvogo,3,2017,136,6110,GK,1,90,0,0.0,0,0.0,0,0.0,0,0,0,0,0.10592000186443329,0.10592000186443329
GER-Bundesliga,1718,Schalke 04,Abdul Rahman Baba,3,2017,124,684,S,1,32,0,0.0,0,0.0,0,0.0,0,0,0,0,0.037141598761081696,0.037141598761081696
GER-Bundesliga,1718,Schalke 04,Alessandro Schöpf,3,2017,124,2638,M S,15,806,0,0.41707589849829674,0,0.41707589849829674,0,0.473469203338027,9,6,3,0,1.0117498096078634,0.6938680112361908
GER-Bundesliga,1718,Schalke 04,Alexander Nübel,3,2017,124,2639,S,1,43,0,0.0,0,0.0,0,0.0,0,0,0,0,0.0,0.0
GER-Bundesliga,1718,Schalke 04,Amine Harit,3,2017,124,5717,F M S,31,2059,3,3.6976754749193788,2,2.939898499287665,3,3.959059849381447,25,38,3,0,9.060132410377264,3.1987180449068546
GER-Bundesliga,1718,Schalke 04,Bastian Oczipka,3,2017,124,285,D M S,29,2318,0,0.8960103308781981,0,0.8960103308781981,1,3.9388920199126005,15,55,2,0,6.924366785213351,5.291875997558236
GER-Bundesliga,1718,Schalke 04,Benjamin Stambouli,3,2017,124,3290,D M S,28,2193,0,0.0,0,0.0,2,0.707559896633029,0,9,4,0,4.129938316531479,3.593712636269629
GER-Bundesliga,1718,Schalke 04,Breel Embolo,3,2017,124,5356,F M S,21,916,3,3.839116282761097,3,3.839116282761097,0,0.1720501035451889,18,4,4,0,5.001883436925709,1.588431547395885
GER-Bundesliga,1718,Schalke 04,Cedric Teuchert,3,2017,124,6522,S,4,30,0,0.6674590110778809,0,0.6674590110778809,0,0.0,5,0,0,0,0.6674590110778809,0.0
GER-Bundesliga,1718,Schalke 04,Coke,3,2017,124,2073,S,1,1,0,0.0,0,0.0,0,0.0,0,0,1,0,0.0,0.0
GER-Bundesliga,1718,Schalke 04,Daniel Caligiuri,3,2017,124,157,D M S,33,2916,6,4.073196487501264,3,1.7998661007732153,10,5.509024692699313,35,49,4,0,8.61739645153284,5.2740570437163115
GER-Bundesliga,1718,Schalke 04,Fabian Reese,3,2017,124,390,S,7,66,0,0.3071272037923336,0,0.3071272037923336,0,0.0,4,0,0,0,0.502256702631712,0.1951296031475067
GER-Bundesliga,1718,Schalke 04,Franco Di Santo,3,2017,124,341,F M S,30,1664,3,3.4982794746756554,2,2.7405024990439415,1,1.5073075937107205,30,18,4,0,4.927287326194346,1.1039486564695835
GER-Bundesliga,1718,Schalke 04,Guido Burgstaller,3,2017,124,5302,F M S,32,2324,11,9.003491615876555,11,9.003491615876555,4,4.392531233839691,55,28,8,0,11.453918799757957,2.0622152583673596
GER-Bundesliga,1718,Schalke 04,Leon Goretzka,3,2017,124,335,M S,26,1984,4,4.54175756778568,3,3.783981560729444,2,1.1002834979444742,45,17,3,0,4.973801176995039,2.1078671338036656
GER-Bundesliga,1718,Schalke 04,Marko Pjaca,3,2017,124,1577,F S,7,257,2,0.3994697034358978,2,0.3994697034358978,0,0.0,6,0,0,0,0.536979703232646,0.27241499722003937
GER-Bundesliga,1718,Schalke 04,Matija Nastasic,3,2017,124,451,D S,24,1989,0,0.9804231822490692,0,0.9804231822490692,0,0.16166660003364086,8,3,5,1,2.0006073862314224,1.8688469864428043
GER-Bundesliga,1718,Schalke 04,Max Meyer,3,2017,124,338,M S,24,1739,0,0.194889098405838,0,0.194889098405838,0,0.33338259998708963,8,9,6,0,5.1176741579547524,4.789716334082186
GER-Bundesliga,1718,Schalke 04,Nabil Bentaleb,3,2017,124,914,M S,16,1006,4,3.3074513226747513,0,0.2763440012931824,3,0.6154924891889095,15,9,2,1,1.6527696046978235,0.96528210490942
GER-Bundesliga,1718,Schalke 04,Naldo,3,2017,124,147,D,34,3060,7,4.002475691959262,7,4.002475691959262,2,2.465989626944065,47,15,4,0,7.15121338609606,5.460114589892328
GER-Bundesliga,1718,Schalke 04,Pablo Insúa,3,2017,124,4037,S,1,26,0,0.0,0,0.0,0,0.0,0,0,1,0,0.0,0.0
GER-Bundesliga,1718,Schalke 04,Ralf Fährmann,3,2017,124,330,GK,34,3017,0,0.0,0,0.0,0,0.12540699541568756,0,1,1,0,1.6085717342793941,1.6085717342793941
GER-Bundesliga,1718,Schalke 04,Thilo Kehrer,3,2017,124,2674,D M S,28,2369,3,1.7504459111951292,3,1.7504459111951292,0,0.475872702896595,17,12,4,0,3.737481165677309,3.22946822270751
GER-Bundesliga,1718,Schalke 04,Weston McKennie,3,2017,124,5360,M S,22,1187,0,0.7317809304222465,0,0.7317809304222465,0,0.785678181797266,9,10,3,0,4.700755421072245,3.7256439216434956
GER-Bundesliga,1718,Schalke 04,Yevhen Konoplyanka,3,2017,124,2068,F M S,27,1573,4,5.138901237398386,4,5.138901237398386,4,4.929584346711636,54,31,1,0,11.847868356853724,3.1733031887561083
GER-Bundesliga,1718,VfB Stuttgart,Ailton,3,2017,133,6086,D S,5,101,0,0.011020599864423275,0,0.011020599864423275,0,0.10854339599609375,1,2,0,0,0.1623096987605095,0.08913169708102942
GER-Bundesliga,1718,VfB Stuttgart,Anastasios Donis,3,2017,133,3962,F M S,18,951,2,4.127502912655473,2,4.127502912655473,2,2.4103777334094048,38,12,1,0,6.5038877511397,0.32023430429399014
GER-Bundesliga,1718,VfB Stuttgart,Andreas Beck,3,2017,133,4270,D S,23,1935,1,0.21004893071949482,1,0.21004893071949482,1,1.3915747115388513,8,15,6,0,2.9417329067364335,2.5771322855725884
GER-Bundesliga,1718,VfB Stuttgart,Anto Grgic,3,2017,133,6386,S,1,1,0,0.0,0,0.0,0,0.0,0,0,0,0,0.0,0.0
GER-Bundesliga,1718,VfB Stuttgart,Benjamin Pavard,3,2017,133,3363,D M,34,3060,1,0.6350165102630854,1,0.6350165102630854,0,1.1756021939218044,11,8,2,0,3.185858327895403,3.1267257295548916
GER-Bundesliga,1718,VfB Stuttgart,Berkay Özcan,3,2017,133,6092,M S,17,1011,1,1.4643223285675049,1,1.4643223285675049,2,1.5268441792577505,12,15,1,0,2.5503368135541677,0.5831147022545338
GER-Bundesliga,1718,VfB Stuttgart,Chadrac Akolo,3,2017,133,6089,F M S,22,1107,5,4.553550653159618,5,3.795774631202221,0,0.7895747013390064,33,13,2,0,5.174931511282921,0.8893299270421267
GER-Bundesliga,1718,VfB Stuttgart,Christian Gentner,3,2017,133,60,M,27,2415,2,2.5908481255173683,2,2.5908481255173683,1,2.5177433462813497,24,26,3,0,8.414077587425709,4.881554262712598
GER-Bundesliga,1718,VfB Stuttgart,Daniel Ginczek,3,2017,133,426,F M S,23,1534,7,7.133928287774324,6,6.3761553056538105,0,1.342076925560832,42,15,3,0,8.300557497888803,1.8395774075761437
GER-Bundesliga,1718,VfB Stuttgart,Dennis Aogo,3,2017,133,334,D M S,29,1945,0,1.1161003345623612,0,1.1161003345623612,6,3.088074087165296,15,23,5,0,5.292044416069984,3.3932617474347353
GER-Bundesliga,1718,VfB Stuttgart,Dzenis Burnic,3,2017,133,5330,M S,6,306,0,0.1827572975307703,0,0.1827572975307703,0,0.3025852032005787,7,5,2,1,0.9566476037725806,0.6526878988370299
GER-Bundesliga,1718,VfB Stuttgart,Ebenezer Ofori,3,2017,133,6091,S,1,9,0,0.0,0,0.0,0,0.0,0,0,0,0,0.0,0.0
GER-Bundesliga,1718,VfB Stuttgart,Emiliano Insúa,3,2017,133,59,D M S,25,2109,0,0.3300226051360369,0,0.3300226051360369,2,1.8701188173145056,11,24,2,0,3.5558008421212435,2.371379418298602
GER-Bundesliga,1718,VfB Stuttgart,Holger Badstuber,3,2017,133,219,D M S,27,2171,2,0.735955610871315,2,0.735955610871315,0,0.08538290113210678,9,1,2,0,2.300140991806984,2.216919593513012
GER-Bundesliga,1718,VfB Stuttgart,Josip Brekalo,3,2017,133,5353,F M S,27,1564,4,2.7417421704158187,4,2.7417421704158187,1,1.651162825524807,33,26,3,0,5.7859036438167095,2.772889313288033
GER-Bundesliga,1718,VfB Stuttgart,Marcin Kaminski,3,2017,133,6085,D S,23,1126,0,0.21787390112876892,0,0.21787390112876892,0,0.5056078033521771,4,4,0,0,2.2414393723011017,2.0886366181075573
GER-Bundesliga,1718,VfB Stuttgart,Mario Gomez,3,2017,133,3887,F S,28,2329,9,10.1233727093786,9,8.607814243994653,3,3.007444417104125,56,25,3,0,11.71043205820024,2.716068208217621
GER-Bundesliga,1718,VfB Stuttgart,Matthias Zimmermann,3,2017,133,2629,D S,3,75,0,0.08035869896411896,0,0.08035869896411896,0,0.0,1,0,0,0,0.14730460196733475,0.06694590300321579
GER-Bundesliga,1718,VfB Stuttgart,Orel Mangala,3,2017,133,6088,M S,20,760,0,0.18205059878528118,0,0.18205059878528118,0,0.27746440190821886,10,3,2,0,2.024092134088278,1.647957131266594
GER-Bundesliga,1718,VfB Stuttgart,Ron-Robert Zieler,3,2017,133,91,GK,34,3060,0,0.0,0,0.0,0,0.03979330137372017,0,1,3,0,0.7031182944774628,0.6633249931037426
GER-Bundesliga,1718,VfB Stuttgart,Santiago Ascacibar,3,2017,133,6289,M S,29,2391,0,0.22341256961226463,0,0.22341256961226463,1,0.7286154832690954,11,9,10,1,4.403774598613381,3.539182831533253
GER-Bundesliga,1718,VfB Stuttgart,Takuma Asano,3,2017,133,6087,F M S,15,712,1,2.049574911594391,1,2.049574911594391,0,1.2178472056984901,17,10,1,0,3.2034822255373,0.2117650005966425
GER-Bundesliga,1718,VfB Stuttgart,Timo Baumgartl,3,2017,133,71,D,29,2610,0,0.3819963978603482,0,0.3819963978603482,0,0.23616829980164766,7,7,4,0,3.036411738023162,2.7639950271695852
GER-Bundesliga,1718,Werder Bremen,Aron Jóhannsson,3,2017,123,430,M S,12,264,1,1.7822168190032244,1,1.7822168190032244,0,0.9653806891292334,9,7,0,0,3.2067937031388283,1.123219821602106
GER-Bundesliga,1718,Werder Bremen,Fin Bartels,3,2017,123,115,F M,14,1129,2,2.6208772379904985,2,2.6208772379904985,3,3.531643464230001,22,23,0,0,6.818715501576662,1.3042783923447132
GER-Bundesliga,1718,Werder Bremen,Florian Kainz,3,2017,123,5231,F M S,30,1689,3,3.178656737320125,3,3.178656737320125,3,2.9581310395151377,34,37,5,0,6.673787817358971,2.512548162601888
GER-Bundesliga,1718,Werder Bremen,Ishak Belfodil,3,2017,123,3834,F M S,26,1341,4,4.201676703989506,4,4.201676703989506,1,2.721358861774206,45,17,1,0,6.731649175286293,2.2610623110085726
GER-Bundesliga,1718,Werder Bremen,Izet Hajrovic,3,2017,123,2136,S,9,174,0,0.19352050311863422,0,0.19352050311863422,0,0.2655067015439272,7,5,3,0,0.16291580069810152,0.011670500040054321
GER-Bundesliga,1718,Werder Bremen,Jiri Pavlenka,3,2017,123,6082,GK,34,3060,0,0.0,0,0.0,0,0.0,0,0,1,0,1.6246837098151445,1.6246837098151445
GER-Bundesliga,1718,Werder Bremen,Johannes Eggestein,3,2017,123,6084,S,7,88,0,0.18995799869298935,0,0.18995799869298935,0,0.7369973920285702,2,3,0,0,1.0812613777816296,0.15430650115013123
GER-Bundesliga,1718,Werder Bremen,Jérôme Gondorf,3,2017,123,8,F M S,21,796,1,1.7600135300308466,1,1.7600135300308466,1,0.7889844039455056,16,7,4,0,3.3268029652535915,0.869392791762948
GER-Bundesliga,1718,Werder Bremen,Lamine Sané,3,2017,123,3254,D S,11,788,1,0.7956329975277185,1,0.7956329975277185,0,0.0,5,0,1,0,0.6027077008038759,0.6027077008038759
GER-Bundesliga,1718,Werder Bremen,Luca Caldirola,3,2017,123,3,D,1,90,0,0.0,0,0.0,0,0.0,0,0,0,0,0.0,0.0
GER-Bundesliga,1718,Werder Bremen,Ludwig Augustinsson,3,2017,123,6083,D M,29,2536,1,1.2173479925841093,1,1.2173479925841093,0,2.3456930816173553,24,28,3,0,7.113383459858596,5.171812134794891
GER-Bundesliga,1718,Werder Bremen,Max Kruse,3,2017,123,155,F M S,29,2454,6,5.110545113682747,6,5.110545113682747,6,4.774864865466952,53,57,2,0,13.11132532171905,5.913467902690172
GER-Bundesliga,1718,Werder Bremen,Maximilian Eggestein,3,2017,123,125,M S,33,2703,2,5.075939476490021,2,5.075939476490021,3,2.2813576739281416,44,14,3,0,11.599326692521572,6.053463621065021
GER-Bundesliga,1718,Werder Bremen,Milos Veljkovic,3,2017,123,2691,D,30,2658,1,0.223725700750947,1,0.223725700750947,0,0.322035102173686,4,5,2,0,4.268662700429559,4.210824707522988
GER-Bundesliga,1718,Werder Bremen,Milot Rashica,3,2017,123,6523,F S,9,385,1,1.0413685869425535,1,1.0413685869425535,0,0.18371629994362593,15,4,0,0,1.658857574686408,0.5776572935283184
GER-Bundesliga,1718,Werder Bremen,Niklas Moisander,3,2017,123,1936,D,25,2250,2,1.1851754933595657,2,1.1851754933595657,0,0.8886400163173676,18,8,6,0,5.495665056630969,4.75653319247067
GER-Bundesliga,1718,Werder Bremen,Ole Käuper,3,2017,123,6448,M,1,75,0,0.0,0,0.0,0,0.0,0,0,1,0,0.0,0.0
GER-Bundesliga,1718,Werder Bremen,Philipp Bargfrede,3,2017,123,114,D M S,27,1878,1,0.4142885971814394,1,0.4142885971814394,1,0.8820177093148232,15,8,5,0,4.851521950215101,3.7139673344790936
GER-Bundesliga,1718,Werder Bremen,Robert Bauer,3,2017,123,237,D M S,16,960,0,0.029786700382828712,0,0.029786700382828712,0,0.16325350292026997,2,4,4,0,1.946501612663269,1.7832486033439636
GER-Bundesliga,1718,Werder Bremen,Theodor Gebre Selassie,3,2017,123,110,D M S,32,2829,3,2.6627541976049542,3,2.6627541976049542,0,1.3602607902139425,17,22,4,0,7.118064731359482,4.899860793724656
GER-Bundesliga,1718,Werder Bremen,Thomas Delaney,3,2017,123,5230,M S,32,2796,3,3.1988970320671797,3,3.1988970320671797,4,2.6872853254899383,54,30,5,0,6.445377885363996,3.5254260282963514
GER-Bundesliga,1718,Werder Bremen,Ulisses García,3,2017,123,399,M,1,90,0,0.0,0,0.0,0,0.0,0,0,0,0,0.0,0.0
GER-Bundesliga,1718,Werder Bremen,Zlatko Junuzovic,3,2017,123,301,F M S,24,1638,2,3.4986611120402813,2,3.4986611120402813,4,3.4758616909384727,42,41,2,0,8.040566245093942,3.294318698346615
GER-Bundesliga,1718,Wolfsburg,Daniel Didavi,3,2017,131,300,F M S,30,2262,9,4.229961226694286,9,4.229961226694286,5,2.2997851837426424,55,29,4,0,7.026382164098322,2.558317905291915
GER-Bundesliga,1718,Wolfsburg,Divock Origi,3,2017,131,484,F M S,31,1962,6,6.295475654304028,6,6.295475654304028,2,1.078896390274167,61,11,2,0,8.405505683273077,1.797634283080697
GER-Bundesliga,1718,Wolfsburg,Elvis Rexhbecaj,3,2017,131,6445,D S,4,121,0,0.0,0,0.0,0,0.0,0,0,0,0,0.0634588971734047,0.0634588971734047
GER-Bundesliga,1718,Wolfsburg,Felix Uduokhai,3,2017,131,6100,D S,19,1552,1,0.13108200207352638,1,0.13108200207352638,0,0.029278500005602837,4,1,1,1,2.2873289808630943,2.2580502778291702
GER-Bundesliga,1718,Wolfsburg,Gian-Luca Itter,3,2017,131,5300,D,5,418,0,0.0,0,0.0,0,0.06049230135977268,0,2,1,0,0.5236873980611563,0.4631950929760933
GER-Bundesliga,1718,Wolfsburg,Ignacio Camacho,3,2017,131,2336,D M,11,953,0,0.17275420110672712,0,0.17275420110672712,0,0.4186384966596961,5,4,1,0,1.7960379840806127,1.3080506213009357
GER-Bundesliga,1718,Wolfsburg,Jakub Blaszczykowski,3,2017,131,1966,M S,9,518,1,0.09655889868736267,1,0.09655889868736267,0,0.45110610499978065,1,7,0,0,1.6816642340272665,1.252296021208167
GER-Bundesliga,1718,Wolfsburg,Jeffrey Bruma,3,2017,131,5327,D,11,990,0,0.15928690135478973,0,0.15928690135478973,0,0.04460480064153671,2,1,2,0,1.6440603882074356,1.6440603882074356
GER-Bundesliga,1718,Wolfsburg,John Brooks,3,2017,131,22,D,9,732,0,0.060716599225997925,0,0.060716599225997925,0,0.0,1,0,1,0,1.4283037828281522,1.4283037828281522
GER-Bundesliga,1718,Wolfsburg,Josuha Guilavogui,3,2017,131,150,M S,29,2411,3,1.5654172990471125,3,1.5654172990471125,2,1.8085393039509654,22,22,6,1,7.311011543497443,5.993523275479674
GER-Bundesliga,1718,Wolfsburg,Kaylen Hinds,3,2017,131,6101,M,1,90,0,0.0,0,0.0,0,0.0,0,0,0,0,0.02503889985382557,0.02503889985382557
GER-Bundesliga,1718,Wolfsburg,Koen Casteels,3,2017,131,159,GK,34,3060,0,0.0,0,0.0,0,0.02503889985382557,0,1,1,0,3.4325771844014525,3.407538284547627
GER-Bundesliga,1718,Wolfsburg,Landry Dimata,3,2017,131,6102,F M S,21,899,0,1.4373029917478561,0,1.4373029917478561,1,0.21920430008322,12,7,0,1,3.399833692237735,2.036502806469798
GER-Bundesliga,1718,Wolfsburg,Marcel Tisserand,3,2017,131,3216,D M S,16,1250,0,0.1976730041205883,0,0.1976730041205883,1,0.10223589837551117,6,2,4,0,3.233309790492058,3.0492179095745087
GER-Bundesliga,1718,Wolfsburg,Maximilian Arnold,3,2017,131,153,M S,29,2452,2,1.9020576886832714,2,1.1442811079323292,0,2.3269255263730884,34,37,8,1,4.978296849410981,3.17631702311337
GER-Bundesliga,1718,Wolfsburg,Paul Jäckel,3,2017,131,6595,D,3,270,0,0.07179979979991913,0,0.07179979979991913,0,0.3468039929866791,2,2,0,0,0.45646130573004484,0.44490429293364286
GER-Bundesliga,1718,Wolfsburg,Paul Verhaegh,3,2017,131,264,D M S,31,2619,2,3.1179249547421932,1,0.8445940278470516,2,1.6287275915965438,6,19,5,0,6.224395029246807,5.580181365832686
GER-Bundesliga,1718,Wolfsburg,Paul-Georges Ntep,3,2017,131,3230,M S,5,160,0,0.05884559825062752,0,0.05884559825062752,1,0.421733308583498,2,2,1,1,0.7242428883910179,0.2436646968126297
GER-Bundesliga,1718,Wolfsburg,Renato Steffen,3,2017,131,6484,M S,16,655,0,0.5634042918682098,0,0.5634042918682098,0,0.2653377028182149,4,4,3,0,1.4733299240469933,0.6445884965360165
GER-Bundesliga,1718,Wolfsburg,Riechedly Bazoer,3,2017,131,5299,M S,13,591,0,0.2411344014108181,0,0.2411344014108181,0,0.1763180010020733,7,3,2,0,1.3148245085030794,0.9238561987876892
GER-Bundesliga,1718,Wolfsburg,Robin Knoche,3,2017,131,161,D,24,2106,1,0.7554604010656476,1,0.7554604010656476,2,0.33046759758144617,6,4,2,0,4.116828098893166,3.6212541200220585
GER-Bundesliga,1718,Wolfsburg,Sebastian Jung,3,2017,131,156,D S,2,80,0,0.0,0,0.0,0,0.0,0,0,1,0,0.0,0.0
GER-Bundesliga,1718,Wolfsburg,Victor Osimhen,3,2017,131,5322,F S,12,277,0,0.7178956046700478,0,0.7178956046700478,0,0.09212840348482132,8,1,0,0,0.7011189088225365,0.1591343991458416
GER-Bundesliga,1718,Wolfsburg,William,3,2017,131,6229,D M S,22,1613,0,0.1915973024442792,0,0.1915973024442792,2,1.8506274912506342,6,18,4,1,3.4272996559739113,2.043461799621582
GER-Bundesliga,1718,Wolfsburg,Yannick Gerhardt,3,2017,131,140,D M S,17,1219,1,0.7026305058971047,1,0.7026305058971047,1,0.606955012306571,9,13,1,0,2.9887027172371745,2.0800735484808683
GER-Bundesliga,1718,Wolfsburg,Yunus Malli,3,2017,131,45,F M S,31,2238,5,4.282688474282622,5,4.282688474282622,4,2.951396794989705,55,28,3,0,8.786643525585532,3.4378212625160813
GER-Bundesliga,1819,Augsburg,Alfred Finnbogason,3,2018,121,2655,F S,18,1372,10,11.457078740000725,6,8.426211759448051,1,2.427559692412615,40,20,2,0,10.545283645391464,1.5004222942516208
GER-Bundesliga,1819,Augsburg,Andreas Luthe,3,2018,121,5260,GK S,15,1311,0,0.0,0,0.0,0,0.0,0,0,0,0,1.5235713794827461,1.5235713794827461
GER-Bundesliga,1819,Augsburg,André Hahn,3,2018,121,412,F M S,28,2043,4,2.4322961131110787,4,2.4322961131110787,4,4.400328692048788,37,30,7,0,7.77820950280875,1.5726307816803455
GER-Bundesliga,1819,Augsburg,Caiuby,3,2018,121,272,F M S,14,1002,1,2.1829421054571867,1,2.1829421054571867,1,1.0324538927525282,32,15,3,0,4.672384366393089,2.9057000018656254
GER-Bundesliga,1819,Augsburg,Christoph Janker,3,2018,121,274,M S,4,69,0,0.0,0,0.0,0,0.0,0,0,0,0,0.14082999527454376,0.14082999527454376
GER-Bundesliga,1819,Augsburg,Daniel Baier,3,2018,121,268,M,33,2832,0,0.6046884031966329,0,0.6046884031966329,1,1.0798066779971123,26,22,7,0,8.72236493974924,7.78839061409235
GER-Bundesliga,1819,Augsburg,Dong-Won Ji,3,2018,121,276,F M S,14,898,4,1.5533149801194668,4,1.5533149801194668,1,0.7215117067098618,22,10,2,0,4.05546173453331,2.020666278898716
GER-Bundesliga,1819,Augsburg,Fabian Giefer,3,2018,121,2686,GK,4,360,0,0.0,0,0.0,0,0.03871149942278862,0,1,0,0,0.13010259717702866,0.13010259717702866
GER-Bundesliga,1819,Augsburg,Felix Götze,3,2018,121,5305,S,6,117,1,1.0925899744033813,1,1.0925899744033813,0,0.0,2,0,0,0,0.0,0.0
GER-Bundesliga,1819,Augsburg,Fredrik Jensen,3,2018,121,7197,F M S,6,207,0,0.490433007478714,0,0.490433007478714,0,0.7308920994400978,2,2,0,0,1.2807453721761703,0.05942060053348541
GER-Bundesliga,1819,Augsburg,Georg Teigl,3,2018,121,5259,F M S,6,291,0,0.0329211987555027,0,0.0329211987555027,0,0.1069243997335434,1,3,0,0,0.2365966998040676,0.09675110131502151
GER-Bundesliga,1819,Augsburg,Gregor Kobel,3,2018,121,5288,GK,17,1479,0,0.0,0,0.0,0,0.0,0,0,0,0,0.562957800924778,0.562957800924778
GER-Bundesliga,1819,Augsburg,Ja-Cheol Koo,3,2018,121,271,M S,26,1632,2,3.5367964562028646,2,3.5367964562028646,1,0.7404359970241785,26,23,3,0,7.03177547454834,2.9549645837396383
GER-Bundesliga,1819,Augsburg,Jan Morávek,3,2018,121,367,M S,13,757,0,0.40199511498212814,0,0.40199511498212814,2,0.5258265072479844,3,8,1,0,1.9747715406119823,1.4489473197609186
GER-Bundesliga,1819,Augsburg,Jan-Ingwer Callsen-Bracker,3,2018,121,266,S,1,5,0,0.07124920189380646,0,0.07124920189380646,0,0.0,1,0,1,0,0.07124920189380646,0.0
GER-Bundesliga,1819,Augsburg,Jeffrey Gouweleeuw,3,2018,121,2665,D S,25,2093,0,0.8610251247882843,0,0.8610251247882843,2,2.4806591868400574,7,8,4,0,5.961528096348047,4.551305776461959
GER-Bundesliga,1819,Augsburg,Jonathan Schmid,3,2018,121,81,D M,28,2520,3,0.6547582857310772,3,0.6547582857310772,7,3.518071954138577,17,44,1,0,7.5897812359035015,6.228099811822176
GER-Bundesliga,1819,Augsburg,Jozo Stanic,3,2018,121,7346,S,1,1,0,0.0,0,0.0,0,0.0,0,0,0,0,0.0,0.0
GER-Bundesliga,1819,Augsburg,Julian Schieber,3,2018,121,2633,F S,9,252,1,0.46457570418715477,1,0.46457570418715477,0,0.33868300914764404,4,1,1,0,0.8932370990514755,0.5877285078167915
GER-Bundesliga,1819,Augsburg,Kevin Danso,3,2018,121,5261,D S,18,1245,1,0.40389749221503735,1,0.40389749221503735,1,0.3355119153857231,10,2,3,0,2.4546155221760273,2.3769485242664814
GER-Bundesliga,1819,Augsburg,Konstantinos Stafylidis,3,2018,121,368,D M S,12,922,0,0.25438124081119895,0,0.25438124081119895,0,1.0007269158959389,10,9,1,0,2.8453690335154533,1.7922757975757122
GER-Bundesliga,1819,Augsburg,Marco Richter,3,2018,121,6357,F M S,25,1434,4,3.430768808349967,4,3.430768808349967,6,2.3449832126498222,55,16,4,0,8.431046262383461,3.559801877476275
GER-Bundesliga,1819,Augsburg,Martin Hinteregger,3,2018,121,2668,D,32,2722,3,2.019313012249768,3,2.019313012249768,0,0.7462024940177798,28,10,3,0,7.466363541781902,6.268801990896463
GER-Bundesliga,1819,Augsburg,Michael Gregoritsch,3,2018,121,171,F M S,32,2499,6,10.701694233343005,5,9.94392023794353,2,2.454625306650996,85,28,4,0,14.628487627953291,5.329399188049138
GER-Bundesliga,1819,Augsburg,Philipp Max,3,2018,121,267,D F M,30,2581,4,2.465569192543626,4,2.465569192543626,2,6.265790403820574,24,62,1,0,7.862402795813978,3.304430115967989
GER-Bundesliga,1819,Augsburg,Rani Khedira,3,2018,121,5251,D M,30,2628,4,1.080293427221477,4,1.080293427221477,1,0.8155194148421288,14,8,6,0,5.165721585974097,4.289789630100131
GER-Bundesliga,1819,Augsburg,Raphael Framberger,3,2018,121,4336,D S,7,547,0,0.0,0,0.0,0,1.4975153505802155,0,7,2,0,1.642929695546627,0.63837278354913
GER-Bundesliga,1819,Augsburg,Reece Oxford,3,2018,121,543,D S,8,502,0,0.7155112065374851,0,0.7155112065374851,1,0.032588500529527664,4,1,0,1,0.6093381121754646,0.5767496712505817
GER-Bundesliga,1819,Augsburg,Sergio Córdova,3,2018,121,6096,F S,20,491,3,1.7000373993068933,3,1.7000373993068933,0,0.17808329965919256,13,4,1,0,1.740955799818039,0.6551679968833923
GER-Bundesliga,1819,Augsburg,Simon Asta,3,2018,121,6597,D,1,90,0,0.04518179967999458,0,0.04518179967999458,0,0.0,2,0,1,0,0.04518179967999458,0.0
GER-Bundesliga,1819,Bayer Leverkusen,Aleksandar Dragovic,3,2018,119,5219,D M S,18,1327,2,0.875534912571311,2,0.875534912571311,0,0.10446824319660664,4,3,4,0,3.803358804434538,3.7507576029747725
GER-Bundesliga,1819,Bayer Leverkusen,Benjamin Henrichs,3,2018,119,435,D,1,64,0,0.0,0,0.0,0,0.0,0,0,1,0,0.21453499794006348,0.21453499794006348
GER-Bundesliga,1819,Bayer Leverkusen,Charles Aránguiz,3,2018,119,454,M S,24,1912,2,1.1526260999962687,2,1.1526260999962687,7,3.511658165603876,23,30,3,0,12.688016381114721,9.70670522004366
GER-Bundesliga,1819,Bayer Leverkusen,Dominik Kohr,3,2018,119,269,M S,18,957,0,1.4244450060650706,0,1.4244450060650706,2,1.878830125555396,16,9,4,0,5.0457444768399,3.1413933094590902
GER-Bundesliga,1819,Bayer Leverkusen,Isaac Thelin,3,2018,119,3712,F S,6,172,0,0.2896074987947941,0,0.2896074987947941,0,0.10006699711084366,5,1,1,0,0.5598164014518261,0.34573400020599365
GER-Bundesliga,1819,Bayer Leverkusen,Jonathan Tah,3,2018,119,183,D,33,2942,3,2.2596553694456816,3,2.2596553694456816,1,0.775295915082097,12,6,3,0,10.879788652062416,10.324721351265907
GER-Bundesliga,1819,Bayer Leverkusen,Julian Baumgartlinger,3,2018,119,42,M S,21,1548,0,0.4020183952525258,0,0.4020183952525258,1,0.5248303273692727,10,10,2,0,8.227334838360548,7.496552716940641
GER-Bundesliga,1819,Bayer Leverkusen,Julian Brandt,3,2018,119,261,D F M S,33,2684,7,8.250307105481625,7,8.250307105481625,11,9.460528545081615,65,86,0,0,26.180527662858367,12.93990651331842
GER-Bundesliga,1819,Bayer Leverkusen,Kai Havertz,3,2018,119,5220,F M S,34,2906,17,11.994206056930125,14,9.721114703454077,3,2.9544783998280764,86,35,2,0,22.9847439462319,12.918040944263339
GER-Bundesliga,1819,Bayer Leverkusen,Karim Bellarabi,3,2018,119,186,F M S,19,1051,5,3.3786794105544686,5,3.3786794105544686,4,5.568165648728609,43,26,4,1,10.652606256306171,2.758352255448699
GER-Bundesliga,1819,Bayer Leverkusen,Kevin Volland,3,2018,119,83,D F M S,34,2829,14,15.157770028337836,14,15.157770028337836,9,8.72912509739399,87,43,4,0,24.608731605112553,5.735529197379947
GER-Bundesliga,1819,Bayer Leverkusen,Lars Bender,3,2018,119,421,D M S,20,1371,1,0.8526315167546272,1,0.8526315167546272,4,1.383013578131795,15,14,2,0,5.217824727296829,3.8831727020442486
GER-Bundesliga,1819,Bayer Leverkusen,Leon Bailey,3,2018,119,5221,F M S,29,1940,5,5.087040273472667,5,5.087040273472667,1,4.092040874063969,56,46,4,0,11.00975033454597,4.18070700019598
GER-Bundesliga,1819,Bayer Leverkusen,Lucas Alario,3,2018,119,6338,F S,27,1240,9,6.610632918775082,9,6.610632918775082,3,1.648653388954699,42,15,1,0,9.995475442148745,2.3495345022529364
GER-Bundesliga,1819,Bayer Leverkusen,Lukas Hradecky,3,2018,119,281,GK,32,2880,0,0.0,0,0.0,0,0.04329949989914894,0,1,1,0,5.879120965022594,5.8358209622092545
GER-Bundesliga,1819,Bayer Leverkusen,Mitchell Weiser,3,2018,119,28,D S,30,2110,1,0.5890326108783484,1,0.5890326108783484,3,3.624672595411539,12,29,3,0,9.169617291539907,6.350069480016828
GER-Bundesliga,1819,Bayer Leverkusen,Paulinho,3,2018,119,7067,S,15,150,0,0.20202359836548567,0,0.20202359836548567,0,0.07820410281419754,6,2,0,0,0.4712279997766018,0.30247260723263025
GER-Bundesliga,1819,Bayer Leverkusen,Ramazan Özcan,3,2018,119,233,GK,2,180,0,0.0,0,0.0,0,0.0,0,0,0,0,0.32631799578666687,0.32631799578666687
GER-Bundesliga,1819,Bayer Leverkusen,Sven Bender,3,2018,119,311,D S,27,1999,0,0.6440538028255105,0,0.6440538028255105,0,0.19157339818775654,14,3,3,0,6.760158572345972,6.4607172682881355
GER-Bundesliga,1819,Bayer Leverkusen,Tin Jedvaj,3,2018,119,417,D S,16,1121,0,0.757812088355422,0,0.757812088355422,0,0.2046482041478157,9,3,3,0,2.913785096257925,2.1513545848429203
GER-Bundesliga,1819,Bayer Leverkusen,Wendell,3,2018,119,185,D S,28,2277,2,2.706447646021843,1,1.1909752748906612,2,1.7954308381304145,11,16,5,0,10.999038664624095,8.576396338641644
GER-Bundesliga,1819,Bayern Munich,Alphonso Davies,3,2018,117,7345,S,6,66,1,0.18120600283145905,1,0.18120600283145905,0,0.0,2,0,1,0,0.7560989856719971,0.5748929977416992
GER-Bundesliga,1819,Bayern Munich,Arjen Robben,3,2018,117,392,F M S,12,567,4,4.038106746971607,4,4.038106746971607,0,1.8786193020641804,22,16,0,1,7.055945906788111,1.996383072808385
GER-Bundesliga,1819,Bayern Munich,Corentin Tolisso,3,2018,117,3603,M S,2,51,1,0.07496590167284012,1,0.07496590167284012,0,0.10988379642367363,1,2,0,0,0.21324369311332703,0.028393499553203583
GER-Bundesliga,1819,Bayern Munich,David Alaba,3,2018,117,391,D S,31,2533,3,2.959610910154879,3,2.959610910154879,3,5.000427596271038,47,29,4,0,21.89020613580942,16.717470221221447
GER-Bundesliga,1819,Bayern Munich,Franck Ribéry,3,2018,117,329,F M S,25,1156,6,3.7647781036794186,6,3.7647781036794186,3,2.6179945543408394,26,21,3,0,12.259531535208225,7.4200788754969835
GER-Bundesliga,1819,Bayern Munich,James Rodríguez,3,2018,117,2249,M S,20,1149,7,5.530224581249058,7,5.530224581249058,3,5.46054333075881,36,50,2,0,16.030885197222233,8.327242121100426
GER-Bundesliga,1819,Bayern Munich,Javi Martínez,3,2018,117,225,M S,21,1316,3,1.6675549894571304,3,1.6675549894571304,0,0.27616080082952976,18,7,3,0,6.2187392339110374,5.880643617361784
GER-Bundesliga,1819,Bayern Munich,Joshua Kimmich,3,2018,117,223,D M,34,3060,2,2.308069009333849,2,2.308069009333849,13,13.690599860623479,25,83,4,0,27.548408430069685,20.070826310664415
GER-Bundesliga,1819,Bayern Munich,Jérôme Boateng,3,2018,117,220,D S,20,1695,0,0.5905683469027281,0,0.5905683469027281,2,1.1368213081732392,14,11,1,0,10.725369438529015,10.64953538775444
GER-Bundesliga,1819,Bayern Munich,Kingsley Coman,3,2018,117,226,F M S,21,1404,6,4.4566447623074055,6,4.4566447623074055,4,4.450503762811422,31,28,2,0,13.87202325463295,6.537648890167475
GER-Bundesliga,1819,Bayern Munich,Leon Goretzka,3,2018,117,335,D M S,30,2008,8,7.112090278416872,8,7.112090278416872,4,3.493873693048954,55,19,3,0,20.793496813625097,13.481845952570438
GER-Bundesliga,1819,Bayern Munich,Manuel Neuer,3,2018,117,217,GK,26,2304,0,0.0,0,0.0,0,0.0,0,0,1,0,7.110223334282637,7.110223334282637
GER-Bundesliga,1819,Bayern Munich,Mats Hummels,3,2018,117,373,D S,21,1778,1,2.7075680419802666,1,2.7075680419802666,1,0.9353164061903954,19,13,1,0,13.626794964075089,13.130340822041035
GER-Bundesliga,1819,Bayern Munich,Meritan Shabani,3,2018,117,6642,S,1,1,0,0.0,0,0.0,0,0.0,0,0,0,0,0.0,0.0
GER-Bundesliga,1819,Bayern Munich,Niklas Süle,3,2018,117,75,D S,31,2649,2,1.0995368091389537,2,1.0995368091389537,0,0.29514620266854763,20,6,2,0,16.421249225735664,15.840386539697647
GER-Bundesliga,1819,Bayern Munich,Rafinha,3,2018,117,221,D S,16,900,1,0.11747580021619797,1,0.11747580021619797,1,0.8226412124931812,4,5,1,0,4.429760232567787,4.173282206058502
GER-Bundesliga,1819,Bayern Munich,Renato Sanches,3,2018,117,5228,M S,17,553,1,0.7897298792377114,1,0.7897298792377114,1,0.8203947097063065,17,9,1,1,4.512112597003579,3.6402317322790623
GER-Bundesliga,1819,Bayern Munich,Robert Lewandowski,3,2018,117,227,F,33,2959,22,33.143249057233334,19,30.112291682511568,7,9.613416269421577,144,47,2,0,41.92331736534834,8.940881442278624
GER-Bundesliga,1819,Bayern Munich,Sandro Wagner,3,2018,117,11,F S,7,134,0,0.44417500495910645,0,0.44417500495910645,0,0.060196101665496826,3,1,2,0,0.993488073348999,0.48911699652671814
GER-Bundesliga,1819,Bayern Munich,Serge Gnabry,3,2018,117,993,F M S,30,1782,10,9.336768036708236,10,9.336768036708236,5,7.477373942732811,63,27,0,0,23.934617253020406,9.198959412053227
GER-Bundesliga,1819,Bayern Munich,Sven Ulreich,3,2018,117,231,GK S,9,756,0,0.0,0,0.0,0,0.0,0,0,0,0,2.2732134629040956,2.2732134629040956
GER-Bundesliga,1819,Bayern Munich,Thiago Alcántara,3,2018,117,229,M S,30,2412,2,2.1983313281089067,2,2.1983313281089067,6,3.88470112439245,23,39,5,0,26.34337803721428,22.368508026003838
GER-Bundesliga,1819,Bayern Munich,Thomas Müller,3,2018,117,224,F M S,32,2403,6,10.931040298193693,6,10.931040298193693,9,10.700433865189552,64,60,1,0,26.969426408410072,14.559245770797133
GER-Bundesliga,1819,Bayern Munich,Woo-Yeong Jeong,3,2018,117,7267,S,1,2,0,0.06173349916934967,0,0.06173349916934967,0,0.0,1,0,0,0,0.06173349916934967,0.0
GER-Bundesliga,1819,Borussia Dortmund,Abdou Diallo,3,2018,129,4804,D S,28,2383,1,2.7939385287463665,1,2.7939385287463665,1,0.7750447131693363,9,11,1,1,14.363187421113253,13.916280467063189
GER-Bundesliga,1819,Borussia Dortmund,Achraf Hakimi,3,2018,129,5197,D S,21,1740,2,1.6855015801265836,2,1.6855015801265836,4,2.961212957277894,20,11,4,0,10.90877135656774,8.401092153042555
GER-Bundesliga,1819,Borussia Dortmund,Axel Witsel,3,2018,129,3059,M S,33,2873,4,2.878089491277933,4,2.878089491277933,1,2.029337003827095,36,16,2,0,18.071822000667453,15.288677096366882
GER-Bundesliga,1819,Borussia Dortmund,Christian Pulisic,3,2018,129,2662,F M S,20,916,4,5.157792281359434,4,5.157792281359434,4,2.9689981304109097,27,21,2,0,9.397067956626415,3.2623505480587482
GER-Bundesliga,1819,Borussia Dortmund,Dan-Axel Zagadou,3,2018,129,6103,D S,17,1267,2,1.3575165029615164,2,1.3575165029615164,0,0.041856799274683,10,2,4,0,5.8748707845807076,5.853027783334255
GER-Bundesliga,1819,Borussia Dortmund,Jacob Bruun Larsen,3,2018,129,5355,F M S,24,1267,2,3.269546141847968,2,3.269546141847968,2,3.1639346312731504,26,17,0,0,8.775733970105648,4.024609304964542
GER-Bundesliga,1819,Borussia Dortmund,Jadon Sancho,3,2018,129,6345,M S,34,2463,12,7.421704597771168,12,7.421704597771168,14,8.309543904848397,40,63,2,0,28.07281539775431,16.31535908393562
GER-Bundesliga,1819,Borussia Dortmund,Julian Weigl,3,2018,129,372,D M S,18,1456,1,0.18273759633302689,1,0.18273759633302689,0,0.10659259930253029,3,2,3,0,6.748357482254505,6.561161361634731
GER-Bundesliga,1819,Borussia Dortmund,Lukasz Piszczek,3,2018,129,310,D,20,1764,1,0.5159249613061547,1,0.5159249613061547,6,3.028061962686479,12,21,3,0,9.90274852886796,8.084532421082258
GER-Bundesliga,1819,Borussia Dortmund,Mahmoud Dahoud,3,2018,129,205,M S,14,683,1,1.3133123833686113,1,1.3133123833686113,0,0.8961180001497269,11,8,2,0,5.730372369289398,3.6461437344551086
GER-Bundesliga,1819,Borussia Dortmund,Manuel Akanji,3,2018,129,6490,D,25,2206,1,0.37639110535383224,1,0.37639110535383224,0,0.6179146077483892,8,6,1,0,10.854753907769918,10.307819979265332
GER-Bundesliga,1819,Borussia Dortmund,Marcel Schmelzer,3,2018,129,313,D S,9,558,0,0.1789522971957922,0,0.1789522971957922,1,0.35708840750157833,4,3,0,0,1.7780699832364917,1.3170179640874267
GER-Bundesliga,1819,Borussia Dortmund,Marco Reus,3,2018,129,319,F M,27,2335,17,16.63950938731432,14,14.366176107898355,8,6.939868495799601,69,38,3,1,25.320992469787598,9.207558234222233
GER-Bundesliga,1819,Borussia Dortmund,Mario Götze,3,2018,129,422,F M S,26,1694,7,4.838531645014882,7,4.838531645014882,7,6.643359361216426,28,41,0,0,17.36269262805581,7.580027289688587
GER-Bundesliga,1819,Borussia Dortmund,Marius Wolf,3,2018,129,2693,D F M S,16,835,1,0.29972490202635527,1,0.29972490202635527,0,1.5979823749512434,7,8,1,1,2.896342094987631,1.8915560990571976
GER-Bundesliga,1819,Borussia Dortmund,Marwin Hitz,3,2018,129,263,GK,2,180,0,0.0,0,0.0,0,0.0,0,0,1,0,0.18321099877357483,0.18321099877357483
GER-Bundesliga,1819,Borussia Dortmund,Maximilian Philipp,3,2018,129,4247,F M S,18,764,1,0.8928641956299543,1,0.8928641956299543,1,0.1720551997423172,13,5,0,0,1.8588535115122795,1.1387728955596685
GER-Bundesliga,1819,Borussia Dortmund,Paco Alcácer,3,2018,129,2380,F S,26,1181,18,10.243738202378154,17,9.48596122674644,0,1.606299844570458,52,15,0,0,12.346806429326534,4.099529784172773
GER-Bundesliga,1819,Borussia Dortmund,Raphael Guerreiro,3,2018,129,3455,D M S,23,1539,2,2.880733053199947,2,2.880733053199947,6,3.943719793111086,35,38,2,0,14.398608036339283,10.5501702837646
GER-Bundesliga,1819,Borussia Dortmund,Roman Bürki,3,2018,129,309,GK,32,2880,0,0.0,0,0.0,0,0.0,0,0,1,0,8.76120762899518,8.76120762899518
GER-Bundesliga,1819,Borussia Dortmund,Shinji Kagawa,3,2018,129,321,M S,2,99,0,0.46798600256443024,0,0.46798600256443024,0,0.0,4,0,0,0,0.8689610064029694,0.40097498893737793
GER-Bundesliga,1819,Borussia Dortmund,Thomas Delaney,3,2018,129,5230,M S,30,2302,3,2.760893269442022,3,2.760893269442022,5,2.896420616656542,33,15,7,0,14.036993477493525,10.938989913091063
GER-Bundesliga,1819,Borussia Dortmund,Ömer Toprak,3,2018,129,184,D S,9,230,0,0.06365320086479187,0,0.06365320086479187,0,0.0,1,0,0,0,0.2317349910736084,0.2317349910736084
GER-Bundesliga,1819,Borussia M.Gladbach,Alassane Pléa,3,2018,130,3310,F M S,34,2513,12,11.376329723745584,12,11.376329723745584,4,3.4188453424721956,83,34,2,0,15.470361612737179,5.1970779513940215
GER-Bundesliga,1819,Borussia M.Gladbach,Christoph Kramer,3,2018,130,187,M S,18,1139,2,0.7837460041046143,2,0.7837460041046143,1,0.9352792985737324,8,9,6,0,4.994358077645302,3.7276463489979506
GER-Bundesliga,1819,Borussia M.Gladbach,Denis Zakaria,3,2018,130,6147,M S,31,1960,4,4.479145116172731,4,4.479145116172731,0,0.6327995909377933,36,15,7,0,8.623372109606862,4.822235711850226
GER-Bundesliga,1819,Borussia M.Gladbach,Fabian Johnson,3,2018,130,327,D F S,18,1007,1,1.1103022992610931,1,1.1103022992610931,0,0.5337588880211115,3,4,1,0,3.5406055692583323,2.4960429910570383
GER-Bundesliga,1819,Borussia M.Gladbach,Florian Neuhaus,3,2018,130,7065,M S,32,2080,3,6.014868069440126,3,6.014868069440126,8,3.1526976972818375,51,28,5,0,17.51092297025025,8.793359080329537
GER-Bundesliga,1819,Borussia M.Gladbach,Ibrahima Traoré,3,2018,130,207,F M S,16,549,0,0.8028956474736333,0,0.8028956474736333,2,2.9600926972925663,15,14,1,0,5.48146793525666,2.117133039049804
GER-Bundesliga,1819,Borussia M.Gladbach,Jonas Hofmann,3,2018,130,320,F M S,27,1911,5,5.607899026013911,4,4.0923450300469995,5,3.549526199698448,36,34,2,0,13.461802002042532,7.619251074269414
GER-Bundesliga,1819,Borussia M.Gladbach,Josip Drmic,3,2018,130,209,F S,5,217,2,1.399684987962246,2,1.399684987962246,0,0.016246700659394264,7,1,0,0,2.2797859236598015,0.863851010799408
GER-Bundesliga,1819,Borussia M.Gladbach,Lars Stindl,3,2018,130,208,F M S,21,1520,3,2.294995223172009,3,2.294995223172009,1,2.831706278026104,34,22,3,0,9.292970590293407,5.533264255151153
GER-Bundesliga,1819,Borussia M.Gladbach,Louis Beyer,3,2018,130,6557,D S,9,721,0,0.32861409336328506,0,0.32861409336328506,0,0.1146169975399971,5,2,1,0,2.2349232994019985,1.9695474170148373
GER-Bundesliga,1819,Borussia M.Gladbach,László Bénes,3,2018,130,5258,S,1,25,0,0.0,0,0.0,0,0.0,0,0,0,0,0.0,0.0
GER-Bundesliga,1819,Borussia M.Gladbach,Matthias Ginter,3,2018,130,315,D,27,2379,2,1.6078447792679071,2,1.6078447792679071,0,0.8888863120228052,22,9,2,0,7.643554292619228,7.252228993922472
GER-Bundesliga,1819,Borussia M.Gladbach,Michael Lang,3,2018,130,7180,D S,17,1269,1,2.3289037458598614,1,2.3289037458598614,0,0.4917059987783432,11,4,0,0,5.071306841447949,3.377624588087201
GER-Bundesliga,1819,Borussia M.Gladbach,Michaël Cuisance,3,2018,130,6148,M S,11,261,0,0.4575892072170973,0,0.4575892072170973,1,0.25008290261030197,8,5,3,0,0.8553418032824993,0.30946329422295094
GER-Bundesliga,1819,Borussia M.Gladbach,Nico Elvedi,3,2018,130,212,D,30,2629,2,2.067353500984609,2,2.067353500984609,1,0.8768619745969772,14,3,1,0,12.771419953554869,11.995784122496843
GER-Bundesliga,1819,Borussia M.Gladbach,Oscar Wendt,3,2018,130,206,D M S,32,2730,1,0.4802343947812915,1,0.4802343947812915,1,2.3471810901537538,8,25,2,0,10.709090495482087,8.957314064726233
GER-Bundesliga,1819,Borussia M.Gladbach,Patrick Herrmann,3,2018,130,420,F M S,24,1059,3,1.5560207217931747,3,1.5560207217931747,2,2.8476832937449217,19,25,1,0,4.6815762128680944,1.341979400254786
GER-Bundesliga,1819,Borussia M.Gladbach,Raffael,3,2018,130,210,F S,13,530,2,2.1462108716368675,2,2.1462108716368675,1,1.4540355950593948,11,16,0,0,4.173216488212347,1.2940680906176567
GER-Bundesliga,1819,Borussia M.Gladbach,Thorgan Hazard,3,2018,130,213,F M,33,2885,10,9.718651266768575,7,5.929769674316049,10,9.782197763212025,75,73,1,0,17.89327171072364,8.82364683225751
GER-Bundesliga,1819,Borussia M.Gladbach,Tobias Strobl,3,2018,130,79,D M S,29,2291,0,0.8134166020900011,0,0.8134166020900011,4,2.1255820309743285,7,17,4,0,7.153283162973821,6.538223898969591
GER-Bundesliga,1819,Borussia M.Gladbach,Tony Jantschke,3,2018,130,201,D S,14,930,0,0.15273809805512428,0,0.15273809805512428,1,0.28642401099205017,4,1,0,0,2.8131593139842153,2.8131593139842153
GER-Bundesliga,1819,Borussia M.Gladbach,Yann Sommer,3,2018,130,199,GK,34,3060,0,0.0,0,0.0,0,0.02304459922015667,0,1,1,0,5.870630944147706,5.847586939111352
GER-Bundesliga,1819,Eintracht Frankfurt,Allan,3,2018,132,5239,M S,4,175,0,0.12375800311565399,0,0.12375800311565399,0,0.018306000158190727,2,1,1,0,1.935759961605072,1.8119999766349792
GER-Bundesliga,1819,Eintracht Frankfurt,Almamy Touré,3,2018,132,3431,D S,7,524,0,0.1524379998445511,0,0.1524379998445511,0,0.020449500530958176,2,1,0,0,1.5584284290671349,1.4731854274868965
GER-Bundesliga,1819,Eintracht Frankfurt,Ante Rebic,3,2018,132,1852,F M S,28,1995,9,10.508396678604186,9,10.508396678604186,4,5.55631522461772,61,34,3,1,16.078255721367896,2.844954611733556
GER-Bundesliga,1819,Eintracht Frankfurt,Branimir Hrgota,3,2018,132,216,S,1,2,0,0.0,0,0.0,0,0.0,0,0,0,0,0.0,0.0
GER-Bundesliga,1819,Eintracht Frankfurt,Carlos Salcedo,3,2018,132,1417,D,6,460,0,0.05438500177115202,0,0.05438500177115202,0,0.0,3,0,3,0,1.0166859701275826,1.008288986980915
GER-Bundesliga,1819,Eintracht Frankfurt,Danny Blum,3,2018,132,5236,S,1,1,0,0.0,0,0.0,0,0.0,0,0,0,0,0.0,0.0
GER-Bundesliga,1819,Eintracht Frankfurt,Danny da Costa,3,2018,132,249,D F M,34,3036,2,3.9484588764607906,2,3.9484588764607906,4,5.811638745479286,21,33,1,0,13.933870056644082,6.6535599287599325
GER-Bundesliga,1819,Eintracht Frankfurt,David Abraham,3,2018,132,283,D,17,1423,0,1.1369620151817799,0,1.1369620151817799,0,0.31112608406692743,5,5,2,0,1.5052456026896834,1.4050057139247656
GER-Bundesliga,1819,Eintracht Frankfurt,Evan Ndicka,3,2018,132,7049,D S,27,2304,1,1.4330297308042645,1,1.4330297308042645,1,0.08944820053875446,13,4,3,0,5.968195944093168,5.886039246805012
GER-Bundesliga,1819,Eintracht Frankfurt,Filip Kostic,3,2018,132,64,D F M S,34,2965,6,4.307762128300965,6,4.307762128300965,10,10.464581477455795,61,46,4,0,16.116032350808382,5.373481004498899
GER-Bundesliga,1819,Eintracht Frankfurt,Frederik Rönnow,3,2018,132,7048,GK S,2,120,0,0.0,0,0.0,0,0.0,0,0,0,0,0.0,0.0
GER-Bundesliga,1819,Eintracht Frankfurt,Gelson Fernandes,3,2018,132,3224,M,28,2250,1,0.7695628926157951,1,0.7695628926157951,0,0.4880541991442442,4,4,9,1,6.7659575920552015,5.528792958706617
GER-Bundesliga,1819,Eintracht Frankfurt,Gonçalo Paciência,3,2018,132,7051,F S,11,382,3,2.941380962729454,3,2.941380962729454,1,1.1496420539915562,19,4,1,0,3.5451753735542297,0.33338480442762375
GER-Bundesliga,1819,Eintracht Frankfurt,Jetro Willems,3,2018,132,6143,D M S,23,706,0,0.19659159798175097,0,0.19659159798175097,1,2.1653587948530912,5,20,2,1,4.566478691995144,2.9939131336286664
GER-Bundesliga,1819,Eintracht Frankfurt,Jonathan de Guzmán,3,2018,132,1350,M S,28,1558,3,3.19490241445601,3,3.19490241445601,6,4.829771568998694,22,37,4,0,8.68140040524304,3.868486911058426
GER-Bundesliga,1819,Eintracht Frankfurt,Kevin Trapp,3,2018,132,3286,GK,33,2940,0,0.0,0,0.0,0,0.0,0,0,2,0,5.791832477785647,5.791832477785647
GER-Bundesliga,1819,Eintracht Frankfurt,Lucas Torró,3,2018,132,7050,M S,8,561,0,0.1708185989409685,0,0.1708185989409685,0,0.06468179821968079,5,2,1,0,1.6486362218856812,1.5526502300053835
GER-Bundesliga,1819,Eintracht Frankfurt,Luka Jovic,3,2018,132,6228,F M S,32,2256,17,16.374113008379936,16,15.6163340061903,5,3.9537296555936337,96,26,1,0,19.627641800791025,4.356705125421286
GER-Bundesliga,1819,Eintracht Frankfurt,Makoto Hasebe,3,2018,132,282,D M,28,2520,0,0.06214210018515587,0,0.06214210018515587,0,0.6329770442098379,2,7,4,0,5.2924595875665545,4.597345752641559
GER-Bundesliga,1819,Eintracht Frankfurt,Marc Stendera,3,2018,132,289,S,7,98,0,0.0,0,0.0,0,0.20639699697494507,0,1,0,0,1.5143899731338024,1.5143899731338024
GER-Bundesliga,1819,Eintracht Frankfurt,Marco Fabián,3,2018,132,2661,M,1,63,0,0.05758799985051155,0,0.05758799985051155,0,0.0,1,0,0,0,0.05758799985051155,0.0
GER-Bundesliga,1819,Eintracht Frankfurt,Marco Russ,3,2018,132,293,D S,5,377,0,0.04060490056872368,0,0.04060490056872368,0,0.0,1,1,1,0,0.6947683170437813,0.6947683170437813
GER-Bundesliga,1819,Eintracht Frankfurt,Mijat Gacinovic,3,2018,132,290,M S,29,1608,0,1.5143778938800097,0,1.5143778938800097,1,2.1660799104720354,21,19,3,0,6.629749697633088,3.550026665441692
GER-Bundesliga,1819,Eintracht Frankfurt,Nicolai Müller,3,2018,132,170,F M S,21,1122,5,2.584735229611397,5,2.584735229611397,0,0.934436502866447,23,14,3,0,3.3984921723604202,0.3526321966201067
GER-Bundesliga,1819,Eintracht Frankfurt,Sebastian Rode,3,2018,132,228,M,12,945,0,0.5367702972143888,0,0.5367702972143888,0,1.3254223056137562,4,18,4,0,2.3423576205968857,1.5303265899419785
GER-Bundesliga,1819,Eintracht Frankfurt,Simon Falette,3,2018,132,5673,D,7,603,0,0.0590394688770175,0,0.0590394688770175,0,0.0,3,0,0,0,1.4849150329828262,1.448635034263134
GER-Bundesliga,1819,Eintracht Frankfurt,Sébastien Haller,3,2018,132,6144,F S,29,2176,15,13.694875746965408,12,11.421543806791306,9,7.365843757987022,54,38,3,0,18.38963846862316,5.616492498666048
GER-Bundesliga,1819,Eintracht Frankfurt,Taleb Tawatha,3,2018,132,5312,M S,3,128,0,0.0,0,0.0,0,0.0,0,0,0,0,0.08052299916744232,0.08052299916744232
GER-Bundesliga,1819,Eintracht Frankfurt,Timothy Chandler,3,2018,132,359,S,1,16,0,0.0,0,0.0,0,0.07574760168790817,0,1,0,0,0.07574760168790817,0.07574760168790817
GER-Bundesliga,1819,Fortuna Duesseldorf,Adam Bodzek,3,2018,233,7140,D M S,21,1615,0,0.05102140083909035,0,0.05102140083909035,1,1.1108073890209198,2,9,5,1,5.200062219053507,4.495727028697729
GER-Bundesliga,1819,Fortuna Duesseldorf,Alfredo Morales,3,2018,233,252,M S,23,1522,1,0.7393448082730174,1,0.7393448082730174,1,1.0181361120194197,19,8,6,0,2.557500292547047,1.0497097121551633
GER-Bundesliga,1819,Fortuna Duesseldorf,Andre Hoffmann,3,2018,233,436,D M S,13,1044,0,0.3898411067202687,0,0.3898411067202687,0,0.0312625989317894,5,1,4,0,3.345063701272011,3.1072614043951035
GER-Bundesliga,1819,Fortuna Duesseldorf,Aymen Barkok,3,2018,233,5235,M S,12,507,0,0.5340096857398748,0,0.5340096857398748,0,0.14942239969968796,5,3,0,0,1.5835771914571524,0.932249903678894
GER-Bundesliga,1819,Fortuna Duesseldorf,Benito Raman,3,2018,233,7059,F M S,30,1677,10,7.745716633275151,10,7.745716633275151,4,3.1257003284990788,55,21,1,0,11.815199591219425,2.0095487013459206
GER-Bundesliga,1819,Fortuna Duesseldorf,Davor Lovren,3,2018,233,7061,S,2,42,0,0.01357279997318983,0,0.01357279997318983,0,0.0,1,0,0,0,0.01357279997318983,0.0
GER-Bundesliga,1819,Fortuna Duesseldorf,Dawid Kownacki,3,2018,233,6190,F M S,10,574,4,1.7493957951664925,4,1.7493957951664925,0,0.3665636945515871,12,5,2,0,2.4639317989349365,0.9893342945724726
GER-Bundesliga,1819,Fortuna Duesseldorf,Dodi Lukebakio,3,2018,233,5706,F M S,31,1989,10,11.845301015302539,6,7.298880798742175,3,2.2067444007843733,56,20,6,0,12.223733441904187,2.986320259049535
GER-Bundesliga,1819,Fortuna Duesseldorf,Jaroslav Drobny,3,2018,233,178,GK,2,180,0,0.0,0,0.0,0,0.0,0,0,0,0,0.08822789788246155,0.08822789788246155
GER-Bundesliga,1819,Fortuna Duesseldorf,Jean Zimmer,3,2018,233,7057,D M S,18,1444,1,0.732958797365427,1,0.732958797365427,2,2.966217366978526,10,35,2,0,5.903255864977837,3.3056003004312515
GER-Bundesliga,1819,Fortuna Duesseldorf,Kaan Ayhan,3,2018,233,347,D,28,2456,4,3.361454064026475,4,3.361454064026475,1,0.6538358107209206,23,6,10,0,5.59080626629293,5.494704274460673
GER-Bundesliga,1819,Fortuna Duesseldorf,Kenan Karaman,3,2018,233,98,F M S,21,909,3,4.065125674009323,3,4.065125674009323,1,1.905424851924181,21,13,0,0,7.140825178474188,2.803119771182537
GER-Bundesliga,1819,Fortuna Duesseldorf,Kevin Stöger,3,2018,233,7058,M S,25,2124,1,2.3794430047273636,1,2.3794430047273636,7,6.725920122116804,33,54,8,0,11.191890450194478,7.171975884586573
GER-Bundesliga,1819,Fortuna Duesseldorf,Marcel Sobottka,3,2018,233,4302,M S,14,944,0,0.3542847950011492,0,0.3542847950011492,0,0.0459806015715003,6,2,3,0,3.1990146576426923,3.1273842765949667
GER-Bundesliga,1819,Fortuna Duesseldorf,Marcin Kaminski,3,2018,233,6085,D,27,2430,0,0.9156891237944365,0,0.9156891237944365,1,0.6619097804650664,8,7,1,0,4.439213279634714,4.306429252959788
GER-Bundesliga,1819,Fortuna Duesseldorf,Markus Suttner,3,2018,233,379,D M,6,495,1,0.1919080037623644,1,0.1919080037623644,1,0.5816289894282818,4,9,1,0,1.074055902659893,0.6813797876238823
GER-Bundesliga,1819,Fortuna Duesseldorf,Marvin Ducksch,3,2018,233,4329,F S,16,813,1,1.7365721091628075,1,1.7365721091628075,1,1.955379355698824,18,19,1,0,3.592343606054783,1.1278418116271496
GER-Bundesliga,1819,Fortuna Duesseldorf,Matthias Zimmermann,3,2018,233,2629,D M,34,3051,1,0.4121079561300576,1,0.4121079561300576,3,2.9412795547395945,15,20,4,0,9.320718055590987,6.705248618498445
GER-Bundesliga,1819,Fortuna Duesseldorf,Michael Rensing,3,2018,233,7055,GK,32,2880,0,0.0,0,0.0,0,0.0,0,0,1,0,2.3891128227114677,2.3891128227114677
GER-Bundesliga,1819,Fortuna Duesseldorf,Niko Gießelmann,3,2018,233,7056,D M S,30,2594,0,0.9243173869326711,0,0.9243173869326711,3,3.2402696032077074,26,27,2,0,7.426430631428957,4.984513198956847
GER-Bundesliga,1819,Fortuna Duesseldorf,Oliver Fink,3,2018,233,7255,M S,18,1069,3,1.0349925979971886,3,1.0349925979971886,0,0.7491735662333667,12,6,4,0,3.814332526177168,2.4705483205616474
GER-Bundesliga,1819,Fortuna Duesseldorf,Robin Bormuth,3,2018,233,7062,D S,10,606,0,0.0,0,0.0,0,0.010176800191402435,0,1,2,0,1.9292476885020733,1.9190676920115948
GER-Bundesliga,1819,Fortuna Duesseldorf,Rouwen Hennings,3,2018,233,7060,F S,29,1830,7,8.42173622827977,6,7.663959207944572,4,3.3360835341736674,59,28,3,0,11.173563294112682,1.6045986944809556
GER-Bundesliga,1819,Fortuna Duesseldorf,Takashi Usami,3,2018,233,5291,M S,19,862,1,2.1665388038381934,1,2.1665388038381934,2,0.5515535995364189,27,13,1,0,3.7657217495143414,1.476642981171608
GER-Bundesliga,1819,Freiburg,Alexander Schwolow,3,2018,135,5262,GK,33,2970,0,0.0,0,0.0,1,0.19777929410338402,0,2,1,0,1.5870448760688305,1.567583579570055
GER-Bundesliga,1819,Freiburg,Amir Abrashi,3,2018,135,5265,M S,10,793,0,0.19311160035431385,0,0.19311160035431385,0,0.06514519825577736,7,2,5,0,2.008761253207922,1.8565511144697666
GER-Bundesliga,1819,Freiburg,Chima Sean Okoroji,3,2018,135,6510,D S,2,104,0,0.0,0,0.0,0,0.0,0,0,0,0,0.11898799985647202,0.11898799985647202
GER-Bundesliga,1819,Freiburg,Christian Günter,3,2018,135,4243,D M,32,2880,0,1.1335020987316966,0,1.1335020987316966,5,4.637314645573497,29,48,3,1,8.043954033404589,5.214014573022723
GER-Bundesliga,1819,Freiburg,Christoph Daferner,3,2018,135,7567,S,1,23,0,0.0,0,0.0,0,0.0,0,0,0,0,0.0,0.0
GER-Bundesliga,1819,Freiburg,Dominique Heintz,3,2018,135,129,D,34,3055,1,1.256407979875803,1,1.256407979875803,1,1.1170478072017431,10,9,5,0,5.6990048456937075,5.453479770570993
GER-Bundesliga,1819,Freiburg,Florian Niederlechner,3,2018,135,306,F S,24,979,4,4.557640217244625,4,4.557640217244625,1,0.7296587992459536,31,10,3,0,6.074768953025341,1.1601455751806498
GER-Bundesliga,1819,Freiburg,Gian-Luca Waldschmidt,3,2018,135,294,F M S,30,1705,9,7.428585084155202,6,5.155256936326623,1,2.396782763302326,64,23,1,0,9.611497400328517,4.248695693910122
GER-Bundesliga,1819,Freiburg,Janik Haberer,3,2018,135,4271,M S,27,2347,1,1.039670778438449,1,1.039670778438449,3,3.1975245513021946,26,46,4,1,8.09823670051992,5.037819527089596
GER-Bundesliga,1819,Freiburg,Jérôme Gondorf,3,2018,135,8,M S,25,1285,2,1.5710964454337955,2,1.5710964454337955,2,3.3303756434470415,23,20,3,0,5.012948454357684,1.5805468931794167
GER-Bundesliga,1819,Freiburg,Keven Schlotterbeck,3,2018,135,7401,D S,9,773,0,0.4537186175584793,0,0.4537186175584793,0,0.0,2,0,1,0,0.9676746167242527,0.9676746167242527
GER-Bundesliga,1819,Freiburg,Lucas Höler,3,2018,135,6475,F M S,26,1003,4,4.337982368655503,4,4.337982368655503,0,0.46940090600401163,26,9,0,0,4.671012503094971,0.6539997048676014
GER-Bundesliga,1819,Freiburg,Lukas Kübler,3,2018,135,5263,D S,16,1185,0,0.1940740030258894,0,0.1940740030258894,2,1.161253161728382,6,7,2,0,3.464155625551939,2.6975689977407455
GER-Bundesliga,1819,Freiburg,Manuel Gulde,3,2018,135,5292,D S,21,1714,1,0.6037572026252747,1,0.6037572026252747,0,0.11641520261764526,6,3,3,0,2.04234080016613,1.9448228031396866
GER-Bundesliga,1819,Freiburg,Marco Terrazzino,3,2018,135,5287,F M S,13,514,1,0.9668792877346277,1,0.9668792877346277,0,0.43122020922601223,12,9,0,0,2.477025631815195,1.5905584022402763
GER-Bundesliga,1819,Freiburg,Mark Flekken,3,2018,135,7047,GK,1,90,0,0.0,0,0.0,0,0.0,0,0,0,0,0.06789260357618332,0.06789260357618332
GER-Bundesliga,1819,Freiburg,Mike Frantz,3,2018,135,4246,D M S,31,2260,2,1.7232601009309292,2,1.7232601009309292,1,1.302678968757391,19,15,2,0,4.109944619238377,1.2576068136841059
GER-Bundesliga,1819,Freiburg,Nico Schlotterbeck,3,2018,135,7485,D S,4,223,0,0.018110200762748718,0,0.018110200762748718,0,0.0,1,0,1,0,0.11395179852843285,0.09584159776568413
GER-Bundesliga,1819,Freiburg,Nicolas Höfler,3,2018,135,4250,M,18,1617,0,0.6989582013338804,0,0.6989582013338804,0,1.0571671975776553,12,12,6,0,5.6952345706522465,4.116729442030191
GER-Bundesliga,1819,Freiburg,Nils Petersen,3,2018,135,4248,F S,24,1925,10,7.423546638339758,9,5.907995667308569,3,1.5120443776249886,49,21,0,0,8.715456280857325,3.148185597732663
GER-Bundesliga,1819,Freiburg,Pascal Stenzel,3,2018,135,326,D S,21,1461,0,0.8713067946955562,0,0.8713067946955562,2,1.5138071943074465,25,16,4,1,4.916334703564644,3.2632505297660828
GER-Bundesliga,1819,Freiburg,Patrick Kammerbauer,3,2018,135,6667,S,1,1,0,0.0,0,0.0,0,0.0,0,0,0,0,0.0,0.0
GER-Bundesliga,1819,Freiburg,Philipp Lienhart,3,2018,135,2611,D S,14,607,0,0.5632908865809441,0,0.5632908865809441,0,0.10466809943318367,4,2,0,0,1.1983727049082518,1.093704404309392
GER-Bundesliga,1819,Freiburg,Robin Koch,3,2018,135,6273,D M S,24,1898,1,1.0855122916400433,1,1.0855122916400433,0,0.4032461866736412,11,5,3,0,2.9095572847872972,2.7143294867128134
GER-Bundesliga,1819,Freiburg,Roland Sallai,3,2018,135,1277,M S,10,518,2,1.2873178981244564,2,1.2873178981244564,0,0.4139574933797121,14,5,3,0,2.0399613808840513,0.6165159977972507
GER-Bundesliga,1819,Freiburg,Tim Kleindienst,3,2018,135,6142,F S,4,198,0,0.6907774973660707,0,0.6907774973660707,0,0.08556000143289566,5,1,0,0,0.21832959726452827,0.03883909992873669
GER-Bundesliga,1819,Freiburg,Vincenzo Grifo,3,2018,135,5266,F M S,23,1768,7,5.079269813373685,5,3.563717842102051,5,3.442116279155016,57,45,1,0,9.97123808413744,6.046443050727248
GER-Bundesliga,1819,Freiburg,Yoric Ravet,3,2018,135,6272,S,4,70,0,0.05938730016350746,0,0.05938730016350746,0,0.04725610092282295,1,1,0,0,0.05938730016350746,0.0
GER-Bundesliga,1819,Hannover 96,Benjamin Hadzic,3,2018,128,7319,S,3,17,0,0.0,0,0.0,1,0.07194290310144424,0,1,0,0,0.07194290310144424,0.0
GER-Bundesliga,1819,Hannover 96,Bobby Wood,3,2018,128,5224,F M S,20,1168,3,2.8527941666543484,3,2.8527941666543484,1,1.666541762650013,18,11,1,0,5.4668949488550425,1.6150915883481503
GER-Bundesliga,1819,Hannover 96,Edgar Prib,3,2018,128,100,M S,4,203,0,0.5424323156476021,0,0.5424323156476021,1,0.40247679501771927,6,6,1,0,0.9379556905478239,0.2909699957817793
GER-Bundesliga,1819,Hannover 96,Felipe,3,2018,128,105,D S,17,1102,2,1.010716114193201,2,1.010716114193201,0,0.0,10,0,4,1,0.7214624993503094,0.7018298991024494
GER-Bundesliga,1819,Hannover 96,Florent Muslija,3,2018,128,7164,F M S,17,664,2,1.205251008272171,2,1.205251008272171,0,0.6547433901578188,20,15,1,0,2.788414418697357,1.488171610981226
GER-Bundesliga,1819,Hannover 96,Genki Haraguchi,3,2018,128,35,D F M S,28,2128,0,2.346636176109314,0,2.346636176109314,3,2.9394325083121657,32,27,1,0,7.610533704981208,3.151723450049758
GER-Bundesliga,1819,Hannover 96,Hendrik Weydandt,3,2018,128,7046,F M S,28,1713,6,7.402998764067888,6,7.402998764067888,1,3.821833522990346,60,27,1,0,11.717004340142012,1.3139902837574482
GER-Bundesliga,1819,Hannover 96,Ihlas Bebou,3,2018,128,6271,D F M,12,1070,4,4.621489631012082,3,3.863719569519162,3,1.8131253868341446,27,17,1,0,6.999684115871787,2.084784284234047
GER-Bundesliga,1819,Hannover 96,Iver Fossum,3,2018,128,2653,M S,9,453,0,0.2023261021822691,0,0.2023261021822691,0,1.0774139910936356,5,9,0,0,1.8791659325361252,1.710511438548565
GER-Bundesliga,1819,Hannover 96,Jonathas,3,2018,128,2480,F S,10,609,3,2.48880307469517,2,1.731026099063456,1,0.09736470133066177,13,1,2,1,2.067060482688248,0.2737839948385954
GER-Bundesliga,1819,Hannover 96,Josip Elez,3,2018,128,6505,D S,10,644,0,0.043597299605607986,0,0.043597299605607986,0,0.0918412022292614,3,2,1,0,1.293142518028617,1.1722843199968338
GER-Bundesliga,1819,Hannover 96,Julian Korb,3,2018,128,203,D S,12,1011,0,0.029068599455058575,0,0.029068599455058575,0,0.3966030031442642,2,10,0,0,2.6659232694655657,2.5103962142020464
GER-Bundesliga,1819,Hannover 96,Kevin Akpoguma,3,2018,128,6327,D S,12,807,0,0.0,0,0.0,0,0.0,0,0,4,0,2.457860317081213,2.457860317081213
GER-Bundesliga,1819,Hannover 96,Kevin Wimmer,3,2018,128,650,D S,22,1676,0,0.26592979580163956,0,0.26592979580163956,0,0.31226317025721073,3,7,5,0,3.954172320663929,3.8550451025366783
GER-Bundesliga,1819,Hannover 96,Linton Maina,3,2018,128,6638,D F M S,20,1444,1,1.8532751929014921,1,1.8532751929014921,3,3.2777995858341455,21,15,0,0,5.677374079823494,1.489043191075325
GER-Bundesliga,1819,Hannover 96,Marvin Bakalorz,3,2018,128,4266,M S,25,1465,1,0.5002587083727121,1,0.5002587083727121,0,0.5037525091320276,11,8,5,0,2.8253681007772684,2.4136286918073893
GER-Bundesliga,1819,Hannover 96,Matthias Ostrzolek,3,2018,128,167,D M S,18,1465,0,0.1963240960612893,0,0.1963240960612893,0,0.3354454040527344,6,7,2,0,2.5468605253845453,2.1053357999771833
GER-Bundesliga,1819,Hannover 96,Michael Esser,3,2018,128,5277,GK,32,2880,0,0.0,0,0.0,0,0.22016079351305962,0,2,3,0,2.9163032937794924,2.734688298776746
GER-Bundesliga,1819,Hannover 96,Miiko Albornoz,3,2018,128,95,D M S,22,1654,1,0.2476476989686489,1,0.2476476989686489,3,1.5196956060826778,11,18,3,1,4.029155384749174,2.547637589275837
GER-Bundesliga,1819,Hannover 96,Niclas Füllkrug,3,2018,128,6098,F S,14,1114,2,3.407600898295641,1,2.649823907762766,1,0.9361870167776942,37,13,1,0,5.011509217321873,2.4912899769842625
GER-Bundesliga,1819,Hannover 96,Noah Joel Sarenren Bazee,3,2018,128,2659,F M,3,161,0,0.34647899866104126,0,0.34647899866104126,0,0.0,5,0,0,0,0.212044395506382,0.0
GER-Bundesliga,1819,Hannover 96,Oliver Sorg,3,2018,128,348,D S,19,1584,0,0.06188970059156418,0,0.06188970059156418,0,0.2787130046635866,4,6,5,1,2.1716817980632186,1.9940642714500427
GER-Bundesliga,1819,Hannover 96,Philipp Tschauner,3,2018,128,107,GK,1,90,0,0.0,0,0.0,0,0.0,0,0,0,0,0.0,0.0
GER-Bundesliga,1819,Hannover 96,Pirmin Schwegler,3,2018,128,80,D M S,27,2091,0,0.2739027962088585,0,0.2739027962088585,1,2.1358004733920097,12,38,7,0,4.4457249492406845,4.007277358323336
GER-Bundesliga,1819,Hannover 96,Samuel Sahin-Radlinger,3,2018,128,6402,GK,1,90,0,0.0,0,0.0,0,0.0,0,0,0,0,0.06916119903326035,0.06916119903326035
GER-Bundesliga,1819,Hannover 96,Sebastian Soto,3,2018,128,7531,S,3,22,0,0.0,0,0.0,0,0.031331900507211685,0,1,0,0,0.031331900507211685,0.0
GER-Bundesliga,1819,Hannover 96,Takuma Asano,3,2018,128,6087,F M S,13,707,0,1.3248417992144823,0,1.3248417992144823,0,0.42955251038074493,13,2,0,0,1.869839297607541,0.2570984959602356
GER-Bundesliga,1819,Hannover 96,Tim Dierßen,3,2018,128,2654,S,1,12,0,0.0,0,0.0,0,0.0,0,0,0,0,0.0,0.0
GER-Bundesliga,1819,Hannover 96,Uffe Bech,3,2018,128,361,S,2,13,0,0.0,0,0.0,0,0.6101840138435364,0,2,1,0,0.5955039858818054,0.5955039858818054
GER-Bundesliga,1819,Hannover 96,Walace,3,2018,128,5226,M S,26,2004,1,0.511371398344636,1,0.511371398344636,1,0.5578423906117678,19,14,5,0,5.660389507189393,4.9573906641453505
GER-Bundesliga,1819,Hannover 96,Waldemar Anton,3,2018,128,106,D M,34,3060,1,1.2190055930987,1,1.2190055930987,0,0.18740000389516354,23,5,4,0,5.102045914158225,4.8801411259919405
GER-Bundesliga,1819,Hertha Berlin,Arne Maier,3,2018,122,5298,M S,24,2072,0,0.7768415166065097,0,0.7768415166065097,0,1.9649615306407213,20,18,2,0,9.33222377486527,7.66089709661901
GER-Bundesliga,1819,Hertha Berlin,Davie Selke,3,2018,122,4280,F M S,30,1724,3,5.4388907961547375,3,5.4388907961547375,5,3.6805895874276757,45,20,4,0,9.82731251604855,2.2914095241576433
GER-Bundesliga,1819,Hertha Berlin,Dennis Jastrzembski,3,2018,122,7028,S,5,55,0,0.016749199479818344,0,0.016749199479818344,0,0.03986940160393715,1,1,1,0,0.25885009765625,0.20223109424114227
GER-Bundesliga,1819,Hertha Berlin,Derrick Luckassen,3,2018,122,7163,D S,4,248,0,0.0,0,0.0,0,0.0,0,0,0,0,0.5608003064990044,0.5608003064990044
GER-Bundesliga,1819,Hertha Berlin,Fabian Lustenberger,3,2018,122,25,D M S,29,2168,0,0.13400790467858315,0,0.13400790467858315,1,0.8304489813745022,2,4,1,0,4.780345058068633,4.665781665593386
GER-Bundesliga,1819,Hertha Berlin,Florian Baak,3,2018,122,5297,S,1,1,0,0.0,0,0.0,0,0.0,0,0,0,0,0.0,0.0
GER-Bundesliga,1819,Hertha Berlin,Javairo Dilrosun,3,2018,122,7122,M S,17,883,2,0.4977041045203805,2,0.4977041045203805,3,1.922901552170515,11,12,2,0,5.611628288403153,3.648432767018676
GER-Bundesliga,1819,Hertha Berlin,Jordan Torunarigha,3,2018,122,5238,D S,14,1163,2,1.0087297819554806,2,1.0087297819554806,2,0.8944572312757373,7,5,2,1,2.8525640768930316,1.9544118475168943
GER-Bundesliga,1819,Hertha Berlin,Karim Rekik,3,2018,122,3388,D,24,2069,0,0.6683055907487869,0,0.6683055907487869,0,0.10280220210552216,7,2,4,1,3.3954525478184223,3.3315942464396358
GER-Bundesliga,1819,Hertha Berlin,Lukas Klünter,3,2018,122,403,D M S,10,593,0,0.1413918985053897,0,0.1413918985053897,0,0.49751999229192734,5,2,1,1,1.1501038065180182,0.5111922025680542
GER-Bundesliga,1819,Hertha Berlin,Marko Grujic,3,2018,122,1669,F M S,22,1780,5,4.308710882440209,5,4.308710882440209,1,1.6590897208079696,46,16,5,0,7.942869659513235,3.5841670371592045
GER-Bundesliga,1819,Hertha Berlin,Marvin Plattenhardt,3,2018,122,23,D M,22,1928,1,0.7023437423631549,1,0.7023437423631549,2,2.6491143852472305,11,32,4,0,5.361724033020437,3.7529676193371415
GER-Bundesliga,1819,Hertha Berlin,Mathew Leckie,3,2018,122,241,M S,18,941,2,2.374264234676957,2,2.374264234676957,0,0.8483365094289184,22,12,3,0,4.838548228144646,1.733409975655377
GER-Bundesliga,1819,Hertha Berlin,Maximilian Mittelstädt,3,2018,122,419,D F M S,25,1802,1,1.5802272483706474,1,1.5802272483706474,1,1.5399152832105756,23,20,2,1,7.643157236278057,5.352175701409578
GER-Bundesliga,1819,Hertha Berlin,Niklas Stark,3,2018,122,418,D,22,1871,1,0.7991994814947248,1,0.7991994814947248,0,0.3181663081049919,11,3,5,0,5.5954428017139435,5.301080901175737
GER-Bundesliga,1819,Hertha Berlin,Ondrej Duda,3,2018,122,5240,M S,32,2590,11,6.746956484392285,11,6.746956484392285,5,5.985960861667991,54,41,7,0,17.581694550812244,8.362128462642431
GER-Bundesliga,1819,Hertha Berlin,Pal Dardai,3,2018,122,5317,M S,7,106,0,0.030598200857639313,0,0.030598200857639313,0,0.41937961149960756,1,3,0,0,0.5573658086359501,0.20862700045108795
GER-Bundesliga,1819,Hertha Berlin,Pascal Köpke,3,2018,122,7029,S,7,60,0,0.20139769837260246,0,0.20139769837260246,0,0.0,4,0,0,0,0.6761338114738464,0.49748100340366364
GER-Bundesliga,1819,Hertha Berlin,Per Skjelbred,3,2018,122,24,M S,16,997,0,0.4658968895673752,0,0.4658968895673752,1,0.24872459471225739,5,8,3,0,2.976944973692298,2.442899761721492
GER-Bundesliga,1819,Hertha Berlin,Peter Pekarík,3,2018,122,443,D S,3,214,0,0.04050790145993233,0,0.04050790145993233,0,0.03364640101790428,1,1,0,0,0.25098190549761057,0.17682790104299784
GER-Bundesliga,1819,Hertha Berlin,Rune Jarstein,3,2018,122,19,GK,31,2747,0,0.0,0,0.0,0,0.0,0,0,2,0,1.5560538871213794,1.5560538871213794
GER-Bundesliga,1819,Hertha Berlin,Salomon Kalou,3,2018,122,26,F M S,30,2329,8,10.371442053467035,5,8.098113153129816,2,4.993968486785889,47,29,0,0,15.156653393059969,3.438527167774737
GER-Bundesliga,1819,Hertha Berlin,Thomas Kraft,3,2018,122,434,GK S,4,313,0,0.0,0,0.0,0,0.0,0,0,0,0,0.014017799869179726,0.014017799869179726
GER-Bundesliga,1819,Hertha Berlin,Valentino Lazaro,3,2018,122,6352,D M,31,2743,3,2.1725085116922855,3,2.1725085116922855,6,6.642009380273521,20,55,6,0,12.857309303246439,7.494640043005347
GER-Bundesliga,1819,Hertha Berlin,Vedad Ibisevic,3,2018,122,29,F M S,28,1838,10,11.796555381268263,9,11.038779389113188,2,1.2025295868515968,53,16,4,1,15.35735633596778,3.746740462258458
GER-Bundesliga,1819,Hertha Berlin,Vladimir Darida,3,2018,122,27,M S,10,365,0,0.9209395870566368,0,0.9209395870566368,1,0.8326400071382523,9,7,1,0,3.2886010259389877,1.726835012435913
GER-Bundesliga,1819,Hoffenheim,Alfons Amade,3,2018,120,7436,S,1,4,0,0.041629500687122345,0,0.041629500687122345,0,0.0,1,0,0,0,0.041629500687122345,0.041629500687122345
GER-Bundesliga,1819,Hoffenheim,Andrej Kramaric,3,2018,120,956,F M S,30,2418,17,21.575572077184916,12,17.02906829304993,4,5.921653777360916,111,51,2,0,30.95576749369502,12.900221295654774
GER-Bundesliga,1819,Hoffenheim,Benjamin Hübner,3,2018,120,251,D S,10,813,0,1.0410599038004875,0,1.0410599038004875,0,0.0,8,0,2,0,3.315118655562401,3.315118655562401
GER-Bundesliga,1819,Hoffenheim,Christoph Baumgartner,3,2018,120,7422,M S,2,82,0,0.07569299917668104,0,0.07569299917668104,0,0.0,2,0,1,1,0.1878339946269989,0.12390909716486931
GER-Bundesliga,1819,Hoffenheim,David Otto,3,2018,120,7025,S,3,18,0,0.0,0,0.0,0,0.8775420188903809,0,2,0,0,0.8775420188903809,0.0
GER-Bundesliga,1819,Hoffenheim,Dennis Geiger,3,2018,120,6081,M S,4,244,0,0.2061576023697853,0,0.2061576023697853,1,1.3339939564466476,4,7,1,0,1.040213018655777,0.4885836988687515
GER-Bundesliga,1819,Hoffenheim,Ermin Bicakcic,3,2018,120,84,D S,25,1783,1,2.246696449816227,1,2.246696449816227,2,0.7123838141560555,9,5,0,0,9.635225839912891,9.606920845806599
GER-Bundesliga,1819,Hoffenheim,Florian Grillitsch,3,2018,120,116,D M S,30,2400,0,1.1982432939112186,0,1.1982432939112186,3,2.95710670016706,32,27,8,0,16.875587731599808,13.906853836029768
GER-Bundesliga,1819,Hoffenheim,Håvard Nordtveit,3,2018,120,202,D M S,8,453,0,0.23192029632627964,0,0.23192029632627964,0,0.037205999717116356,4,2,2,0,2.3426115699112415,2.286393664777279
GER-Bundesliga,1819,Hoffenheim,Ishak Belfodil,3,2018,120,3834,F M S,28,1867,16,12.273318383842707,16,12.273318383842707,3,5.104060221463442,89,30,3,0,18.454886622726917,3.8128784000873566
GER-Bundesliga,1819,Hoffenheim,Joelinton,3,2018,120,87,F M S,28,2149,7,8.931487414985895,7,8.931487414985895,5,5.146287014707923,56,42,5,0,17.74460858106613,6.656126203015447
GER-Bundesliga,1819,Hoffenheim,Joshua Brenet,3,2018,120,7026,D M S,14,906,2,1.7801981456577778,2,1.7801981456577778,1,1.792846828699112,10,9,0,0,6.935431987047195,4.659537076950073
GER-Bundesliga,1819,Hoffenheim,Justin Hoogma,3,2018,120,6678,D S,2,103,0,0.0,0,0.0,0,0.0,0,0,0,0,0.38264000415802,0.38264000415802
GER-Bundesliga,1819,Hoffenheim,Kasim Nuhu,3,2018,120,7024,D S,13,919,0,0.27688979357481003,0,0.27688979357481003,1,0.062415000051259995,2,1,4,1,3.516225341707468,3.516225341707468
GER-Bundesliga,1819,Hoffenheim,Kerem Demirbay,3,2018,120,5273,M S,26,2029,4,3.756515891291201,4,3.756515891291201,9,9.051430858671665,59,80,6,0,16.878046300262213,12.135416809469461
GER-Bundesliga,1819,Hoffenheim,Kevin Vogt,3,2018,120,133,D M,28,2406,0,0.13269259966909885,0,0.13269259966909885,0,0.24773520603775978,4,6,5,0,14.62527696788311,14.573781162500381
GER-Bundesliga,1819,Hoffenheim,Leonardo Bittencourt,3,2018,120,262,M S,21,1070,1,3.278507376089692,1,3.278507376089692,3,2.7456207796931267,23,22,1,0,10.35918240994215,5.3902182802557945
GER-Bundesliga,1819,Hoffenheim,Lukas Rupp,3,2018,120,62,S,1,23,0,0.0,0,0.0,0,0.024958299472928047,0,1,0,0,0.024958299472928047,0.0
GER-Bundesliga,1819,Hoffenheim,Nadiem Amiri,3,2018,120,82,M S,13,767,3,2.233745090663433,3,2.233745090663433,1,1.395916685461998,18,16,1,0,9.403052106499672,6.191677249968052
GER-Bundesliga,1819,Hoffenheim,Nico Schulz,3,2018,120,433,D M S,30,2548,1,2.318408280611038,1,2.318408280611038,5,10.699787680059671,30,61,6,0,21.955841563642025,12.040124628692865
GER-Bundesliga,1819,Hoffenheim,Oliver Baumann,3,2018,120,73,GK,33,2970,0,0.0,0,0.0,1,0.13641300052404404,0,2,0,0,8.05396792665124,7.989960934966803
GER-Bundesliga,1819,Hoffenheim,Pavel Kaderábek,3,2018,120,74,D M S,29,2508,3,4.778287062421441,3,4.778287062421441,4,6.744109848514199,28,42,7,0,19.119054920971394,11.388401059433818
GER-Bundesliga,1819,Hoffenheim,Reiss Nelson,3,2018,120,6492,F M S,23,611,7,3.222892178222537,7,3.222892178222537,0,0.833613196387887,21,16,0,0,6.424739407375455,2.4796330854296684
GER-Bundesliga,1819,Hoffenheim,Stefan Posch,3,2018,120,5329,D S,17,1408,0,0.2999786026775837,0,0.2999786026775837,0,0.6203470230102539,5,1,5,0,6.886460464447737,6.875500064343214
GER-Bundesliga,1819,Hoffenheim,Steven Zuber,3,2018,120,254,D F M S,22,1641,5,3.6312314281240106,4,2.8734545232728124,2,1.928521042689681,48,18,4,0,8.093785621225834,4.103203488513827
GER-Bundesliga,1819,Hoffenheim,Ádám Szalai,3,2018,120,360,F M S,30,1598,6,9.767587874084711,6,9.767587874084711,3,3.53630849160254,66,27,3,0,15.872498951852322,3.521761365234852
GER-Bundesliga,1819,Mainz 05,Aarón Martín,3,2018,125,5133,D M S,33,2880,0,0.618589251767844,0,0.618589251767844,3,4.543015409260988,18,64,3,0,10.212358044460416,7.877417894080281
GER-Bundesliga,1819,Mainz 05,Ahmet Gürleyen,3,2018,125,7138,S,1,10,0,0.4882360100746155,0,0.4882360100746155,0,0.0,1,0,0,0,0.4882360100746155,0.4882360100746155
GER-Bundesliga,1819,Mainz 05,Alexander Hack,3,2018,125,52,D S,14,1020,1,0.9871813980862498,1,0.9871813980862498,1,0.9667350053787231,12,2,1,0,2.686375316232443,2.6119879223406315
GER-Bundesliga,1819,Mainz 05,Alexandru Maxim,3,2018,125,63,M S,22,545,1,0.9716336149722338,1,0.9716336149722338,0,2.507707653567195,16,16,3,0,3.799013152718544,2.1028871051967144
GER-Bundesliga,1819,Mainz 05,Anthony Ujah,3,2018,125,119,F S,22,707,4,4.2924178168177605,4,4.2924178168177605,0,1.9669224508106709,27,12,2,0,5.395477045327425,1.134032106027007
GER-Bundesliga,1819,Mainz 05,Bote Baku,3,2018,125,6708,M S,15,939,0,0.5276005966588855,0,0.5276005966588855,0,0.3719323091208935,11,6,1,0,3.9051740914583206,3.0698474068194628
GER-Bundesliga,1819,Mainz 05,Daniel Brosinski,3,2018,125,38,D M,26,2208,3,2.924734404310584,0,0.6516466978937387,5,4.075514659285545,18,42,2,0,6.273696680087596,3.915664702653885
GER-Bundesliga,1819,Mainz 05,Danny Latza,3,2018,125,43,M S,24,1886,0,3.070860857143998,0,3.070860857143998,3,2.086093107238412,40,23,4,0,8.443461778573692,4.978068144991994
GER-Bundesliga,1819,Mainz 05,Florian Müller,3,2018,125,5328,GK,24,2160,0,0.0,0,0.0,0,0.019872259814292192,0,2,0,0,2.0300781996920705,2.0102059398777783
GER-Bundesliga,1819,Mainz 05,Gaëtan Bussmann,3,2018,125,354,D,1,90,0,0.0,0,0.0,0,0.0,0,0,0,0,0.1002350002527237,0.1002350002527237
GER-Bundesliga,1819,Mainz 05,Gerrit Holtmann,3,2018,125,5270,M S,4,141,0,0.11430580168962479,0,0.11430580168962479,0,0.3498093858361244,2,2,2,0,0.4999247044324875,0.035809699445962906
GER-Bundesliga,1819,Mainz 05,Giulio Donati,3,2018,125,193,D S,9,622,0,0.09082099795341492,0,0.09082099795341492,0,0.35007519740611315,2,6,2,0,3.7514492198824883,3.388450425118208
GER-Bundesliga,1819,Mainz 05,Issah Abass,3,2018,125,7181,S,1,7,0,0.016287000849843025,0,0.016287000849843025,0,0.0,1,0,0,0,0.016287000849843025,0.0
GER-Bundesliga,1819,Mainz 05,Jean-Paul Boëtius,3,2018,125,7107,F M S,30,2133,4,2.64057550765574,4,2.64057550765574,7,4.636646362021565,47,31,8,0,12.327529922127724,5.505719335749745
GER-Bundesliga,1819,Mainz 05,Jean-Philippe Gbamin,3,2018,125,4764,D M S,31,2675,2,1.2989508705213666,2,1.2989508705213666,1,1.945369535125792,35,23,3,0,7.881923167500645,5.793932205066085
GER-Bundesliga,1819,Mainz 05,Jean-Philippe Mateta,3,2018,125,5735,F S,34,2505,14,13.438382159918547,14,13.438382159918547,2,2.8835383150726557,96,30,2,0,17.881383119150996,2.674825127236545
GER-Bundesliga,1819,Mainz 05,Jonathan Burkardt,3,2018,125,7108,F M,4,264,0,0.6791000291705132,0,0.6791000291705132,0,0.5042364988476038,6,5,0,0,1.2631753757596016,0.2441404964774847
GER-Bundesliga,1819,Mainz 05,Karim Onisiwo,3,2018,125,2631,F M S,26,1136,7,4.853994380682707,7,4.853994380682707,3,3.4238012190908194,39,21,2,0,9.384746996685863,2.397985400632024
GER-Bundesliga,1819,Mainz 05,Leandro Barreiro Martins,3,2018,125,7109,M,1,90,0,0.013879899866878986,0,0.013879899866878986,0,0.1398559957742691,1,1,1,0,0.2950719892978668,0.15521499514579773
GER-Bundesliga,1819,Mainz 05,Levin Öztunali,3,2018,125,118,F M S,15,929,0,0.425394001416862,0,0.425394001416862,1,1.0557839944958687,16,6,3,0,2.3599948319606483,1.0243038251064718
GER-Bundesliga,1819,Mainz 05,Moussa Niakhate,3,2018,125,5989,D S,33,2788,1,1.89052065461874,1,1.89052065461874,1,0.4461493045091629,10,10,3,0,5.998136058449745,5.8232560604810715
GER-Bundesliga,1819,Mainz 05,Niko Bungert,3,2018,125,39,D S,7,286,0,0.13569700717926025,0,0.13569700717926025,0,0.0,1,1,0,0,0.5101280063390732,0.5101280063390732
GER-Bundesliga,1819,Mainz 05,Pablo De Blasis,3,2018,125,44,M,1,90,0,0.035809699445962906,0,0.035809699445962906,0,0.06467050313949585,1,1,0,0,0.10047999769449234,0.035809699445962906
GER-Bundesliga,1819,Mainz 05,Philipp Mwene,3,2018,125,7106,D S,6,269,0,0.010550900362432003,0,0.010550900362432003,0,0.36169441416859627,1,3,0,0,0.9044317035004497,0.5456070080399513
GER-Bundesliga,1819,Mainz 05,Pierre Kunde,3,2018,125,7073,M S,29,1922,0,0.6600821036845446,0,0.6600821036845446,0,0.5839991951361299,30,15,5,0,7.590591054409742,6.840635716915131
GER-Bundesliga,1819,Mainz 05,Robin Quaison,3,2018,125,1275,F M S,28,2211,7,8.18384890910238,7,8.18384890910238,3,1.8888897756114602,50,22,1,0,10.860764971002936,3.653213099576533
GER-Bundesliga,1819,Mainz 05,Robin Zentner,3,2018,125,449,GK,10,900,0,0.0,0,0.0,0,0.0,0,0,1,0,0.520647007972002,0.520647007972002
GER-Bundesliga,1819,Mainz 05,Stefan Bell,3,2018,125,40,D,25,2250,0,1.6966857202351093,0,1.6966857202351093,0,1.2929005799815059,17,21,7,0,3.6221609134227037,2.4827263178303838
GER-Bundesliga,1819,Nuernberg,Adam Zrelák,3,2018,234,7242,F S,14,941,2,3.8085974752902985,2,3.8085974752902985,1,0.47487339936196804,17,9,4,0,4.042232874780893,0.4438860071823001
GER-Bundesliga,1819,Nuernberg,Alexander Fuchs,3,2018,234,7036,M S,9,656,1,0.560014184564352,1,0.560014184564352,0,0.7882102951407433,9,10,3,0,2.9179844530299306,2.098376695998013
GER-Bundesliga,1819,Nuernberg,Christian Mathenia,3,2018,234,1,GK,22,1933,0,0.0,0,0.0,0,0.10248800367116928,0,1,2,0,1.944929275661707,1.8424412794411182
GER-Bundesliga,1819,Nuernberg,Edgar Salli,3,2018,234,7037,F S,3,114,0,0.10730499774217606,0,0.10730499774217606,0,0.015476900152862072,1,1,1,0,0.12278199940919876,0.0
GER-Bundesliga,1819,Nuernberg,Eduard Löwen,3,2018,234,7043,F M S,22,1627,3,2.8477607406675816,3,2.8477607406675816,2,2.261409817263484,37,16,3,0,6.567317221313715,3.165156587958336
GER-Bundesliga,1819,Nuernberg,Enrico Valentini,3,2018,234,7104,D,15,1305,0,0.18727217707782984,0,0.18727217707782984,2,1.0833585038781166,8,24,2,0,1.0686763059347868,0.8214209992438555
GER-Bundesliga,1819,Nuernberg,Ewerton,3,2018,234,7213,D S,18,1339,0,0.3199704000726342,0,0.3199704000726342,0,0.07154139876365662,8,2,2,0,1.36282392218709,1.2826458979398012
GER-Bundesliga,1819,Nuernberg,Fabian Bredlow,3,2018,234,7030,GK S,13,1127,0,0.0,0,0.0,0,0.0,0,0,0,0,1.1091578248888254,1.1091578248888254
GER-Bundesliga,1819,Nuernberg,Federico Palacios,3,2018,234,5309,F M S,17,946,2,1.382018517702818,2,1.382018517702818,0,0.4123557098209858,7,6,1,0,4.208303755149245,2.690543057397008
GER-Bundesliga,1819,Nuernberg,Georg Margreitter,3,2018,234,7031,D S,27,2055,2,0.8000252381898463,2,0.8000252381898463,0,0.23079849779605865,16,3,2,0,2.7737322449684143,2.7000562474131584
GER-Bundesliga,1819,Nuernberg,Hanno Behrens,3,2018,234,7035,F M,30,2648,4,7.997862072661519,2,4.96683512814343,1,1.8686366463080049,39,21,3,0,8.53068558126688,3.7611292069777846
GER-Bundesliga,1819,Nuernberg,Ivo Ilicevic,3,2018,234,172,S,3,35,0,0.0,0,0.0,0,0.0,0,0,1,0,0.028414199128746986,0.028414199128746986
GER-Bundesliga,1819,Nuernberg,Kevin Goden,3,2018,234,7105,D M S,5,270,0,0.0,0,0.0,0,0.09033449739217758,0,1,1,0,0.14158639684319496,0.14158639684319496
GER-Bundesliga,1819,Nuernberg,Lukas Jäger,3,2018,234,7041,S,2,20,0,0.009759279899299145,0,0.009759279899299145,0,0.0,1,0,0,0,0.009759279899299145,0.0
GER-Bundesliga,1819,Nuernberg,Lukas Mühl,3,2018,234,7032,D,31,2790,1,1.237786895595491,1,1.237786895595491,0,0.37228350806981325,12,4,4,0,3.7355943052098155,3.4097463991492987
GER-Bundesliga,1819,Nuernberg,Matheus Pereira,3,2018,234,7153,F M S,19,1240,3,2.301142572425306,3,2.301142572425306,2,1.3407861040905118,29,14,3,1,4.261739377863705,2.102489181794226
GER-Bundesliga,1819,Nuernberg,Mikael Ishak,3,2018,234,7038,F S,29,1915,4,4.596928685903549,4,3.8391517102718353,3,2.170246715657413,39,21,1,0,6.820230571553111,2.484745578840375
GER-Bundesliga,1819,Nuernberg,Ondrej Petrák,3,2018,234,7034,M S,22,1624,0,0.5553338937461376,0,0.5553338937461376,0,0.22678849752992392,14,6,5,0,2.999082999303937,2.4678303208202124
GER-Bundesliga,1819,Nuernberg,Patrick Erras,3,2018,234,7040,M S,19,1215,0,0.43932830169796944,0,0.43932830169796944,1,0.6439361069351435,7,8,1,0,2.1968576833605766,1.4924315819516778
GER-Bundesliga,1819,Nuernberg,Robert Bauer,3,2018,234,237,D S,22,1730,0,0.1742773288860917,0,0.1742773288860917,0,0.8029158934950829,8,12,3,1,3.174761598929763,2.9289782997220755
GER-Bundesliga,1819,Nuernberg,Sebastian Kerk,3,2018,234,4346,D F M S,21,1184,0,1.0130097940564156,0,1.0130097940564156,1,2.546031318604946,18,24,0,0,2.3285643849521875,1.072130998596549
GER-Bundesliga,1819,Nuernberg,Simon Rhein,3,2018,234,7214,M S,8,496,0,0.01714180037379265,0,0.01714180037379265,0,0.007669779937714338,1,1,1,1,1.5197174260392785,1.5025756256654859
GER-Bundesliga,1819,Nuernberg,Tim Leibold,3,2018,234,7033,D,32,2773,0,1.8152459454722703,0,1.057469627354294,2,2.751091407611966,28,37,6,1,5.660537604242563,3.5543657187372446
GER-Bundesliga,1819,Nuernberg,Timothy Tillman,3,2018,234,7042,M S,6,198,0,0.15691779926419258,0,0.15691779926419258,0,0.39539000391960144,3,3,0,0,0.5912669971585274,0.10448899865150452
GER-Bundesliga,1819,Nuernberg,Törles Knöll,3,2018,234,6298,F S,16,357,1,1.09909163787961,1,1.09909163787961,0,0.07469179853796959,7,2,0,0,1.3899588352069259,0.2161752050742507
GER-Bundesliga,1819,Nuernberg,Virgil Misidjan,3,2018,234,7154,F M S,23,1545,1,2.745925716124475,1,2.745925716124475,1,0.9027669727802277,23,8,5,0,3.3386953119188547,0.8559753941372037
GER-Bundesliga,1819,Nuernberg,Yuya Kubo,3,2018,234,7039,F M S,22,1367,1,2.1524998992681503,1,2.1524998992681503,0,0.6977100893855095,29,11,2,0,5.537073437124491,3.0148658361285925
GER-Bundesliga,1819,RasenBallsport Leipzig,Amadou Haidara,3,2018,136,7501,M S,9,370,1,0.7409531027078629,1,0.7409531027078629,0,0.5286654159426689,12,5,1,0,2.8785634264349937,2.2232543658465147
GER-Bundesliga,1819,RasenBallsport Leipzig,Bruma,3,2018,136,2235,M S,14,547,1,1.3421069085597992,1,0.5844108983874321,1,1.352805994451046,14,10,1,0,4.2633623499423265,2.8034454844892025
GER-Bundesliga,1819,RasenBallsport Leipzig,Dayotchanculle Upamecano,3,2018,136,5243,D S,15,1292,0,0.9972921926528215,0,0.9972921926528215,0,0.07167749851942062,10,3,5,0,2.77485266700387,2.6695136688649654
GER-Bundesliga,1819,RasenBallsport Leipzig,Diego Demme,3,2018,136,5246,M S,26,2071,0,0.28375399857759476,0,0.28375399857759476,2,3.0536950808018446,10,26,4,0,10.751223772764206,8.518341578543186
GER-Bundesliga,1819,RasenBallsport Leipzig,Emil Forsberg,3,2018,136,5249,F M S,20,1255,4,4.626822242513299,1,2.3534908946603537,7,4.633194446563721,30,39,0,0,10.552838431671262,4.796095197089016
GER-Bundesliga,1819,RasenBallsport Leipzig,Emile Smith-Rowe,3,2018,136,7230,S,3,26,0,0.0,0,0.0,0,0.43544700741767883,0,1,0,0,0.43544700741767883,0.0
GER-Bundesliga,1819,RasenBallsport Leipzig,Ibrahima Konaté,3,2018,136,6326,D S,28,2431,1,1.5469714049249887,1,1.5469714049249887,1,0.35457560047507286,13,6,7,0,7.260428823530674,7.060466635972261
GER-Bundesliga,1819,RasenBallsport Leipzig,Jean-Kevin Augustin,3,2018,136,3299,F S,17,443,3,2.9319199323654175,3,2.9319199323654175,0,0.8325739242136478,13,8,0,0,4.133527662605047,0.36903510615229607
GER-Bundesliga,1819,RasenBallsport Leipzig,Kevin Kampl,3,2018,136,188,M S,27,2131,2,1.871386012993753,2,1.871386012993753,5,4.733273098245263,34,48,5,0,16.18860423564911,11.856285342946649
GER-Bundesliga,1819,RasenBallsport Leipzig,Konrad Laimer,3,2018,136,6109,D M S,29,1875,1,2.7448056181892753,1,2.7448056181892753,1,2.74152915738523,14,20,7,0,7.996794376522303,4.615821853280067
GER-Bundesliga,1819,RasenBallsport Leipzig,Lukas Klostermann,3,2018,136,5358,D M S,26,1995,5,2.034455416724086,5,2.034455416724086,1,1.985151007771492,13,20,1,0,7.231758587062359,3.8021958973258734
GER-Bundesliga,1819,RasenBallsport Leipzig,Marcel Halstenberg,3,2018,136,5254,D M S,28,2415,3,3.9846097379922867,1,2.469136454164982,6,7.99196002073586,23,55,2,0,12.442942660301924,9.987937785685062
GER-Bundesliga,1819,RasenBallsport Leipzig,Marcel Sabitzer,3,2018,136,5248,F M S,30,2351,4,5.327919363044202,4,5.327919363044202,3,5.115501245483756,63,36,9,0,16.479355692863464,9.907268483191729
GER-Bundesliga,1819,RasenBallsport Leipzig,Marcelo Saracchi,3,2018,136,7079,D S,9,648,0,0.02563289925456047,0,0.02563289925456047,1,1.1029532123357058,1,10,2,0,3.243609828874469,2.7336827758699656
GER-Bundesliga,1819,RasenBallsport Leipzig,Matheus Cunha,3,2018,136,7080,F M S,25,849,2,3.923799779266119,2,3.923799779266119,0,0.8961888998746872,34,7,1,0,6.534436486661434,2.590898845344782
GER-Bundesliga,1819,RasenBallsport Leipzig,Nordi Mukiele,3,2018,136,5659,D S,19,1231,1,0.6103693721815944,1,0.6103693721815944,1,1.668332764878869,8,11,3,0,5.38490442186594,4.246062230318785
GER-Bundesliga,1819,RasenBallsport Leipzig,Péter Gulácsi,3,2018,136,5241,GK,33,2930,0,0.0,0,0.0,0,0.15513400733470917,0,1,0,0,3.4852706156671047,3.3301365934312344
GER-Bundesliga,1819,RasenBallsport Leipzig,Stefan Ilsanker,3,2018,136,5242,D M S,19,923,0,0.48499470204114914,0,0.48499470204114914,0,0.3003440946340561,4,4,5,1,1.4793709814548492,1.2762301936745644
GER-Bundesliga,1819,RasenBallsport Leipzig,Timo Werner,3,2018,136,65,F M S,30,2537,16,17.38365798443556,16,16.625880055129528,7,5.612681785598397,107,36,1,0,24.071128740906715,3.9079179167747498
GER-Bundesliga,1819,RasenBallsport Leipzig,Tyler Adams,3,2018,136,7352,M S,10,724,0,0.06326180137693882,0,0.06326180137693882,2,1.0548764187842607,2,5,0,0,3.944855034351349,3.3885050117969513
GER-Bundesliga,1819,RasenBallsport Leipzig,Willi Orban,3,2018,136,5257,D S,24,2050,4,5.502636137418449,4,5.502636137418449,0,0.0,27,0,5,0,7.319179579615593,6.369210779666901
GER-Bundesliga,1819,RasenBallsport Leipzig,Yussuf Poulsen,3,2018,136,5250,F S,31,2450,15,12.088992852717638,15,12.088992852717638,3,4.421724155545235,65,32,2,0,19.941677691414952,6.061320887878537
GER-Bundesliga,1819,RasenBallsport Leipzig,Yvon Mvogo,3,2018,136,6110,GK S,2,130,0,0.0,0,0.0,0,0.0,0,0,0,0,0.0,0.0
GER-Bundesliga,1819,Schalke 04,Abdul Rahman Baba,3,2018,124,684,D,2,166,0,0.031676698476076126,0,0.031676698476076126,0,0.17781569808721542,2,3,0,0,0.33626000583171844,0.15844420343637466
GER-Bundesliga,1819,Schalke 04,Ahmed Kutucu,3,2018,124,7309,F S,13,406,2,1.383914889767766,2,1.383914889767766,0,0.08017640188336372,13,2,0,0,2.151954645290971,0.735627818852663
GER-Bundesliga,1819,Schalke 04,Alessandro Schöpf,3,2018,124,2638,D M S,15,1001,1,1.2006887728348374,1,1.2006887728348374,0,1.4000946022570133,18,13,3,0,4.3243443593382835,2.1837393827736378
GER-Bundesliga,1819,Schalke 04,Alexander Nübel,3,2018,124,2639,GK,18,1589,0,0.0,0,0.0,0,0.0,0,0,1,1,1.2284244177863002,1.2284244177863002
GER-Bundesliga,1819,Schalke 04,Amine Harit,3,2018,124,5717,F M S,18,1085,1,1.0899923266842961,1,1.0899923266842961,1,1.1912705171853304,12,21,1,0,4.492029441520572,2.235346008092165
GER-Bundesliga,1819,Schalke 04,Bastian Oczipka,3,2018,124,285,D M,21,1877,1,0.36699919681996107,1,0.36699919681996107,5,4.177370321005583,13,45,3,0,5.0403338093310595,3.1098856907337904
GER-Bundesliga,1819,Schalke 04,Benjamin Stambouli,3,2018,124,3290,D M S,21,1759,0,0.07988780084997416,0,0.07988780084997416,2,0.39578690379858017,3,9,3,0,3.959743262268603,3.568494088947773
GER-Bundesliga,1819,Schalke 04,Breel Embolo,3,2018,124,5356,F M S,20,1357,5,5.006021460518241,5,5.006021460518241,1,2.9739877078682184,26,19,4,0,6.738540759310126,0.7916440889239311
GER-Bundesliga,1819,Schalke 04,Cedric Teuchert,3,2018,124,6522,F S,5,162,0,0.06465139985084534,0,0.06465139985084534,0,0.023659799247980118,1,1,0,0,0.18421240150928497,0.09590090066194534
GER-Bundesliga,1819,Schalke 04,Daniel Caligiuri,3,2018,124,157,D M,31,2767,7,6.154281265102327,3,1.6077000154182315,3,5.252125505357981,50,60,9,0,9.212867179885507,6.125755585730076
GER-Bundesliga,1819,Schalke 04,Franco Di Santo,3,2018,124,341,F M S,4,249,0,0.20180460065603256,0,0.20180460065603256,0,0.48199259489774704,3,4,0,0,0.6980696022510529,0.40327020548284054
GER-Bundesliga,1819,Schalke 04,George Timotheou,3,2018,124,7533,D,1,90,0,0.05131730064749718,0,0.05131730064749718,0,0.0,2,0,0,0,0.12568600475788116,0.12568600475788116
GER-Bundesliga,1819,Schalke 04,Guido Burgstaller,3,2018,124,5302,F S,24,1517,4,6.108844194561243,4,6.108844194561243,0,1.4019886115565896,45,10,4,0,7.330892793834209,1.8513780869543552
GER-Bundesliga,1819,Schalke 04,Haji Wright,3,2018,124,5361,F S,7,194,1,1.2403549030423164,1,1.2403549030423164,0,0.02105790004134178,3,1,0,0,0.6574208177626133,0.0
GER-Bundesliga,1819,Schalke 04,Hamza Mendyl,3,2018,124,5728,D M S,9,543,0,0.0984350023791194,0,0.0984350023791194,0,0.0,3,0,5,0,0.6282340055331588,0.5464682020246983
GER-Bundesliga,1819,Schalke 04,Jeffrey Bruma,3,2018,124,5327,D S,9,620,0,0.047750199213624,0,0.047750199213624,0,0.0,2,0,4,0,0.23945419862866402,0.23945419862866402
GER-Bundesliga,1819,Schalke 04,Jonas Carls,3,2018,124,7532,M,1,90,0,0.0,0,0.0,0,0.04196760058403015,0,1,0,0,0.3617370128631592,0.3617370128631592
GER-Bundesliga,1819,Schalke 04,Mark Uth,3,2018,124,88,F M S,20,1407,2,4.775467859581113,2,4.775467859581113,1,1.6421177284792066,39,13,3,0,6.346375375986099,0.5594970881938934
GER-Bundesliga,1819,Schalke 04,Matija Nastasic,3,2018,124,451,D,28,2453,1,2.2996636368334293,1,2.2996636368334293,0,0.1670426968485117,21,5,6,1,3.95255215652287,3.781361946836114
GER-Bundesliga,1819,Schalke 04,Nabil Bentaleb,3,2018,124,914,M S,25,1796,3,3.3045122222974896,0,1.0311817424371839,0,1.3725776164792478,21,18,4,0,4.530067561194301,3.406541397795081
GER-Bundesliga,1819,Schalke 04,Naldo,3,2018,124,147,D,7,630,0,0.5993019063025713,0,0.5993019063025713,0,0.17394070327281952,9,2,1,0,0.6231505069881678,0.4492090065032244
GER-Bundesliga,1819,Schalke 04,Nassim Boujellab,3,2018,124,7522,M S,7,380,0,0.6954456027597189,0,0.6954456027597189,1,0.3377690017223358,9,1,0,0,1.3857708107680082,0.3691929876804352
GER-Bundesliga,1819,Schalke 04,Omar Mascarell,3,2018,124,2456,M S,14,991,0,0.18844550475478172,0,0.18844550475478172,2,0.2605862207710743,6,5,2,0,2.0080819204449654,1.730186551809311
GER-Bundesliga,1819,Schalke 04,Rabbi Matondo,3,2018,124,7394,M S,7,182,0,0.5265239905565977,0,0.5265239905565977,0,0.5406767129898071,3,3,0,0,0.7204497009515762,0.05861449986696243
GER-Bundesliga,1819,Schalke 04,Ralf Fährmann,3,2018,124,330,GK S,17,1469,0,0.0,0,0.0,0,0.0,0,0,0,0,0.8812676062807441,0.8812676062807441
GER-Bundesliga,1819,Schalke 04,Salif Sané,3,2018,124,96,D S,30,2612,2,0.9438869217410684,2,0.9438869217410684,0,0.21460730209946632,19,6,4,0,5.123079295270145,4.994717693887651
GER-Bundesliga,1819,Schalke 04,Sascha Riether,3,2018,124,331,S,1,1,0,0.0,0,0.0,0,0.0,0,0,0,0,0.0,0.0
GER-Bundesliga,1819,Schalke 04,Sebastian Rudy,3,2018,124,90,M S,21,1358,0,0.2038325034081936,0,0.2038325034081936,0,1.313409073278308,5,13,4,0,2.6427244152873755,1.8124570082873106
GER-Bundesliga,1819,Schalke 04,Steven Skrzybski,3,2018,124,7054,F M S,12,673,3,2.9246146455407143,3,2.9246146455407143,1,1.1222229041159153,17,8,1,0,5.557726468890905,2.667970046401024
GER-Bundesliga,1819,Schalke 04,Suat Serdar,3,2018,124,307,M S,26,1744,2,3.210373836569488,2,3.210373836569488,1,2.29015982337296,30,15,3,2,6.218890016898513,2.5528748109936714
GER-Bundesliga,1819,Schalke 04,Weston McKennie,3,2018,124,5360,D F M S,24,1745,1,2.5948123880662024,1,2.5948123880662024,4,2.6083775963634253,25,19,6,0,5.798862364143133,3.1639590011909604
GER-Bundesliga,1819,Schalke 04,Yevhen Konoplyanka,3,2018,124,2068,F M S,13,653,1,1.5061897914856672,1,1.5061897914856672,1,1.193429321050644,17,11,0,1,3.1286766696721315,1.2071522157639265
GER-Bundesliga,1819,VfB Stuttgart,Alexander Esswein,3,2018,133,270,D F M S,17,1268,0,1.5612155869603157,0,1.5612155869603157,0,1.2027253559790552,29,19,3,0,3.9666217463091016,2.0466255182400346
GER-Bundesliga,1819,VfB Stuttgart,Anastasios Donis,3,2018,133,3962,F M S,24,952,5,2.9699360486119986,5,2.9699360486119986,2,1.0992844961583614,30,7,4,0,4.73550483584404,1.4064681082963943
GER-Bundesliga,1819,VfB Stuttgart,Andreas Beck,3,2018,133,4270,D M S,24,1787,0,0.7507899198681116,0,0.7507899198681116,2,1.4098727647215128,12,16,2,0,5.093603136949241,3.1385340727865696
GER-Bundesliga,1819,VfB Stuttgart,Antonis Aidonis,3,2018,133,7256,D S,2,83,0,0.0,0,0.0,0,0.0,0,0,1,0,0.0,0.0
GER-Bundesliga,1819,VfB Stuttgart,Benjamin Pavard,3,2018,133,3363,D,29,2610,0,0.40943000093102455,0,0.40943000093102455,0,0.7581033874303102,12,11,3,0,4.099962884560227,3.9423309825360775
GER-Bundesliga,1819,VfB Stuttgart,Berkay Özcan,3,2018,133,6092,S,3,47,0,0.0,0,0.0,0,0.0,0,0,0,0,0.058836400508880615,0.058836400508880615
GER-Bundesliga,1819,VfB Stuttgart,Borna Sosa,3,2018,133,7075,D M S,12,610,0,0.28458330035209656,0,0.28458330035209656,1,1.8548229038715363,6,15,3,0,3.463414989411831,1.8958472087979317
GER-Bundesliga,1819,VfB Stuttgart,Chadrac Akolo,3,2018,133,6089,F M S,16,513,0,0.9321926943957806,0,0.9321926943957806,1,0.4320223070681095,14,6,0,0,2.2794856429100037,0.9619045183062553
GER-Bundesliga,1819,VfB Stuttgart,Christian Gentner,3,2018,133,60,M S,29,2027,0,2.788261299021542,0,2.788261299021542,5,2.104329518042505,29,18,3,0,9.393186397850513,6.095758471637964
GER-Bundesliga,1819,VfB Stuttgart,Daniel Didavi,3,2018,133,300,F M S,20,942,2,1.8324119709432125,2,1.8324119709432125,2,2.406250908970833,24,28,0,0,4.635779311880469,2.4631181824952364
GER-Bundesliga,1819,VfB Stuttgart,Dennis Aogo,3,2018,133,334,M S,15,1030,0,0.37296449672430754,0,0.37296449672430754,0,0.8580942824482918,10,15,1,0,2.8635821705684066,2.2996409917250276
GER-Bundesliga,1819,VfB Stuttgart,Emiliano Insúa,3,2018,133,59,D S,27,2121,2,0.4299271022900939,2,0.4299271022900939,2,3.106286520138383,8,28,4,1,5.492807898670435,4.1200749119743705
GER-Bundesliga,1819,VfB Stuttgart,Erik Thommy,3,2018,133,2676,F M S,19,785,1,1.1310798022896051,1,1.1310798022896051,1,1.4099309779703617,25,18,2,1,3.3806109689176083,1.624536905437708
GER-Bundesliga,1819,VfB Stuttgart,Gonzalo Castro,3,2018,133,316,D M S,25,1693,2,1.1623672787100077,2,1.1623672787100077,4,2.5970612103119493,13,29,4,0,5.581688131205738,3.68687182944268
GER-Bundesliga,1819,VfB Stuttgart,Hans Nunoo Sarpei,3,2018,133,7179,S,2,37,0,0.0,0,0.0,0,0.0,0,0,0,0,0.0,0.0
GER-Bundesliga,1819,VfB Stuttgart,Holger Badstuber,3,2018,133,219,D S,10,513,0,0.0,0,0.0,0,0.0,0,0,1,0,0.3313196022063494,0.3313196022063494
GER-Bundesliga,1819,VfB Stuttgart,Leon Dajaku,3,2018,133,7266,S,2,20,0,0.0,0,0.0,0,0.0,0,0,0,0,0.0,0.0
GER-Bundesliga,1819,VfB Stuttgart,Marc-Oliver Kempf,3,2018,133,4291,D,23,2027,2,1.9244927130639553,2,1.9244927130639553,0,0.16930759884417057,14,7,3,0,3.9391367845237255,3.6353309210389853
GER-Bundesliga,1819,VfB Stuttgart,Mario Gomez,3,2018,133,3887,F S,31,2215,7,9.682835781481117,7,9.682835781481117,2,2.462566601112485,52,25,3,1,12.89136173389852,1.5322639159858227
GER-Bundesliga,1819,VfB Stuttgart,Nicolás González,3,2018,133,7074,D F M S,30,2161,2,6.070800716988742,2,6.070800716988742,3,3.70472545735538,59,29,2,1,10.60608602501452,2.4131940361112356
GER-Bundesliga,1819,VfB Stuttgart,Ozan Kabak,3,2018,133,7376,D M,15,1350,3,1.310434713959694,3,1.310434713959694,0,0.03863130044192076,11,2,4,0,2.53394328430295,2.0082910005003214
GER-Bundesliga,1819,VfB Stuttgart,Pablo Maffeo,3,2018,133,1003,D M,8,609,0,0.1735342014580965,0,0.1735342014580965,0,0.6334143001586199,4,4,1,0,1.4853395037353039,1.2525663189589977
GER-Bundesliga,1819,VfB Stuttgart,Ron-Robert Zieler,3,2018,133,91,GK,34,3060,0,0.0,0,0.0,0,0.015048200264573097,0,1,3,0,2.924752315506339,2.909704115241766
GER-Bundesliga,1819,VfB Stuttgart,Santiago Ascacibar,3,2018,133,6289,M,27,2430,0,1.2873375210911036,0,1.2873375210911036,0,0.5349127063527703,19,13,10,1,4.874392293393612,3.249118087813258
GER-Bundesliga,1819,VfB Stuttgart,Timo Baumgartl,3,2018,133,71,D,18,1620,1,0.21852759830653667,1,0.21852759830653667,0,0.12271763943135738,5,5,2,0,3.4590777698904276,3.3363607423380017
GER-Bundesliga,1819,Werder Bremen,Aron Jóhannsson,3,2018,123,430,S,1,1,0,0.0,0,0.0,0,0.0,0,0,0,0,0.058097101747989655,0.058097101747989655
GER-Bundesliga,1819,Werder Bremen,Claudio Pizarro,3,2018,123,122,F S,26,657,5,2.7120188735425472,5,2.7120188735425472,2,0.6810031998902559,25,10,1,0,4.449488956481218,1.5521500129252672
GER-Bundesliga,1819,Werder Bremen,Davy Klaassen,3,2018,123,6045,M,33,2830,5,3.1953493822366,5,3.1953493822366,4,3.5430525923147798,33,38,5,0,13.430137823335826,7.757604825310409
GER-Bundesliga,1819,Werder Bremen,Fin Bartels,3,2018,123,115,S,2,19,0,0.0,0,0.0,0,0.0,0,0,0,0,0.20836299657821655,0.20836299657821655
GER-Bundesliga,1819,Werder Bremen,Florian Kainz,3,2018,123,5231,F S,8,373,0,0.356644107028842,0,0.356644107028842,1,0.8212740793824196,8,7,2,0,1.2378667928278446,0.9197589680552483
GER-Bundesliga,1819,Werder Bremen,Jiri Pavlenka,3,2018,123,6082,GK,34,2981,0,0.0,0,0.0,0,0.0,0,0,2,0,2.9025017749518156,2.9025017749518156
GER-Bundesliga,1819,Werder Bremen,Johannes Eggestein,3,2018,123,6084,F M S,23,1115,4,4.529729183763266,4,4.529729183763266,1,1.666188994422555,34,10,0,0,8.301525730639696,2.806999197229743
GER-Bundesliga,1819,Werder Bremen,Joshua Sargent,3,2018,123,7295,F S,10,191,2,1.3718471564352512,2,1.3718471564352512,0,0.1290488000959158,4,2,1,0,1.4766701590269804,0.08470840007066727
GER-Bundesliga,1819,Werder Bremen,Kevin Möhwald,3,2018,123,7044,F M S,23,852,3,0.8920770874246955,3,0.8920770874246955,1,0.9029476083815098,20,9,2,0,3.1300517776980996,1.7506304671987891
GER-Bundesliga,1819,Werder Bremen,Luca Plogmann,3,2018,123,7045,S,1,35,0,0.0,0,0.0,0,0.0,0,0,0,0,0.051765598356723785,0.051765598356723785
GER-Bundesliga,1819,Werder Bremen,Ludwig Augustinsson,3,2018,123,6083,D M,34,3032,1,1.6198000870645046,1,1.6198000870645046,4,2.2416967041790485,21,28,5,0,11.354759733192623,9.91214422043413
GER-Bundesliga,1819,Werder Bremen,Marco Friedl,3,2018,123,5340,D S,7,473,0,0.038016900420188904,0,0.038016900420188904,0,0.0,1,0,3,0,1.6957930475473404,1.6577760428190231
GER-Bundesliga,1819,Werder Bremen,Martin Harnik,3,2018,123,407,F M S,18,829,4,6.108242196030915,4,6.108242196030915,2,1.4193743076175451,28,13,2,0,7.418506788089871,1.670839998871088
GER-Bundesliga,1819,Werder Bremen,Max Kruse,3,2018,123,155,F M,32,2840,11,10.845133722759783,8,8.571802706457675,9,5.906608497723937,91,78,0,0,19.77341654151678,9.382066175341606
GER-Bundesliga,1819,Werder Bremen,Maximilian Eggestein,3,2018,123,125,M,34,3055,5,2.1614349000155926,5,2.1614349000155926,4,4.325669872574508,45,45,4,0,16.853822311386466,12.670136421918869
GER-Bundesliga,1819,Werder Bremen,Milos Veljkovic,3,2018,123,2691,D S,23,1879,1,0.5824495954439044,1,0.5824495954439044,0,0.2648648973554373,9,4,5,2,6.254559418186545,6.254559418186545
GER-Bundesliga,1819,Werder Bremen,Milot Rashica,3,2018,123,6523,F M S,26,1571,9,6.400966620072722,8,5.643187647685409,5,4.246430315077305,59,30,1,0,10.056342173367739,2.0659022964537144
GER-Bundesliga,1819,Werder Bremen,Niklas Moisander,3,2018,123,1936,D,30,2638,0,0.3386327978223562,0,0.3386327978223562,0,0.6916574910283089,8,12,6,1,9.03708304464817,8.779060997068882
GER-Bundesliga,1819,Werder Bremen,Nuri Sahin,3,2018,123,2642,D M S,20,1496,1,0.5490342862904072,1,0.5490342862904072,1,0.8984053954482079,12,16,5,0,4.554411105811596,3.8448096802458167
GER-Bundesliga,1819,Werder Bremen,Philipp Bargfrede,3,2018,123,114,D M S,15,1092,0,0.12915720231831074,0,0.12915720231831074,0,0.10645200125873089,7,4,6,0,2.4587627332657576,2.3045202884823084
GER-Bundesliga,1819,Werder Bremen,Sebastian Langkamp,3,2018,123,21,D S,21,1406,0,1.0780322849750519,0,1.0780322849750519,0,0.6884410195052624,10,5,4,0,3.622163901105523,3.5838940739631653
GER-Bundesliga,1819,Werder Bremen,Stefanos Kapino,3,2018,123,4255,S,1,44,0,0.0,0,0.0,0,0.0,0,0,0,0,0.0,0.0
GER-Bundesliga,1819,Werder Bremen,Theodor Gebre Selassie,3,2018,123,110,D M,32,2814,3,4.1264341454952955,3,4.1264341454952955,2,1.776650283485651,28,21,2,0,12.44146240875125,8.898024854250252
GER-Bundesliga,1819,Werder Bremen,Yuya Osako,3,2018,123,135,F M S,21,1354,3,2.997259831055999,3,2.997259831055999,2,1.9703973736613989,27,16,2,0,6.685528703033924,2.48740460537374
GER-Bundesliga,1819,Wolfsburg,Admir Mehmedi,3,2018,131,194,F M S,26,1708,6,4.000787291675806,6,4.000787291675806,5,4.055429188534617,36,34,1,0,10.254316424950957,5.427408087998629
GER-Bundesliga,1819,Wolfsburg,Daniel Ginczek,3,2018,131,426,F S,24,1276,6,3.79047660715878,6,3.79047660715878,2,1.8157592471688986,35,13,4,0,7.245265224948525,2.911572366952896
GER-Bundesliga,1819,Wolfsburg,Elvis Rexhbecaj,3,2018,131,6445,D M S,24,1138,2,0.8776176925748587,2,0.8776176925748587,2,1.5054460167884827,10,7,4,0,5.157346464693546,2.9036646001040936
GER-Bundesliga,1819,Wolfsburg,Felix Klaus,3,2018,131,350,F M S,15,430,1,1.9912351612001657,1,1.9912351612001657,1,2.214777521789074,16,5,0,0,4.1151398830115795,1.9062547832727432
GER-Bundesliga,1819,Wolfsburg,Felix Uduokhai,3,2018,131,6100,D S,11,229,0,0.013339799828827381,0,0.013339799828827381,0,0.0,1,0,2,0,0.7786751240491867,0.7786751240491867
GER-Bundesliga,1819,Wolfsburg,Gian-Luca Itter,3,2018,131,5300,D S,2,91,0,0.0,0,0.0,0,0.0,0,0,0,0,0.5727530121803284,0.5727530121803284
GER-Bundesliga,1819,Wolfsburg,Ignacio Camacho,3,2018,131,2336,M,6,540,0,0.2360990960150957,0,0.2360990960150957,0,0.3716291133314371,6,2,3,0,2.274304086342454,1.8745622150599957
GER-Bundesliga,1819,Wolfsburg,Jakub Blaszczykowski,3,2018,131,1966,S,1,11,0,0.0,0,0.0,0,0.0,0,0,0,0,0.022225800901651382,0.022225800901651382
GER-Bundesliga,1819,Wolfsburg,John Brooks,3,2018,131,22,D,29,2610,3,2.706001562997699,3,2.706001562997699,2,0.6837847027927637,19,4,7,0,7.92836644500494,6.470938175916672
GER-Bundesliga,1819,Wolfsburg,John Yeboah,3,2018,131,7234,S,2,51,0,0.03785090148448944,0,0.03785090148448944,0,0.42326998710632324,1,2,0,0,0.46112099289894104,0.0
GER-Bundesliga,1819,Wolfsburg,Josip Brekalo,3,2018,131,5353,F M S,25,1406,3,2.4134638253599405,3,2.4134638253599405,3,1.3251617960631847,26,21,2,0,5.60271386615932,2.7633494678884745
GER-Bundesliga,1819,Wolfsburg,Josuha Guilavogui,3,2018,131,150,M S,19,1573,2,1.1815635776147246,2,1.1815635776147246,1,0.1972079984843731,7,8,5,0,3.6885967142879963,3.558069826103747
GER-Bundesliga,1819,Wolfsburg,Jérôme Roussillon,3,2018,131,3339,D,28,2475,3,1.7374425567686558,3,1.7374425567686558,4,3.246265304274857,20,30,4,0,7.653752353042364,5.374839626252651
GER-Bundesliga,1819,Wolfsburg,Koen Casteels,3,2018,131,159,GK,26,2299,0,0.0,0,0.0,0,0.0,0,0,0,0,3.3190301842987537,3.3190301842987537
GER-Bundesliga,1819,Wolfsburg,Marcel Tisserand,3,2018,131,3216,D M,10,892,1,1.408101100474596,1,1.408101100474596,0,0.058405499905347824,10,1,2,0,1.5509499311447144,1.5509499311447144
GER-Bundesliga,1819,Wolfsburg,Maximilian Arnold,3,2018,131,153,M,33,2888,2,2.3895712047815323,2,2.3895712047815323,6,4.566001313738525,54,45,7,0,8.709191601723433,4.825666521675885
GER-Bundesliga,1819,Wolfsburg,Paul Verhaegh,3,2018,131,264,D,2,180,0,0.0,0,0.0,0,0.01660439930856228,0,1,0,0,0.623224601149559,0.623224601149559
GER-Bundesliga,1819,Wolfsburg,Pavao Pervan,3,2018,131,7053,GK S,9,761,0,0.0,0,0.0,0,0.017883699387311935,0,1,0,0,1.1111387182027102,1.0932550178840756
GER-Bundesliga,1819,Wolfsburg,Renato Steffen,3,2018,131,6484,D F M S,31,1505,5,2.9228680338710546,5,2.9228680338710546,1,1.8282380048185587,27,14,4,0,7.711905083619058,4.074940140359104
GER-Bundesliga,1819,Wolfsburg,Robin Knoche,3,2018,131,161,D,31,2790,3,2.644059496000409,3,2.644059496000409,0,0.13800040259957314,14,2,0,0,6.519246816635132,6.519246816635132
GER-Bundesliga,1819,Wolfsburg,Sebastian Jung,3,2018,131,156,D,1,58,0,0.0,0,0.0,0,0.012323799543082714,0,1,0,0,0.012323799543082714,0.012323799543082714
GER-Bundesliga,1819,Wolfsburg,William,3,2018,131,6229,D S,31,2679,2,1.4901989065110683,2,1.4901989065110683,1,3.0802155481651425,25,40,10,0,12.355500891804695,9.172397254034877
GER-Bundesliga,1819,Wolfsburg,Wout Weghorst,3,2018,131,7052,F S,34,2933,17,15.743415473029017,13,12.712311571463943,7,4.727676076814532,74,37,4,0,18.034685615450144,3.535672997124493
GER-Bundesliga,1819,Wolfsburg,Yannick Gerhardt,3,2018,131,140,M S,30,2471,2,3.236173012293875,2,3.236173012293875,2,3.707499680109322,35,27,2,0,11.866975370794535,6.154488291591406
GER-Bundesliga,1819,Wolfsburg,Yunus Malli,3,2018,131,45,F M S,21,674,1,1.752167503349483,0,0.9948825044557452,1,1.2598093980923295,8,16,0,0,3.0559310223907232,1.4307857137173414
GER-Bundesliga,1920,Augsburg,Alfred Finnbogason,3,2019,121,2655,F S,21,951,3,5.906304186210036,2,5.148527210578322,1,2.6616726452484727,18,19,1,0,6.308928647078574,2.0408276095986366
GER-Bundesliga,1920,Augsburg,Andreas Luthe,3,2019,121,5260,GK,10,900,0,0.0,0,0.0,0,0.0,0,0,0,0,0.16524549946188927,0.16524549946188927
GER-Bundesliga,1920,Augsburg,André Hahn,3,2019,121,412,F M S,15,695,1,2.306598784402013,1,1.548821808770299,0,0.45550819858908653,16,9,4,1,3.0669920165091753,1.199151873588562
GER-Bundesliga,1920,Augsburg,Carlos Gruezo,3,2019,121,69,M S,11,894,0,0.15848050359636545,0,0.15848050359636545,1,0.17376580275595188,6,3,3,0,1.944496724754572,1.6648532152175903
GER-Bundesliga,1920,Augsburg,Daniel Baier,3,2019,121,268,M S,23,1952,1,0.4432306010276079,1,0.4432306010276079,0,1.0045685097575188,16,10,6,0,3.818816475570202,2.4779623821377754
GER-Bundesliga,1920,Augsburg,Eduard Löwen,3,2019,121,7043,M S,23,955,2,0.8876844812184572,2,0.8876844812184572,1,0.9991650208830833,15,12,0,0,1.8564008381217718,1.094246824271977
GER-Bundesliga,1920,Augsburg,Felix Uduokhai,3,2019,121,6100,D S,26,1954,0,0.14909280091524124,0,0.14909280091524124,0,0.21567480266094208,4,5,3,0,2.1678216978907585,2.1290048947557807
GER-Bundesliga,1920,Augsburg,Florian Niederlechner,3,2019,121,306,F M S,33,2762,13,14.085201999172568,12,12.569648077711463,6,5.857988929376006,78,29,1,0,17.57950815744698,1.6237762980163097
GER-Bundesliga,1920,Augsburg,Fredrik Jensen,3,2019,121,7197,F M S,10,449,1,0.5446818061172962,1,0.5446818061172962,0,0.22449199855327606,6,2,0,0,0.9941038154065609,0.28951769322156906
GER-Bundesliga,1920,Augsburg,Georg Teigl,3,2019,121,5259,D S,3,107,0,0.07274270057678223,0,0.07274270057678223,0,0.0,1,0,0,0,0.0,0.0
GER-Bundesliga,1920,Augsburg,Iago,3,2019,121,8065,D M S,10,665,1,0.723487988114357,1,0.723487988114357,1,0.46819869987666607,2,5,0,0,1.1540067996829748,0.09031797014176846
GER-Bundesliga,1920,Augsburg,Jan Morávek,3,2019,121,367,M S,11,458,0,0.043023400008678436,0,0.043023400008678436,1,0.6415581852197647,2,5,1,0,0.8118134997785091,0.12723250314593315
GER-Bundesliga,1920,Augsburg,Jeffrey Gouweleeuw,3,2019,121,2665,D S,21,1643,0,0.0,0,0.0,1,0.20796469878405333,0,5,5,0,3.550565192475915,3.3426016308367252
GER-Bundesliga,1920,Augsburg,Julian Schieber,3,2019,121,2633,S,2,33,0,0.06051870062947273,0,0.06051870062947273,0,0.0,1,0,1,0,0.06051870062947273,0.0
GER-Bundesliga,1920,Augsburg,Mads Pedersen,3,2019,121,7809,D S,2,92,0,0.0,0,0.0,1,0.639491118490696,0,2,0,0,0.9053101316094398,0.2658190131187439
GER-Bundesliga,1920,Augsburg,Marco Richter,3,2019,121,6357,M S,31,2304,4,4.513177250511944,4,4.513177250511944,3,1.9272085074335337,64,21,2,0,10.422672158107162,4.622381391003728
GER-Bundesliga,1920,Augsburg,Marek Suchy,3,2019,121,7808,D S,7,390,0,0.07190319895744324,0,0.07190319895744324,0,0.0,2,0,1,0,0.49748460575938225,0.49748460575938225
GER-Bundesliga,1920,Augsburg,Michael Gregoritsch,3,2019,121,171,F M S,20,1144,1,4.051743941381574,1,4.051743941381574,1,1.2388455960899591,28,15,2,0,5.30549100227654,0.8781856670975685
GER-Bundesliga,1920,Augsburg,Noah Joel Sarenren Bazee,3,2019,121,2659,M S,10,383,1,1.0720965005457401,1,1.0720965005457401,0,0.35634640231728554,4,5,1,0,1.352800589054823,0.3394784890115261
GER-Bundesliga,1920,Augsburg,Philipp Max,3,2019,121,267,D M,31,2722,8,3.4573481804691255,7,2.6995751983486116,6,5.4739424381405115,36,59,5,0,10.657618255820125,5.777448889799416
GER-Bundesliga,1920,Augsburg,Rani Khedira,3,2019,121,5251,D M,32,2668,0,0.3815661668777466,0,0.3815661668777466,2,1.8019368117675185,9,11,8,0,7.155973017215729,5.7974824123084545
GER-Bundesliga,1920,Augsburg,Raphael Framberger,3,2019,121,4336,D S,18,1170,0,0.1007080003619194,0,0.1007080003619194,2,0.8484996985644102,1,5,3,0,3.071586137637496,2.1493014954030514
GER-Bundesliga,1920,Augsburg,Reece Oxford,3,2019,121,543,M S,12,351,0,0.05152549967169762,0,0.05152549967169762,0,0.0,2,0,0,0,0.18897799775004387,0.13745249807834625
GER-Bundesliga,1920,Augsburg,Ruben Vargas,3,2019,121,7810,M S,33,2549,6,6.7616592068225145,6,6.7616592068225145,1,3.849915100261569,60,23,8,0,13.098144063726068,4.665670998394489
GER-Bundesliga,1920,Augsburg,Sergio Córdova,3,2019,121,6096,F S,16,354,2,1.1473228000104427,2,1.1473228000104427,1,0.8858918938785791,5,4,0,0,2.1104125697165728,0.07719749957323074
GER-Bundesliga,1920,Augsburg,Stephan Lichtsteiner,3,2019,121,1303,D S,20,1357,0,0.02833649981766939,0,0.02833649981766939,1,0.5401984006166458,2,8,3,1,2.7968917693942785,2.50812647305429
GER-Bundesliga,1920,Augsburg,Tin Jedvaj,3,2019,121,417,D M S,31,2641,2,1.4398607891052961,2,1.4398607891052961,0,0.1814650995656848,14,7,6,0,2.3222828935831785,2.139322397299111
GER-Bundesliga,1920,Augsburg,Tomas Koubek,3,2019,121,6292,GK,24,2160,0,0.0,0,0.0,0,0.0299041997641325,0,1,2,0,2.5614879578351974,2.531583758071065
GER-Bundesliga,1920,Bayer Leverkusen,Aleksandar Dragovic,3,2019,119,5219,D S,15,1030,0,0.8147090077400208,0,0.8147090077400208,0,0.06654859893023968,2,2,5,1,2.5972547121345997,2.423275712877512
GER-Bundesliga,1920,Bayer Leverkusen,Charles Aránguiz,3,2019,119,454,M S,27,2129,1,1.1556971855461597,1,1.1556971855461597,3,2.3716567596420646,16,23,2,0,13.424682434648275,11.701839372515678
GER-Bundesliga,1920,Bayer Leverkusen,Daley Sinkgraven,3,2019,119,7899,D S,13,916,0,0.0,0,0.0,1,0.646913486532867,0,9,1,0,3.436054065823555,3.290600098669529
GER-Bundesliga,1920,Bayer Leverkusen,Edmond Tapsoba,3,2019,119,8317,D S,14,1058,0,0.2026000041514635,0,0.2026000041514635,0,0.09155210107564926,3,1,2,0,4.677477435674518,4.573185713496059
GER-Bundesliga,1920,Bayer Leverkusen,Exequiel Palacios,3,2019,119,8325,M S,3,176,0,0.23665600270032883,0,0.23665600270032883,0,0.12038570083677769,5,3,0,0,0.876098021864891,0.5597850903868675
GER-Bundesliga,1920,Bayer Leverkusen,Florian Wirtz,3,2019,119,8397,F M S,7,359,1,0.31055450439453125,1,0.31055450439453125,0,0.48502719961106777,4,3,0,0,1.349668174982071,1.0060268715023994
GER-Bundesliga,1920,Bayer Leverkusen,Joel Pohjanpalo,3,2019,119,5222,S,1,1,0,0.0,0,0.0,0,0.0,0,0,0,0,0.0,0.0
GER-Bundesliga,1920,Bayer Leverkusen,Jonathan Tah,3,2019,119,183,D S,25,2091,0,0.35026219207793474,0,0.35026219207793474,1,0.19803049601614475,6,5,4,1,10.620214454829693,10.587431482970715
GER-Bundesliga,1920,Bayer Leverkusen,Julian Baumgartlinger,3,2019,119,42,M S,27,1798,2,2.1513993982225657,2,2.1513993982225657,2,1.7409704229794443,17,17,4,0,9.86036067083478,7.853220948949456
GER-Bundesliga,1920,Bayer Leverkusen,Kai Havertz,3,2019,119,5220,F M S,30,2467,12,10.05915598385036,11,9.301623983308673,6,8.284009832888842,59,58,3,0,23.020573746412992,9.87081922404468
GER-Bundesliga,1920,Bayer Leverkusen,Karim Bellarabi,3,2019,119,186,D F M S,26,1437,4,6.826341066509485,4,6.826341066509485,6,5.370481789112091,55,27,2,0,14.961598875001073,5.2173331174999475
GER-Bundesliga,1920,Bayer Leverkusen,Kerem Demirbay,3,2019,119,5273,F M S,25,1580,1,3.1821085903793573,1,3.1821085903793573,5,4.525013342499733,30,41,2,1,11.65563353523612,8.764033805578947
GER-Bundesliga,1920,Bayer Leverkusen,Kevin Volland,3,2019,119,83,D F M S,27,2060,10,11.828394319862127,10,11.828394319862127,7,5.83227557502687,77,34,3,0,22.5965231731534,6.917990719899535
GER-Bundesliga,1920,Bayer Leverkusen,Lars Bender,3,2019,119,421,D M S,18,1377,2,0.7787642106413841,2,0.7787642106413841,1,1.3037368040531874,14,18,3,0,6.17320404201746,4.99036580324173
GER-Bundesliga,1920,Bayer Leverkusen,Leon Bailey,3,2019,119,5221,D F M S,22,1098,5,4.44166827108711,5,4.44166827108711,3,2.5394179690629244,29,21,0,2,7.952271299436688,2.3085090750828385
GER-Bundesliga,1920,Bayer Leverkusen,Lucas Alario,3,2019,119,6338,F S,24,1156,7,7.5658582504838705,6,6.808081274852157,1,1.5347132924944162,49,13,6,0,8.94996728375554,1.9757704120129347
GER-Bundesliga,1920,Bayer Leverkusen,Lukas Hradecky,3,2019,119,281,GK,34,3060,0,0.0,0,0.0,0,0.0,0,0,1,0,5.579740728251636,5.579740728251636
GER-Bundesliga,1920,Bayer Leverkusen,Mitchell Weiser,3,2019,119,28,D M S,18,1165,1,1.7394279018044472,1,1.7394279018044472,0,0.26334649696946144,7,5,3,0,5.071936506778002,3.9540454633533955
GER-Bundesliga,1920,Bayer Leverkusen,Moussa Diaby,3,2019,119,6556,F M S,28,1761,5,4.7901432937942445,5,4.7901432937942445,5,6.1492712358012795,41,35,3,0,14.2206215322949,4.19238371308893
GER-Bundesliga,1920,Bayer Leverkusen,Nadiem Amiri,3,2019,119,82,D M S,30,1855,1,2.271270618773997,1,2.271270618773997,2,6.069704246707261,42,54,3,0,11.075126070529222,6.082136748358607
GER-Bundesliga,1920,Bayer Leverkusen,Panagiotis Retsos,3,2019,119,6316,D S,3,114,0,0.0,0,0.0,0,0.02563989907503128,0,1,0,0,0.25609930232167244,0.230459401383996
GER-Bundesliga,1920,Bayer Leverkusen,Paulinho,3,2019,119,7067,M S,13,280,3,2.2562496215105057,3,2.2562496215105057,2,1.2294707670807838,9,7,1,0,4.513621941208839,2.2202541260048747
GER-Bundesliga,1920,Bayer Leverkusen,Sven Bender,3,2019,119,311,D,33,2728,2,1.7732583992183208,2,1.7732583992183208,1,0.17903500609099865,18,3,3,0,10.707153318449855,10.542798368260264
GER-Bundesliga,1920,Bayer Leverkusen,Wendell,3,2019,119,185,D S,24,1906,0,0.22584476973861456,0,0.22584476973861456,2,1.1096382406540215,10,15,4,1,9.423016399145126,8.488193351775408
GER-Bundesliga,1920,Bayern Munich,Alphonso Davies,3,2019,117,7345,D S,29,2228,3,2.3693599672988057,3,2.3693599672988057,5,4.259582146070898,12,36,2,1,25.400243878364563,21.066972889006138
GER-Bundesliga,1920,Bayern Munich,Benjamin Pavard,3,2019,117,3363,D S,32,2788,5,1.88727062381804,5,1.88727062381804,4,3.5035418793559074,24,19,5,0,20.339682385325432,19.160932570695877
GER-Bundesliga,1920,Bayern Munich,Chris Richards,3,2019,117,8430,S,1,5,0,0.0,0,0.0,0,0.0,0,0,0,0,0.0,0.0
GER-Bundesliga,1920,Bayern Munich,Corentin Tolisso,3,2019,117,3603,M S,13,632,1,1.2479420704767108,1,1.2479420704767108,2,1.7606852892786264,15,13,0,0,8.434467654675245,6.477352004498243
GER-Bundesliga,1920,Bayern Munich,David Alaba,3,2019,117,391,D S,28,2501,1,0.8317730994895101,1,0.8317730994895101,1,2.0560874342918396,19,19,0,0,20.72758300602436,18.93209720775485
GER-Bundesliga,1920,Bayern Munich,Ivan Perisic,3,2019,117,448,F M S,22,1197,4,4.253872202709317,4,4.253872202709317,3,3.3778541833162308,40,21,1,0,13.40089581348002,7.338592781685293
GER-Bundesliga,1920,Bayern Munich,Jamal Musiala,3,2019,117,8418,S,1,1,0,0.0,0,0.0,0,0.0,0,0,0,0,0.0,0.0
GER-Bundesliga,1920,Bayern Munich,Javi Martínez,3,2019,117,225,D M S,16,665,0,0.13120900094509125,0,0.13120900094509125,0,0.09565969929099083,1,2,3,1,5.9881938844919205,5.955341890454292
GER-Bundesliga,1920,Bayern Munich,Joshua Kimmich,3,2019,117,223,D M S,33,2827,3,1.0296544004231691,3,1.0296544004231691,8,8.446616698987782,25,77,7,0,30.93664002045989,28.058832820504904
GER-Bundesliga,1920,Bayern Munich,Joshua Zirkzee,3,2019,117,8044,F S,9,288,4,2.658633567392826,4,2.658633567392826,0,0.02270429953932762,11,1,0,0,3.8705245330929756,1.6296750009059906
GER-Bundesliga,1920,Bayern Munich,Jérôme Boateng,3,2019,117,220,D S,24,1813,0,0.2296155011281371,0,0.2296155011281371,2,1.4173924326896667,6,5,5,1,13.058621449396014,12.668350411579013
GER-Bundesliga,1920,Bayern Munich,Kingsley Coman,3,2019,117,226,F M S,24,1507,4,5.28508859500289,4,5.28508859500289,3,5.059591472148895,37,32,2,0,16.030744828283787,7.476638101041317
GER-Bundesliga,1920,Bayern Munich,Kwasi Okyere Wriedt,3,2019,117,6356,S,1,11,0,0.023352300748229027,0,0.023352300748229027,0,0.0,1,0,0,0,0.023352300748229027,0.0
GER-Bundesliga,1920,Bayern Munich,Leon Dajaku,3,2019,117,7266,S,2,11,0,0.0,0,0.0,0,0.0,0,0,0,0,0.3659999966621399,0.3659999966621399
GER-Bundesliga,1920,Bayern Munich,Leon Goretzka,3,2019,117,335,M S,24,1521,6,5.8480496518313885,6,5.8480496518313885,5,3.0933356769382954,40,20,2,0,18.594171546399593,12.218801565468311
GER-Bundesliga,1920,Bayern Munich,Lucas Hernández,3,2019,117,2276,D S,19,906,0,0.49026733450591564,0,0.49026733450591564,1,1.1269790083169937,3,4,3,0,6.020785268396139,4.810184236615896
GER-Bundesliga,1920,Bayern Munich,Manuel Neuer,3,2019,117,217,GK,33,2970,0,0.0,0,0.0,0,0.0,0,0,0,0,9.844680316746235,9.844680316746235
GER-Bundesliga,1920,Bayern Munich,Michaël Cuisance,3,2019,117,6148,M S,9,300,1,0.6578074190765619,1,0.6578074190765619,0,0.17531590163707733,12,5,1,0,3.1526945531368256,2.604305639863014
GER-Bundesliga,1920,Bayern Munich,Niklas Süle,3,2019,117,75,D,8,641,0,0.5809371061623096,0,0.5809371061623096,1,0.5250382050871849,6,2,1,0,3.6224947571754456,3.520293742418289
GER-Bundesliga,1920,Bayern Munich,Oliver Batista Meier,3,2019,117,8207,S,1,12,0,0.0,0,0.0,0,0.0,0,0,0,0,0.0,0.0
GER-Bundesliga,1920,Bayern Munich,Philippe Coutinho,3,2019,117,488,M S,23,1420,8,9.068954464048147,7,8.311175432056189,6,4.277333360165358,58,30,0,0,19.347124218940735,8.967300929129124
GER-Bundesliga,1920,Bayern Munich,Renato Sanches,3,2019,117,5228,S,1,2,0,0.0,0,0.0,0,0.0,0,0,0,0,0.0,0.0
GER-Bundesliga,1920,Bayern Munich,Robert Lewandowski,3,2019,117,227,F,31,2763,34,31.196764163672924,29,27.407881716266274,4,7.271126873791218,138,36,5,0,39.65042235143483,9.743501517921686
GER-Bundesliga,1920,Bayern Munich,Sarpreet Singh,3,2019,117,7777,M S,2,69,0,0.05375950038433075,0,0.05375950038433075,0,0.0,1,0,0,0,0.2747209966182709,0.22096100449562073
GER-Bundesliga,1920,Bayern Munich,Serge Gnabry,3,2019,117,993,F M S,31,2221,12,14.172484152019024,12,14.172484152019024,10,12.498703610152006,95,54,0,0,33.750422574579716,12.32283779233694
GER-Bundesliga,1920,Bayern Munich,Sven Ulreich,3,2019,117,231,GK,1,90,0,0.0,0,0.0,0,0.0,0,0,0,0,1.0602500438690186,1.0602500438690186
GER-Bundesliga,1920,Bayern Munich,Thiago Alcántara,3,2019,117,229,M S,24,1773,3,2.582844851538539,3,2.582844851538539,0,1.0969494432210922,18,20,7,0,19.607252351939678,16.872010193765163
GER-Bundesliga,1920,Bayern Munich,Thomas Müller,3,2019,117,224,M S,33,2258,8,8.575404800474644,8,8.575404800474644,20,15.50623968243599,53,83,5,0,36.35653913021088,18.292041327804327
GER-Bundesliga,1920,Bayern Munich,Álvaro Odriozola,3,2019,117,2418,D S,3,157,0,0.0,0,0.0,0,0.6997599899768829,0,3,0,0,1.5599590092897415,0.8601980060338974
GER-Bundesliga,1920,Borussia Dortmund,Achraf Hakimi,3,2019,129,5197,D M S,33,2709,5,5.067437727935612,5,5.067437727935612,10,5.5109693594276905,38,36,5,0,24.1443731226027,16.293885316699743
GER-Bundesliga,1920,Borussia Dortmund,Axel Witsel,3,2019,129,3059,M S,28,2240,4,2.6238227766007185,4,2.6238227766007185,5,3.982818055897951,31,15,4,0,13.79659304022789,9.648974237032235
GER-Bundesliga,1920,Borussia Dortmund,Dan-Axel Zagadou,3,2019,129,6103,D S,15,977,1,0.19804959930479527,1,0.19804959930479527,1,0.6806094087660313,4,6,1,0,5.477315834723413,4.900670054368675
GER-Bundesliga,1920,Borussia Dortmund,Emre Can,3,2019,129,604,D M S,12,956,2,1.136731575243175,2,1.136731575243175,0,0.3038211017847061,16,3,5,0,5.290361166000366,4.678490672260523
GER-Bundesliga,1920,Borussia Dortmund,Erling Haaland,3,2019,129,8260,F S,15,1061,13,8.889357395470142,13,8.889357395470142,2,1.5264755114912987,33,9,0,0,11.366187927313149,2.984985080547631
GER-Bundesliga,1920,Borussia Dortmund,Giovanni Reyna,3,2019,129,8191,F M S,15,339,0,0.22576939314603806,0,0.22576939314603806,1,0.9767965916544199,4,5,2,0,3.9279921017587185,3.267911072820425
GER-Bundesliga,1920,Borussia Dortmund,Jacob Bruun Larsen,3,2019,129,5355,F M S,15,443,0,0.2243113024160266,0,0.2243113024160266,2,2.3464617021381855,4,14,0,0,3.0403985399752855,1.1071161711588502
GER-Bundesliga,1920,Borussia Dortmund,Jadon Sancho,3,2019,129,6345,F M S,32,2284,17,10.752354852855206,17,10.752354852855206,16,11.467584058642387,52,69,2,0,28.819598192349076,11.866170266643167
GER-Bundesliga,1920,Borussia Dortmund,Julian Brandt,3,2019,129,261,F M S,33,2222,3,3.6490415278822184,3,3.6490415278822184,7,5.632642220705748,34,39,0,0,22.385952688753605,14.676886428147554
GER-Bundesliga,1920,Borussia Dortmund,Julian Weigl,3,2019,129,372,D M S,13,1027,1,0.23321660421788692,1,0.23321660421788692,0,0.35140070877969265,9,4,4,0,2.7789939045906067,2.5712329298257828
GER-Bundesliga,1920,Borussia Dortmund,Leonardo Balerdi,3,2019,129,7486,D S,7,125,0,0.0,0,0.0,0,0.0,0,0,1,0,0.14194239675998688,0.14194239675998688
GER-Bundesliga,1920,Borussia Dortmund,Lukasz Piszczek,3,2019,129,310,D S,29,2112,1,0.3422868996858597,1,0.3422868996858597,3,2.2982575865462422,8,14,3,0,13.67387016536668,12.737794869113714
GER-Bundesliga,1920,Borussia Dortmund,Mahmoud Dahoud,3,2019,129,205,M S,12,556,0,0.9311558995395899,0,0.9311558995395899,1,0.8663263972848654,12,8,1,0,3.380887694656849,2.4132546856999397
GER-Bundesliga,1920,Borussia Dortmund,Manuel Akanji,3,2019,129,6490,D S,29,2309,0,0.8052022042684257,0,0.8052022042684257,1,0.4683356136083603,8,3,2,0,11.960596308112144,11.793050982058048
GER-Bundesliga,1920,Borussia Dortmund,Marcel Schmelzer,3,2019,129,313,S,7,55,1,0.6607010141015053,1,0.6607010141015053,1,0.19080710411071777,2,2,0,0,0.3145879954099655,0.019170500338077545
GER-Bundesliga,1920,Borussia Dortmund,Marco Reus,3,2019,129,319,F M S,19,1505,11,9.104644790291786,10,8.346948113292456,5,3.133824195712805,47,22,1,0,16.012733042240143,6.054591113701463
GER-Bundesliga,1920,Borussia Dortmund,Mario Götze,3,2019,129,422,F S,15,513,3,2.1716230362653732,2,1.4140890091657639,0,1.4714079089462757,8,11,0,0,3.1542480513453484,1.177815280854702
GER-Bundesliga,1920,Borussia Dortmund,Marwin Hitz,3,2019,129,263,GK S,4,287,0,0.0,0,0.0,0,0.0,0,0,0,0,0.20679499953985214,0.20679499953985214
GER-Bundesliga,1920,Borussia Dortmund,Mateu Morey,3,2019,129,8070,D S,5,196,0,0.5200629830360413,0,0.5200629830360413,1,0.2953760027885437,2,1,0,0,1.4445222169160843,0.6290801912546158
GER-Bundesliga,1920,Borussia Dortmund,Mats Hummels,3,2019,129,373,D,31,2588,1,1.4859941899776459,1,1.4859941899776459,3,2.114341501146555,22,9,6,1,15.734788190573454,14.86695807799697
GER-Bundesliga,1920,Borussia Dortmund,Nico Schulz,3,2019,129,433,D S,11,592,1,0.3696514032781124,1,0.3696514032781124,0,0.1002617022022605,6,3,0,0,1.4760738862678409,1.019758521579206
GER-Bundesliga,1920,Borussia Dortmund,Paco Alcácer,3,2019,129,2380,F S,11,527,5,4.2159494599327445,5,4.2159494599327445,1,0.9422581866383553,16,5,0,0,5.379409356974065,0.5692674070596695
GER-Bundesliga,1920,Borussia Dortmund,Raphael Guerreiro,3,2019,129,3455,D M S,29,2343,8,5.235047036781907,8,5.235047036781907,2,3.176345365587622,40,38,3,0,17.547660648822784,13.018503747880459
GER-Bundesliga,1920,Borussia Dortmund,Roman Bürki,3,2019,129,309,GK,31,2773,0,0.0,0,0.0,0,0.0,0,0,0,0,5.155806029215455,5.155806029215455
GER-Bundesliga,1920,Borussia Dortmund,Thomas Delaney,3,2019,129,5230,M,11,843,0,0.511503204703331,0,0.511503204703331,0,0.016114700585603714,3,1,4,0,4.665420189499855,4.209035485982895
GER-Bundesliga,1920,Borussia Dortmund,Thorgan Hazard,3,2019,129,213,F M S,33,2405,7,5.939620640128851,7,5.939620640128851,13,7.814636003226042,50,57,3,0,22.702956676483154,11.461065258830786
GER-Bundesliga,1920,Borussia Dortmund,Tobias Raschl,3,2019,129,8114,S,1,23,0,0.0,0,0.0,0,0.0,0,0,0,0,0.0,0.0
GER-Bundesliga,1920,Borussia M.Gladbach,Alassane Pléa,3,2019,130,3310,F M S,27,2159,10,12.69919659011066,10,11.941495610401034,10,8.420420812442899,77,39,0,2,19.66848337650299,4.572907918132842
GER-Bundesliga,1920,Borussia M.Gladbach,Breel Embolo,3,2019,130,5356,F M S,28,1544,8,9.812687553465366,8,9.054917491972446,5,4.304039862006903,46,21,4,0,15.361881073564291,5.057912211865187
GER-Bundesliga,1920,Borussia M.Gladbach,Christoph Kramer,3,2019,130,187,M S,22,1457,0,0.32126379385590553,0,0.32126379385590553,0,0.4521725010126829,10,9,4,0,7.629234191030264,6.994933970272541
GER-Bundesliga,1920,Borussia M.Gladbach,Denis Zakaria,3,2019,130,6147,D M S,23,1945,2,2.570228900760412,2,2.570228900760412,2,1.4774127248674631,23,11,7,0,10.452865332365036,7.161064125597477
GER-Bundesliga,1920,Borussia M.Gladbach,Fabian Johnson,3,2019,130,327,D M S,6,275,0,0.0,0,0.0,0,0.5592900067567825,0,2,0,0,0.7779066115617752,0.34652160108089447
GER-Bundesliga,1920,Borussia M.Gladbach,Florian Neuhaus,3,2019,130,7065,M S,30,2356,4,6.460361911915243,4,6.460361911915243,2,3.1475254744291306,57,30,6,0,20.55044497549534,12.684585148468614
GER-Bundesliga,1920,Borussia M.Gladbach,Ibrahima Traoré,3,2019,130,207,M S,7,144,0,0.315472599118948,0,0.315472599118948,1,0.7622610032558441,4,3,0,0,1.4442368932068348,0.5402114130556583
GER-Bundesliga,1920,Borussia M.Gladbach,Jonas Hofmann,3,2019,130,320,M S,24,1638,5,4.097970046103001,5,4.097970046103001,3,2.985699150711298,23,34,3,0,13.323131125420332,8.324067652225494
GER-Bundesliga,1920,Borussia M.Gladbach,Keanan Bennetts,3,2019,130,7832,S,1,1,0,0.0,0,0.0,0,0.0,0,0,0,0,0.0,0.0
GER-Bundesliga,1920,Borussia M.Gladbach,Lars Stindl,3,2019,130,208,F M S,25,1436,9,7.676672705449164,7,6.161111720837653,3,3.8779394030570984,34,27,4,0,14.309372838586569,6.691978396847844
GER-Bundesliga,1920,Borussia M.Gladbach,Louis Beyer,3,2019,130,6557,S,3,102,0,0.0,0,0.0,0,0.0,0,0,1,0,0.4077247120440006,0.4077247120440006
GER-Bundesliga,1920,Borussia M.Gladbach,László Bénes,3,2019,130,5258,M S,22,895,0,1.127937313169241,0,1.127937313169241,4,3.9781514778733253,23,27,3,0,5.573645997792482,3.544461766257882
GER-Bundesliga,1920,Borussia M.Gladbach,Mamadou Doucouré,3,2019,130,3715,S,2,2,0,0.0,0,0.0,0,0.0,0,0,0,0,0.0,0.0
GER-Bundesliga,1920,Borussia M.Gladbach,Marcus Thuram,3,2019,130,5992,F M S,31,2225,10,11.053867347538471,10,11.053867347538471,8,7.944684710353613,57,31,3,0,19.860421150922775,4.331068869680166
GER-Bundesliga,1920,Borussia M.Gladbach,Matthias Ginter,3,2019,130,315,D,31,2782,1,2.1156279938295484,1,2.1156279938295484,1,1.5557665973901749,17,8,2,0,12.17545086890459,10.79397850483656
GER-Bundesliga,1920,Borussia M.Gladbach,Nico Elvedi,3,2019,130,212,D S,32,2622,1,0.6699576955288649,1,0.6699576955288649,0,0.04542290046811104,9,1,5,0,10.479309938848019,10.479309938848019
GER-Bundesliga,1920,Borussia M.Gladbach,Oscar Wendt,3,2019,130,206,D M S,25,1674,2,1.1303729303181171,2,1.1303729303181171,2,2.603336887434125,9,22,3,0,6.40250413864851,4.22398729249835
GER-Bundesliga,1920,Borussia M.Gladbach,Patrick Herrmann,3,2019,130,420,F M S,27,1454,6,6.845348335802555,6,6.845348335802555,6,4.826206833124161,40,27,4,0,14.836453877389431,4.4262816943228245
GER-Bundesliga,1920,Borussia M.Gladbach,Raffael,3,2019,130,210,S,8,51,0,1.1421496085822582,0,1.1421496085822582,0,0.13060130178928375,8,4,0,0,1.544820562005043,0.4708470106124878
GER-Bundesliga,1920,Borussia M.Gladbach,Ramy Bensebaini,3,2019,130,3349,D S,19,1450,5,3.9311465565115213,3,2.4156732335686684,3,2.621153324842453,23,12,6,1,8.486116787418723,5.592461720108986
GER-Bundesliga,1920,Borussia M.Gladbach,Stefan Lainer,3,2019,130,7831,D M,31,2717,1,1.9478805884718895,1,1.9478805884718895,3,4.174466349184513,15,36,9,0,15.139617467299104,12.122400090098381
GER-Bundesliga,1920,Borussia M.Gladbach,Tobias Strobl,3,2019,130,79,D M S,10,616,0,0.015039299614727497,0,0.015039299614727497,0,0.30785930901765823,1,4,1,0,3.4997807666659355,3.4085685312747955
GER-Bundesliga,1920,Borussia M.Gladbach,Tony Jantschke,3,2019,130,201,D S,17,1018,0,0.6680846847593784,0,0.6680846847593784,0,1.0965765183791518,4,7,6,0,4.433645620942116,3.9290164038538933
GER-Bundesliga,1920,Borussia M.Gladbach,Torben Müsel,3,2019,130,7318,S,1,1,0,0.0,0,0.0,0,0.0,0,0,0,0,0.0,0.0
GER-Bundesliga,1920,Borussia M.Gladbach,Yann Sommer,3,2019,130,199,GK,34,3060,0,0.0,0,0.0,0,0.0,0,0,0,0,6.60233174264431,6.60233174264431
GER-Bundesliga,1920,Eintracht Frankfurt,Almamy Touré,3,2019,132,3431,D M S,19,1500,1,1.8362096045166254,1,1.8362096045166254,3,2.6771870092488825,15,22,2,0,5.0703695537522435,2.770452323369682
GER-Bundesliga,1920,Eintracht Frankfurt,André Silva,3,2019,132,6170,F S,25,1575,12,11.537909541279078,11,10.780132565647364,3,4.55522895604372,54,32,1,0,14.233418745920062,1.5503290751948953
GER-Bundesliga,1920,Eintracht Frankfurt,Ante Rebic,3,2019,132,1852,F,1,90,0,0.12288899719715118,0,0.12288899719715118,0,0.22777999937534332,2,3,1,0,0.8995469808578491,0.6065809726715088
GER-Bundesliga,1920,Eintracht Frankfurt,Bas Dost,3,2019,132,158,F S,24,1480,8,7.2235165275633335,8,7.2235165275633335,2,1.9827608540654182,32,19,2,0,10.67036196961999,2.6332447975873947
GER-Bundesliga,1920,Eintracht Frankfurt,Daichi Kamada,3,2019,132,6145,F M S,28,1970,2,6.370812978595495,2,6.370812978595495,4,3.510614726226777,46,38,5,0,13.206479104235768,5.602587649598718
GER-Bundesliga,1920,Eintracht Frankfurt,Danny da Costa,3,2019,132,249,D M S,19,1389,1,1.5111648067831993,1,1.5111648067831993,4,3.8465516716241837,17,22,0,0,8.529056921601295,4.603726426139474
GER-Bundesliga,1920,Eintracht Frankfurt,David Abraham,3,2019,132,283,D S,20,1692,2,1.300638597458601,2,1.300638597458601,0,0.10322580114006996,7,2,2,1,4.943648315966129,4.429274693131447
GER-Bundesliga,1920,Eintracht Frankfurt,Dejan Joveljic,3,2019,132,7866,F S,4,146,0,0.0,0,0.0,0,0.0,0,0,1,0,0.032648198306560516,0.032648198306560516
GER-Bundesliga,1920,Eintracht Frankfurt,Djibril Sow,3,2019,132,2624,M S,29,1732,1,1.6817258968949318,1,1.6817258968949318,3,2.3930437844246626,21,25,2,0,8.51553562283516,5.850032136309892
GER-Bundesliga,1920,Eintracht Frankfurt,Dominik Kohr,3,2019,132,269,M S,26,1453,0,1.4755617212504148,0,1.4755617212504148,3,1.3548088818788528,29,18,5,1,6.577972071245313,4.65118823479861
GER-Bundesliga,1920,Eintracht Frankfurt,Erik Durm,3,2019,132,2640,D M S,9,511,0,0.5373187959194183,0,0.5373187959194183,0,0.1412560986354947,14,4,0,0,1.6156620122492313,1.0588982179760933
GER-Bundesliga,1920,Eintracht Frankfurt,Evan Ndicka,3,2019,132,7049,D S,22,1729,1,0.6561674885451794,1,0.6561674885451794,1,0.8971352055668831,10,8,3,0,6.968970969319344,6.002117481082678
GER-Bundesliga,1920,Eintracht Frankfurt,Felix Wiedwald,3,2019,132,109,GK,3,270,0,0.0,0,0.0,0,0.0,0,0,0,0,0.05690990015864372,0.05690990015864372
GER-Bundesliga,1920,Eintracht Frankfurt,Filip Kostic,3,2019,132,64,D M,33,2962,4,5.679941883310676,4,5.679941883310676,11,11.789905525743961,88,78,4,0,20.71103086322546,11.335508834570646
GER-Bundesliga,1920,Eintracht Frankfurt,Frederik Rönnow,3,2019,132,7048,GK,9,810,0,0.0,0,0.0,0,0.0,0,0,0,0,1.0305267218500376,1.0305267218500376
GER-Bundesliga,1920,Eintracht Frankfurt,Gelson Fernandes,3,2019,132,3224,M S,11,787,0,0.0,0,0.0,0,0.15689700469374657,0,2,3,1,1.798482684418559,1.6578429900109768
GER-Bundesliga,1920,Eintracht Frankfurt,Gonçalo Paciência,3,2019,132,7051,F S,23,1274,7,7.399673856794834,6,6.64197389036417,3,3.3845053985714912,51,22,4,0,9.740148402750492,1.3569464962929487
GER-Bundesliga,1920,Eintracht Frankfurt,Jonathan de Guzmán,3,2019,132,1350,S,8,64,0,0.032219298183918,0,0.032219298183918,1,0.6080252975225449,1,4,1,0,0.708076705224812,0.6012039082124829
GER-Bundesliga,1920,Eintracht Frankfurt,Kevin Trapp,3,2019,132,3286,GK,22,1980,0,0.0,0,0.0,0,0.0,0,0,1,0,2.2550457790493965,2.2550457790493965
GER-Bundesliga,1920,Eintracht Frankfurt,Lucas Torró,3,2019,132,7050,M S,7,332,0,0.1145894005894661,0,0.1145894005894661,0,0.030214300379157066,6,2,3,1,0.5661072134971619,0.49872660264372826
GER-Bundesliga,1920,Eintracht Frankfurt,Makoto Hasebe,3,2019,132,282,D M S,23,1967,0,0.0,0,0.0,0,0.3459344934672117,0,9,3,0,7.357060814276338,7.225832510739565
GER-Bundesliga,1920,Eintracht Frankfurt,Martin Hinteregger,3,2019,132,2668,D S,31,2721,8,4.827200001105666,8,4.827200001105666,1,1.4694775035604835,45,7,8,0,8.395308817271143,7.30212827026844
GER-Bundesliga,1920,Eintracht Frankfurt,Mijat Gacinovic,3,2019,132,290,F M S,23,1048,0,2.9279564805328846,0,2.9279564805328846,1,1.2263041771948338,25,13,2,0,6.500789305195212,2.8329447228461504
GER-Bundesliga,1920,Eintracht Frankfurt,Sebastian Rode,3,2019,132,228,M S,29,1970,3,0.9580091126263142,3,0.9580091126263142,3,1.5907359924167395,13,23,6,0,7.127661500591785,5.727525976020843
GER-Bundesliga,1920,Eintracht Frankfurt,Simon Falette,3,2019,132,5673,D,1,90,0,0.0,0,0.0,0,0.019485199823975563,0,1,0,0,0.36591699719429016,0.34643200039863586
GER-Bundesliga,1920,Eintracht Frankfurt,Stefan Ilsanker,3,2019,132,5242,D M S,18,1250,2,2.0242561688646674,2,2.0242561688646674,1,0.7581016011536121,12,7,6,0,3.9812350906431675,3.7887971736490726
GER-Bundesliga,1920,Eintracht Frankfurt,Timothy Chandler,3,2019,132,359,D M S,22,1202,5,1.8203645395115018,5,1.8203645395115018,1,1.4287091195583344,20,12,4,0,5.012315437197685,2.593316987156868
GER-Bundesliga,1920,FC Cologne,Anthony Modeste,3,2019,134,137,F M S,27,1118,4,3.5140948314219713,4,3.5140948314219713,1,0.6630941815674305,35,3,1,0,4.317866096273065,0.3718679016456008
GER-Bundesliga,1920,FC Cologne,Benno Schmitz,3,2019,134,5253,D S,18,1159,0,0.09250829741358757,0,0.09250829741358757,0,1.036985406652093,2,15,1,0,2.783017612993717,2.4030833300203085
GER-Bundesliga,1920,FC Cologne,Birger Verstraete,3,2019,134,7787,M S,9,667,0,0.3059372007846832,0,0.3059372007846832,1,0.8787425761111081,7,10,3,0,1.2831164076924324,1.1271080076694489
GER-Bundesliga,1920,FC Cologne,Christian Clemens,3,2019,134,49,S,1,14,0,0.0,0,0.0,0,0.06051979959011078,0,1,0,0,0.0,0.0
GER-Bundesliga,1920,FC Cologne,Darko Churlinov,3,2019,134,7790,S,1,19,0,0.0,0,0.0,0,0.027776099741458893,0,1,0,0,0.0,0.0
GER-Bundesliga,1920,FC Cologne,Dominick Drexler,3,2019,134,7789,M S,27,1575,3,2.0607249261811376,3,2.0607249261811376,4,3.497254285030067,19,27,5,0,6.589061740785837,3.0113992746919394
GER-Bundesliga,1920,FC Cologne,Ellyes Skhiri,3,2019,134,3347,M S,32,2684,1,2.006482768803835,1,2.006482768803835,3,2.526586371473968,25,20,4,0,7.469266745261848,5.019792003557086
GER-Bundesliga,1920,FC Cologne,Elvis Rexhbecaj,3,2019,134,6445,M S,13,619,0,1.3726007118821144,0,1.3726007118821144,3,1.7308069802820683,13,9,3,0,4.3954689260572195,1.4195373989641666
GER-Bundesliga,1920,FC Cologne,Florian Kainz,3,2019,134,5231,M S,28,1564,5,4.3117235926911235,4,3.5539466170594096,6,6.8000135868787766,41,46,5,0,10.07468160893768,3.816029886715114
GER-Bundesliga,1920,FC Cologne,Ismail Jakobs,3,2019,134,8146,D F M,20,1696,2,2.6280214181169868,2,2.6280214181169868,2,1.0853777676820755,18,12,4,0,5.274628356099129,2.0308642257004976
GER-Bundesliga,1920,FC Cologne,Jan Thielmann,3,2019,134,8205,M S,12,556,0,0.2835384029895067,0,0.2835384029895067,1,0.11975120007991791,8,3,2,0,0.49857010319828987,0.1346219014376402
GER-Bundesliga,1920,FC Cologne,Jhon Córdoba,3,2019,134,48,F S,29,2015,13,8.334682997316122,13,8.334682997316122,2,2.022234727628529,60,25,5,0,12.444191657938063,3.3281732872128487
GER-Bundesliga,1920,FC Cologne,Jonas Hector,3,2019,134,131,D M S,29,2436,4,1.9151027640327811,4,1.9151027640327811,2,3.2065405612811446,30,26,9,0,6.547234993427992,4.253235226497054
GER-Bundesliga,1920,FC Cologne,Jorge Meré,3,2019,134,2210,D S,11,606,1,0.9525798121467233,1,0.9525798121467233,0,0.09461389854550362,3,2,4,1,1.6847013793885708,1.6847013793885708
GER-Bundesliga,1920,FC Cologne,Kingsley Ehizibue,3,2019,134,7785,D M S,31,2352,1,1.16643500700593,1,1.16643500700593,1,1.3374246880412102,12,15,6,1,5.754091142676771,3.9989279033616185
GER-Bundesliga,1920,FC Cologne,Kingsley Schindler,3,2019,134,7788,F M S,13,853,0,0.871051287278533,0,0.871051287278533,2,1.3895683893933892,13,10,0,0,3.538339070044458,1.9811863107606769
GER-Bundesliga,1920,FC Cologne,Lasse Sobiech,3,2019,134,7792,D,1,90,0,0.0,0,0.0,0,0.037729598581790924,0,1,1,0,0.037729598581790924,0.0
GER-Bundesliga,1920,FC Cologne,Louis Schaub,3,2019,134,7897,M S,9,633,1,0.6915275864303112,1,0.6915275864303112,1,0.7747908011078835,9,11,0,0,2.629655670374632,1.5800994131714106
GER-Bundesliga,1920,FC Cologne,Marcel Risse,3,2019,134,134,S,6,122,0,0.04802989959716797,0,0.04802989959716797,2,1.0265255942940712,1,6,1,0,0.3777185007929802,0.3130300045013428
GER-Bundesliga,1920,FC Cologne,Marco Höger,3,2019,134,427,M S,15,664,0,0.07892580330371857,0,0.07892580330371857,0,0.1303061991930008,1,5,2,0,1.5165499188005924,1.3862437270581722
GER-Bundesliga,1920,FC Cologne,Mark Uth,3,2019,134,88,F M S,23,1534,5,7.829693626612425,4,5.556448582559824,5,4.841097788885236,51,33,5,0,10.108668118715286,4.251552166417241
GER-Bundesliga,1920,FC Cologne,Matthias Bader,3,2019,134,7793,S,1,10,0,0.0,0,0.0,0,0.0,0,0,0,0,0.0,0.0
GER-Bundesliga,1920,FC Cologne,Noah Katterbach,3,2019,134,8083,D S,18,1319,0,0.10139559954404831,0,0.10139559954404831,0,0.2531184032559395,3,9,2,0,2.5602440517395735,2.389847356826067
GER-Bundesliga,1920,FC Cologne,Rafael Czichos,3,2019,134,7786,D,26,2210,1,2.4031201899051666,1,2.4031201899051666,1,0.8908140063285828,13,7,2,1,4.088772201910615,3.780375682748854
GER-Bundesliga,1920,FC Cologne,Sebastiaan Bornauw,3,2019,134,7791,D,28,2450,6,3.200397474691272,6,3.200397474691272,0,0.5446526948362589,18,6,5,1,4.57056466396898,4.22115636896342
GER-Bundesliga,1920,FC Cologne,Simon Terodde,3,2019,134,6090,F M S,23,779,3,6.090852249413729,3,6.090852249413729,1,0.9462506119161844,35,8,4,0,5.439777674153447,1.0870289765298367
GER-Bundesliga,1920,FC Cologne,Tim Lemperle,3,2019,134,8407,S,1,14,0,0.06051979959011078,0,0.06051979959011078,0,0.0,1,0,0,0,0.0,0.0
GER-Bundesliga,1920,FC Cologne,Timo Horn,3,2019,134,127,GK,34,3060,0,0.11565600335597992,0,0.11565600335597992,0,0.29878899455070496,1,1,0,0,3.514816028997302,3.1003700625151396
GER-Bundesliga,1920,FC Cologne,Toni Leistner,3,2019,134,8299,D S,13,1006,0,0.37982819974422455,0,0.37982819974422455,0,0.04843359999358654,3,2,3,0,2.3595612570643425,2.3434772714972496
GER-Bundesliga,1920,Fortuna Duesseldorf,Adam Bodzek,3,2019,233,7140,M S,28,2023,0,0.6979128066450357,0,0.6979128066450357,0,0.2707008011639118,9,8,10,0,2.535295134410262,1.791961519047618
GER-Bundesliga,1920,Fortuna Duesseldorf,Alfredo Morales,3,2019,233,252,M S,27,1715,1,0.8440459873527288,1,0.8440459873527288,2,0.7509634047746658,20,9,6,0,2.4933369010686874,1.3468296276405454
GER-Bundesliga,1920,Fortuna Duesseldorf,Andre Hoffmann,3,2019,233,436,D S,29,2438,2,1.200008813291788,2,1.200008813291788,1,0.5656305104494095,14,2,7,0,2.4919165279716253,2.209107192233205
GER-Bundesliga,1920,Fortuna Duesseldorf,Aymen Barkok,3,2019,233,5235,M S,3,79,0,0.0,0,0.0,0,0.0,0,0,0,0,0.0,0.0
GER-Bundesliga,1920,Fortuna Duesseldorf,Bernard Tekpetey,3,2019,233,5323,F M S,9,450,0,0.42930540069937706,0,0.42930540069937706,1,0.2633090987801552,12,5,4,0,0.772561009041965,0.2622836912050843
GER-Bundesliga,1920,Fortuna Duesseldorf,Dawid Kownacki,3,2019,233,6190,F M S,20,1084,0,2.766559213399887,0,2.766559213399887,0,0.817512970417738,27,12,4,0,4.256655482575297,1.517311873845756
GER-Bundesliga,1920,Fortuna Duesseldorf,Erik Thommy,3,2019,233,2676,D F M S,34,2264,6,3.9937786422669888,6,3.9937786422669888,4,4.896442476660013,61,38,3,0,11.120151622220874,4.909937446005642
GER-Bundesliga,1920,Fortuna Duesseldorf,Florian Kastenmeier,3,2019,233,7818,GK,17,1530,0,0.0,0,0.0,0,0.29805539548397064,0,2,0,0,1.7647251840680838,1.4666697885841131
GER-Bundesliga,1920,Fortuna Duesseldorf,Jean Zimmer,3,2019,233,7057,D F M S,17,713,0,0.4504993949085474,0,0.4504993949085474,0,1.1652686186134815,9,13,2,0,0.9813886024057865,0.5070475041866302
GER-Bundesliga,1920,Fortuna Duesseldorf,Kaan Ayhan,3,2019,233,347,D,31,2734,2,2.360898582264781,2,2.360898582264781,3,2.4161013504490256,29,19,10,0,5.2335350131616,4.535861323587596
GER-Bundesliga,1920,Fortuna Duesseldorf,Kasim Nuhu,3,2019,233,7024,D S,13,995,1,1.381650421768427,1,1.381650421768427,0,0.12744399905204773,6,2,0,0,1.3604871705174446,1.304211176931858
GER-Bundesliga,1920,Fortuna Duesseldorf,Kelvin Ofori,3,2019,233,7819,S,2,31,0,0.02313069999217987,0,0.02313069999217987,0,0.0,1,0,0,0,0.02313069999217987,0.0
GER-Bundesliga,1920,Fortuna Duesseldorf,Kenan Karaman,3,2019,233,98,F M S,20,1367,6,4.224242087453604,6,4.224242087453604,1,1.8742581829428673,32,21,4,0,5.5860686376690865,0.5021210042759776
GER-Bundesliga,1920,Fortuna Duesseldorf,Kevin Stöger,3,2019,233,7058,M S,17,1269,0,0.6478034937754273,0,0.6478034937754273,4,2.215027431026101,21,26,3,0,5.222522310912609,3.613301166333258
GER-Bundesliga,1920,Fortuna Duesseldorf,Lewis Baker,3,2019,233,4510,M S,8,555,0,0.4977031098678708,0,0.4977031098678708,0,0.4340766053646803,12,7,1,0,0.6972465999424458,0.41484969947487116
GER-Bundesliga,1920,Fortuna Duesseldorf,Marcel Sobottka,3,2019,233,4302,M S,18,696,0,0.336403202265501,0,0.336403202265501,1,0.13615159690380096,7,2,2,0,0.565312696620822,0.26143889874219894
GER-Bundesliga,1920,Fortuna Duesseldorf,Markus Suttner,3,2019,233,379,D M S,21,1335,0,0.4698227113112807,0,0.4698227113112807,1,0.6124321036040783,15,14,3,0,3.4988335948437452,2.905220787972212
GER-Bundesliga,1920,Fortuna Duesseldorf,Matthias Zimmermann,3,2019,233,2629,D M S,34,2931,1,0.4840454487130046,1,0.4840454487130046,2,2.3488530069589615,16,25,4,0,6.34612780995667,5.052494205534458
GER-Bundesliga,1920,Fortuna Duesseldorf,Nana Ampomah,3,2019,233,8053,F M S,12,495,0,0.5938967000693083,0,0.5938967000693083,0,0.2433249056339264,15,7,1,0,1.2385854981839657,0.5949709005653858
GER-Bundesliga,1920,Fortuna Duesseldorf,Niko Gießelmann,3,2019,233,7056,D S,25,2060,1,0.47879519686102867,1,0.47879519686102867,1,1.7135836314409971,14,22,6,0,4.3149274829775095,3.1012486927211285
GER-Bundesliga,1920,Fortuna Duesseldorf,Oliver Fink,3,2019,233,7255,F M S,14,675,0,0.4589832052588463,0,0.4589832052588463,1,0.3450544998049736,8,11,2,0,1.318375401198864,0.7645227033644915
GER-Bundesliga,1920,Fortuna Duesseldorf,Robin Bormuth,3,2019,233,7062,D S,3,181,0,0.0,0,0.0,0,0.0,0,0,0,0,0.27477699518203735,0.27477699518203735
GER-Bundesliga,1920,Fortuna Duesseldorf,Rouwen Hennings,3,2019,233,7060,F S,32,2458,15,11.296850126236677,11,8.266155164688826,0,1.0592177482321858,73,22,4,0,8.532814554870129,1.1452460400760174
GER-Bundesliga,1920,Fortuna Duesseldorf,Steven Skrzybski,3,2019,233,7054,F M S,11,529,1,1.23697249032557,1,1.23697249032557,2,0.2998511977493763,14,6,0,0,1.5224795751273632,0.0800854992121458
GER-Bundesliga,1920,Fortuna Duesseldorf,Thomas Pledl,3,2019,233,363,S,5,77,0,0.02693069912493229,0,0.02693069912493229,0,0.12258700281381607,1,1,0,0,0.14951770193874836,0.12258700281381607
GER-Bundesliga,1920,Fortuna Duesseldorf,Valon Berisha,3,2019,233,7178,M S,13,959,0,0.8807468004524708,0,0.8807468004524708,1,0.6661255154758692,12,14,1,0,2.7776714116334915,1.4922506948933005
GER-Bundesliga,1920,Fortuna Duesseldorf,Zack Steffen,3,2019,233,7817,GK,17,1530,0,0.0,0,0.0,0,0.03741550073027611,0,1,0,0,0.4732602946460247,0.43584519997239113
GER-Bundesliga,1920,Fortuna Duesseldorf,Zanka,3,2019,233,6030,D S,9,489,0,0.0,0,0.0,1,0.07320579886436462,0,1,1,0,0.6684013046324253,0.6684013046324253
GER-Bundesliga,1920,Freiburg,Alexander Schwolow,3,2019,135,5262,GK,24,2092,0,0.0,0,0.0,0,0.0,0,0,0,0,1.9461060147732496,1.9461060147732496
GER-Bundesliga,1920,Freiburg,Amir Abrashi,3,2019,135,5265,M S,13,667,0,0.4975433088839054,0,0.4975433088839054,0,0.08073509950190783,4,4,3,0,1.5686501078307629,1.026388781145215
GER-Bundesliga,1920,Freiburg,Brandon Borrello,3,2019,135,7569,F M S,7,304,0,0.30681000277400017,0,0.30681000277400017,0,0.14865059964358807,7,2,0,0,0.4637470096349716,0.10445719957351685
GER-Bundesliga,1920,Freiburg,Christian Günter,3,2019,135,4243,D M,34,3036,2,1.2055699182674289,2,1.2055699182674289,8,8.441035445779562,32,80,2,0,9.718329538591206,5.42901882622391
GER-Bundesliga,1920,Freiburg,Dominique Heintz,3,2019,135,129,D S,28,2432,0,0.17194759659469128,0,0.17194759659469128,1,0.2299346011132002,4,4,2,0,5.120228154584765,4.976120060309768
GER-Bundesliga,1920,Freiburg,Gian-Luca Itter,3,2019,135,5300,S,3,28,0,0.0,0,0.0,0,0.0,0,0,0,0,0.24434199929237366,0.24434199929237366
GER-Bundesliga,1920,Freiburg,Gian-Luca Waldschmidt,3,2019,135,294,F S,23,1273,7,5.223063861951232,4,2.9498169850558043,1,1.6328155994415283,43,12,3,0,6.183825356885791,2.1079131849110126
GER-Bundesliga,1920,Freiburg,Janik Haberer,3,2019,135,4271,D F M S,26,1725,2,0.6445356970652938,2,0.6445356970652938,2,1.5322561990469694,13,18,3,1,6.214112728834152,4.896367430686951
GER-Bundesliga,1920,Freiburg,Jonathan Schmid,3,2019,135,81,D M S,33,2840,5,2.997105007059872,5,2.997105007059872,1,2.6608949108049273,43,27,1,0,6.39037499576807,3.2887252224609256
GER-Bundesliga,1920,Freiburg,Jérôme Gondorf,3,2019,135,8,M,2,124,0,0.03957719914615154,0,0.03957719914615154,0,0.0391714982688427,2,1,1,0,0.4648039937019348,0.4079976938664913
GER-Bundesliga,1920,Freiburg,Kwon Chang-Hoon,3,2019,135,5625,F M S,23,656,2,2.0650843204930425,2,2.0650843204930425,0,1.1701442748308182,15,13,0,0,4.472674395889044,1.7971874810755253
GER-Bundesliga,1920,Freiburg,Lino Tempelmann,3,2019,135,7811,M,1,33,0,0.02203340083360672,0,0.02203340083360672,0,0.0,1,0,0,0,0.02203340083360672,0.0
GER-Bundesliga,1920,Freiburg,Lucas Höler,3,2019,135,6475,F M S,34,2502,8,9.118673797696829,8,8.36097801104188,2,2.403396101668477,52,31,4,0,11.835267841815948,3.1390282306820154
GER-Bundesliga,1920,Freiburg,Lukas Kübler,3,2019,135,5263,D S,5,214,0,0.07662259787321091,0,0.07662259787321091,0,0.0,2,0,1,0,0.5596549063920975,0.5014586076140404
GER-Bundesliga,1920,Freiburg,Manuel Gulde,3,2019,135,5292,D S,17,1378,1,1.1286246990785003,1,1.1286246990785003,0,0.1563299000263214,14,5,0,0,3.4591088760644197,3.2068117782473564
GER-Bundesliga,1920,Freiburg,Mark Flekken,3,2019,135,7047,GK,10,900,0,0.0,0,0.0,0,0.0,0,0,0,0,0.9332457855343819,0.9332457855343819
GER-Bundesliga,1920,Freiburg,Mike Frantz,3,2019,135,4246,M S,18,329,0,0.38751670345664024,0,0.38751670345664024,1,0.927462893538177,4,7,2,0,1.3286327049136162,0.903193898499012
GER-Bundesliga,1920,Freiburg,Niclas Thiede,3,2019,135,7812,S,1,68,0,0.0,0,0.0,0,0.0,0,0,0,0,0.05242450162768364,0.05242450162768364
GER-Bundesliga,1920,Freiburg,Nico Schlotterbeck,3,2019,135,7485,D S,13,370,0,0.20251549780368805,0,0.20251549780368805,0,0.13919200096279383,3,3,0,0,0.968352772295475,0.8401098102331161
GER-Bundesliga,1920,Freiburg,Nicolas Höfler,3,2019,135,4250,M S,32,2788,1,2.590252754278481,1,2.590252754278481,0,0.3911707019433379,26,16,9,0,7.489794835448265,5.369407834485173
GER-Bundesliga,1920,Freiburg,Nils Petersen,3,2019,135,4248,F M S,34,2415,11,8.716602399945259,10,7.958825904875994,2,3.7289467081427574,55,34,1,0,12.84362655878067,3.0478852037340403
GER-Bundesliga,1920,Freiburg,Philipp Lienhart,3,2019,135,2611,D S,22,1818,0,0.7487437045201659,0,0.7487437045201659,1,0.5806012228131294,7,2,3,0,3.5136953834444284,2.3565008714795113
GER-Bundesliga,1920,Freiburg,Robin Koch,3,2019,135,6273,D M S,32,2708,1,4.199454915709794,1,4.199454915709794,0,1.287268802523613,35,12,3,0,5.81000829488039,3.903152272105217
GER-Bundesliga,1920,Freiburg,Roland Sallai,3,2019,135,1277,F M S,21,1170,2,3.173120791092515,2,3.173120791092515,0,0.9154970124363899,34,12,2,0,4.2775292079895735,1.7039513187482953
GER-Bundesliga,1920,Freiburg,Vincenzo Grifo,3,2019,135,5266,F M S,27,1640,4,3.1918978970497847,3,2.4342013858258724,8,6.503954468294978,49,41,1,1,8.498551793396473,3.618954658508301
GER-Bundesliga,1920,Freiburg,Yannik Keitel,3,2019,135,8206,M S,3,178,0,0.07130029797554016,0,0.07130029797554016,0,0.22059500217437744,2,1,0,0,0.4613780081272125,0.1981740966439247
GER-Bundesliga,1920,Hertha Berlin,Alexander Esswein,3,2019,122,270,D S,7,203,0,0.05240080179646611,0,0.05240080179646611,0,1.2397476807236671,2,3,1,0,1.953652374446392,1.2636390831321478
GER-Bundesliga,1920,Hertha Berlin,Arne Maier,3,2019,122,5298,M S,14,522,0,0.1831735000014305,0,0.1831735000014305,0,0.44163989648222923,6,10,0,0,1.9976755026727915,1.7204312197864056
GER-Bundesliga,1920,Hertha Berlin,Daishawn Redan,3,2019,122,7918,S,1,16,0,0.12821799516677856,0,0.12821799516677856,0,0.0,1,0,0,0,0.12821799516677856,0.0
GER-Bundesliga,1920,Hertha Berlin,Davie Selke,3,2019,122,4280,F S,30,1399,1,3.5061407778412104,1,3.5061407778412104,1,0.775637379847467,31,11,6,0,5.116570001468062,1.1391449999064207
GER-Bundesliga,1920,Hertha Berlin,Dedryck Boyata,3,2019,122,4468,D,28,2442,4,2.0181701630353928,4,2.0181701630353928,1,0.8514184076339006,16,2,8,1,6.245456653647125,6.218245253898203
GER-Bundesliga,1920,Hertha Berlin,Dennis Smarsch,3,2019,122,6513,GK S,2,151,0,0.0,0,0.0,0,0.0,0,0,0,0,0.650439977645874,0.650439977645874
GER-Bundesliga,1920,Hertha Berlin,Dodi Lukebakio,3,2019,122,5706,F M S,30,2050,7,7.522364592179656,7,7.522364592179656,6,5.295983085408807,40,36,2,0,14.563424900174141,4.883585141971707
GER-Bundesliga,1920,Hertha Berlin,Javairo Dilrosun,3,2019,122,7122,F M S,23,1313,4,2.077085195109248,4,2.077085195109248,2,1.6490806005895138,19,12,2,0,5.500563457608223,2.552276990376413
GER-Bundesliga,1920,Hertha Berlin,Jessic Ngankam,3,2019,122,8396,S,4,73,0,0.0,0,0.0,1,0.6678102780133486,0,2,0,0,0.7146139796823263,0.04680370166897774
GER-Bundesliga,1920,Hertha Berlin,Jordan Torunarigha,3,2019,122,5238,D S,18,1460,1,0.6191855818033218,1,0.6191855818033218,1,0.7322943061590195,2,8,3,0,3.9591634683310986,2.9570115599781275
GER-Bundesliga,1920,Hertha Berlin,Karim Rekik,3,2019,122,3388,D,14,1260,1,0.5247468017041683,1,0.5247468017041683,0,0.6541125178337097,5,3,0,0,1.92613379471004,1.5288347955793142
GER-Bundesliga,1920,Hertha Berlin,Krzysztof Piatek,3,2019,122,7090,F M S,15,904,4,4.913368962705135,2,3.397822044789791,1,2.0256410823203623,25,11,2,0,5.101689614355564,1.338389603421092
GER-Bundesliga,1920,Hertha Berlin,Lazar Samardzic,3,2019,122,8341,S,3,37,0,0.0,0,0.0,0,0.0,0,0,0,0,0.0,0.0
GER-Bundesliga,1920,Hertha Berlin,Lukas Klünter,3,2019,122,403,D M S,23,1870,0,0.2627289928495884,0,0.2627289928495884,2,1.6994483741000295,2,11,5,0,4.590368635952473,2.777920700609684
GER-Bundesliga,1920,Hertha Berlin,Marius Wolf,3,2019,122,2693,D F M S,21,1415,1,1.0392710892483592,1,1.0392710892483592,3,2.1718683103099465,14,19,1,1,5.376403775066137,2.7363917659968138
GER-Bundesliga,1920,Hertha Berlin,Marko Grujic,3,2019,122,1669,M,29,2432,4,4.779393473640084,4,4.779393473640084,1,0.6264096042141318,36,11,9,0,11.463922101072967,8.207553903572261
GER-Bundesliga,1920,Hertha Berlin,Marvin Plattenhardt,3,2019,122,23,D M,17,1400,0,0.3437058962881565,0,0.3437058962881565,5,2.775421444326639,4,26,1,0,5.181890185922384,4.158701322041452
GER-Bundesliga,1920,Hertha Berlin,Matheus Cunha,3,2019,122,7080,F M S,21,1011,5,5.392026484012604,5,5.392026484012604,1,1.5238407831639051,51,12,3,0,8.43344247341156,2.676185993477702
GER-Bundesliga,1920,Hertha Berlin,Mathew Leckie,3,2019,122,241,M S,7,178,0,0.08684220165014267,0,0.08684220165014267,0,0.0,2,0,0,0,0.7079573031514883,0.7079573031514883
GER-Bundesliga,1920,Hertha Berlin,Maximilian Mittelstädt,3,2019,122,419,D M S,26,1884,1,0.8465624824166298,1,0.8465624824166298,3,1.823522986844182,22,22,4,0,6.200127812102437,4.329467549920082
GER-Bundesliga,1920,Hertha Berlin,Niklas Stark,3,2019,122,418,D M S,21,1738,1,0.8470338890329003,1,0.8470338890329003,0,0.4422426000237465,10,4,8,0,4.359593136701733,3.944614163134247
GER-Bundesliga,1920,Hertha Berlin,Ondrej Duda,3,2019,122,5240,M S,7,459,0,0.5045022927224636,0,0.5045022927224636,1,0.2471490055322647,7,5,2,0,0.9226930215954781,0.6527084112167358
GER-Bundesliga,1920,Hertha Berlin,Pascal Köpke,3,2019,122,7029,F S,4,120,0,1.2961340099573135,0,1.2961340099573135,0,0.0,6,0,0,0,1.2563707083463669,0.0
GER-Bundesliga,1920,Hertha Berlin,Per Skjelbred,3,2019,122,24,M S,24,1644,0,0.015538300387561321,0,0.015538300387561321,0,0.06460390239953995,1,2,4,0,6.387835436500609,6.307692555710673
GER-Bundesliga,1920,Hertha Berlin,Peter Pekarík,3,2019,122,443,D M,9,772,0,0.10019510053098202,0,0.10019510053098202,0,1.4611668791621923,3,7,2,0,3.901462020352483,3.2837518490850925
GER-Bundesliga,1920,Hertha Berlin,Rune Jarstein,3,2019,122,19,GK,29,2547,0,0.0,0,0.0,0,0.08410889655351639,0,1,1,1,3.6310203233733773,3.546911426819861
GER-Bundesliga,1920,Hertha Berlin,Salomon Kalou,3,2019,122,26,F S,5,144,1,1.0961487740278244,1,1.0961487740278244,0,0.698166012763977,5,1,0,0,2.5715097934007645,0.7771929800510406
GER-Bundesliga,1920,Hertha Berlin,Santiago Ascacibar,3,2019,122,6289,M S,8,631,0,0.02224300056695938,0,0.02224300056695938,1,0.042255899868905544,2,2,2,0,0.5613686926662922,0.5240164920687675
GER-Bundesliga,1920,Hertha Berlin,Thomas Kraft,3,2019,122,434,GK,4,360,0,0.0,0,0.0,0,0.0,0,0,1,0,0.14143899828195572,0.14143899828195572
GER-Bundesliga,1920,Hertha Berlin,Vedad Ibisevic,3,2019,122,29,F S,25,1270,7,6.342339411377907,6,5.58464241027832,2,2.8230319265276194,28,12,4,0,9.175641987472773,1.5728455260396004
GER-Bundesliga,1920,Hertha Berlin,Vladimir Darida,3,2019,122,27,M S,28,2267,3,3.077017752453685,3,3.077017752453685,4,4.510004241019487,43,49,6,1,12.354212135076523,6.0459122862666845
GER-Bundesliga,1920,Hoffenheim,Andrej Kramaric,3,2019,120,956,F M S,19,1411,12,9.89877256564796,10,8.383216438814998,2,4.02412474853918,44,28,3,0,11.398426994681358,2.765834864228964
GER-Bundesliga,1920,Hoffenheim,Benjamin Hübner,3,2019,120,251,D,25,2085,1,2.360271924175322,1,2.360271924175322,4,2.522135693579912,27,8,4,2,6.044902943074703,4.983354004099965
GER-Bundesliga,1920,Hoffenheim,Christoph Baumgartner,3,2019,120,7422,F M S,26,1499,7,9.307568302378058,7,9.307568302378058,2,2.2625242983922362,56,18,3,0,11.336936973035336,1.6164424158632755
GER-Bundesliga,1920,Hoffenheim,Dennis Geiger,3,2019,120,6081,M S,21,1142,0,0.9171293191611767,0,0.9171293191611767,3,2.0596775989979506,12,30,3,0,4.905556466430426,3.4666143748909235
GER-Bundesliga,1920,Hoffenheim,Diadie Samassékou,3,2019,120,7868,M S,21,1305,0,0.1296071009710431,0,0.1296071009710431,1,1.168444411829114,6,9,4,0,2.969174918718636,2.246646746993065
GER-Bundesliga,1920,Hoffenheim,Ermin Bicakcic,3,2019,120,84,D S,21,1175,2,0.40594300627708435,2,0.40594300627708435,0,0.08197660185396671,7,2,0,0,3.270017707720399,3.143243009224534
GER-Bundesliga,1920,Hoffenheim,Florian Grillitsch,3,2019,120,116,D M S,31,2423,0,1.107721191830933,0,1.107721191830933,3,2.567130151204765,17,18,3,0,10.513318599201739,8.10139468125999
GER-Bundesliga,1920,Hoffenheim,Håvard Nordtveit,3,2019,120,202,D S,11,693,0,0.4436519145965576,0,0.4436519145965576,1,0.35481399297714233,2,1,2,0,0.9511508904397488,0.5963368974626064
GER-Bundesliga,1920,Hoffenheim,Ihlas Bebou,3,2019,120,6271,F M S,32,2085,6,4.252615045756102,6,4.252615045756102,1,2.9289172547869384,35,31,1,0,9.96163349924609,3.8058319855481386
GER-Bundesliga,1920,Hoffenheim,Ilay Elmkies,3,2019,120,8394,S,1,1,0,0.0,0,0.0,0,0.0,0,0,0,0,0.0,0.0
GER-Bundesliga,1920,Hoffenheim,Ishak Belfodil,3,2019,120,3834,F M S,5,268,0,0.8831250071525574,0,0.8831250071525574,0,0.27373019978404045,9,5,0,0,1.110992206260562,0.2596838977187872
GER-Bundesliga,1920,Hoffenheim,Jürgen Locadia,3,2019,120,6542,F S,11,522,4,3.3274330124258995,3,2.569655992090702,0,0.05407700128853321,20,3,1,0,3.286197494715452,1.0857108943164349
GER-Bundesliga,1920,Hoffenheim,Kevin Akpoguma,3,2019,120,6327,D F S,18,1131,0,0.08525959867984056,0,0.08525959867984056,0,0.0870886966586113,2,2,2,0,2.902340345084667,2.815251335501671
GER-Bundesliga,1920,Hoffenheim,Kevin Vogt,3,2019,120,133,D M,25,2082,0,0.29500100016593933,0,0.29500100016593933,0,0.8023353181779385,1,6,5,0,6.118910428136587,5.926135387271643
GER-Bundesliga,1920,Hoffenheim,Konstantinos Stafylidis,3,2019,120,368,D S,7,388,1,0.07064760103821754,1,0.07064760103821754,0,0.35145270451903343,4,5,0,0,0.722646489739418,0.6643818914890289
GER-Bundesliga,1920,Hoffenheim,Leonardo Bittencourt,3,2019,120,262,D F M S,29,1913,4,2.6679399833083153,4,2.6679399833083153,2,1.878359578549862,43,32,7,0,6.091322781518102,2.4279121290892363
GER-Bundesliga,1920,Hoffenheim,Lucas Ribeiro,3,2019,120,7986,S,2,62,1,0.6229329705238342,1,0.6229329705238342,0,0.0,1,0,1,0,0.0,0.0
GER-Bundesliga,1920,Hoffenheim,Lukas Rupp,3,2019,120,62,M S,7,344,0,0.18087689578533173,0,0.18087689578533173,0,0.08236700296401978,5,1,0,0,1.1466848999261856,0.9219709932804108
GER-Bundesliga,1920,Hoffenheim,Maximilian Beier,3,2019,120,8137,S,6,93,0,0.9995740056037903,0,0.9995740056037903,0,0.055103201419115067,5,1,1,0,1.5886479616165161,0.5339720249176025
GER-Bundesliga,1920,Hoffenheim,Melayro Bogarde,3,2019,120,8192,D S,2,49,0,0.04172720015048981,0,0.04172720015048981,0,0.0,1,0,1,0,0.0,0.0
GER-Bundesliga,1920,Hoffenheim,Munas Dabbur,3,2019,120,8140,F M S,14,786,4,3.9433959424495697,4,3.9433959424495697,0,0.9211167134344578,24,8,4,0,4.588885433971882,1.323129702359438
GER-Bundesliga,1920,Hoffenheim,Oliver Baumann,3,2019,120,73,GK,30,2700,0,0.0,0,0.0,0,0.032168298959732056,0,1,1,0,2.262810207903385,2.230641949456185
GER-Bundesliga,1920,Hoffenheim,Pavel Kaderábek,3,2019,120,74,D M S,30,2477,2,3.040431878529489,2,3.040431878529489,7,4.747436864301562,27,39,2,0,9.320814335718751,5.046486342325807
GER-Bundesliga,1920,Hoffenheim,Philipp Pentke,3,2019,120,7869,GK,4,360,0,0.0,0,0.0,0,0.024713600054383278,0,1,1,0,0.599558886140585,0.5748448930680752
GER-Bundesliga,1920,Hoffenheim,Robert Skov,3,2019,120,7867,D F M S,31,2620,4,5.243510778993368,4,5.243510778993368,7,7.45008450653404,62,55,4,0,11.267001825384796,4.361553165130317
GER-Bundesliga,1920,Hoffenheim,Sargis Adamyan,3,2019,120,7900,F M S,15,739,5,5.757601015269756,5,5.757601015269756,1,0.7083777952939272,21,6,1,0,5.669006304815412,0.5078851003199816
GER-Bundesliga,1920,Hoffenheim,Sebastian Rudy,3,2019,120,90,D M S,32,2744,1,0.9874845840968192,1,0.9874845840968192,3,5.194888169877231,25,53,9,0,11.82784521766007,7.861621992662549
GER-Bundesliga,1920,Hoffenheim,Stefan Posch,3,2019,120,5329,D S,28,2327,0,2.4768771063536406,0,2.4768771063536406,0,0.6745943129062653,25,5,9,0,6.4925636956468225,5.878595338203013
GER-Bundesliga,1920,Hoffenheim,Steven Zuber,3,2019,120,254,D M S,14,758,2,1.475682076998055,2,0.7179051013663411,0,0.22971610352396965,10,4,1,0,1.4189784042537212,0.6326811984181404
GER-Bundesliga,1920,Mainz 05,Aarón Martín,3,2019,125,5133,D M S,22,1804,0,0.2944479025900364,0,0.2944479025900364,0,3.2508881706744432,9,32,2,0,3.6584024196490645,2.195272685959935
GER-Bundesliga,1920,Mainz 05,Alexander Hack,3,2019,125,52,D S,14,798,0,0.6432371530681849,0,0.6432371530681849,0,0.1316382009536028,8,4,2,0,1.9110400080680847,1.8145651035010815
GER-Bundesliga,1920,Mainz 05,Alexandru Maxim,3,2019,125,63,S,5,108,0,0.10500052943825722,0,0.10500052943825722,0,0.5575365275144577,3,5,1,0,1.2018546238541603,0.6672589983791113
GER-Bundesliga,1920,Mainz 05,Bote Baku,3,2019,125,6708,D M S,30,2341,1,0.9638389945030212,1,0.9638389945030212,3,3.7095205672085285,22,29,5,1,10.095979064702988,6.468946561217308
GER-Bundesliga,1920,Mainz 05,Daniel Brosinski,3,2019,125,38,D S,26,1694,2,2.149533223360777,1,1.3917568363249302,4,5.68584299646318,23,55,3,0,6.4313003197312355,2.965051496401429
GER-Bundesliga,1920,Mainz 05,Danny Latza,3,2019,125,43,M S,23,1383,0,1.115903390571475,0,1.115903390571475,2,2.0376848094165325,16,20,7,0,5.260854614898562,3.0986421182751656
GER-Bundesliga,1920,Mainz 05,Dong-Won Ji,3,2019,125,276,M S,4,99,0,0.0,0,0.0,0,0.0,0,0,1,0,0.0,0.0
GER-Bundesliga,1920,Mainz 05,Edimilson Fernandes,3,2019,125,1673,D M S,24,1486,1,0.7346489885821939,1,0.7346489885821939,0,0.39447659719735384,23,8,5,1,2.7788377925753593,1.9445847179740667
GER-Bundesliga,1920,Mainz 05,Florian Müller,3,2019,125,5328,GK S,13,1123,0,0.0,0,0.0,0,0.0,0,0,0,0,0.5401089023798704,0.5401089023798704
GER-Bundesliga,1920,Mainz 05,Jean-Paul Boëtius,3,2019,125,7107,F M S,28,2272,4,3.6848216205835342,4,3.6848216205835342,5,2.9675988843664527,36,36,5,0,10.244967608712614,4.831557939760387
GER-Bundesliga,1920,Mainz 05,Jean-Philippe Mateta,3,2019,125,5735,F S,18,1062,3,5.5668420270085335,2,4.809065014123917,1,1.2826550006866455,35,6,0,1,6.353745108470321,1.8619926422834396
GER-Bundesliga,1920,Mainz 05,Jeffrey Bruma,3,2019,125,5327,D,17,1488,0,1.6463651061058044,0,1.6463651061058044,0,0.0,16,0,4,0,1.0027938019484282,0.9707375001162291
GER-Bundesliga,1920,Mainz 05,Jeremiah St. Juste,3,2019,125,7813,D M S,25,2118,2,0.5927179045975208,2,0.5927179045975208,2,1.2162440028041601,12,5,7,0,4.6428596787154675,4.120782487094402
GER-Bundesliga,1920,Mainz 05,Jonathan Burkardt,3,2019,125,7108,F M S,8,244,1,0.8058760911226273,1,0.8058760911226273,0,0.09808909893035889,7,1,0,0,0.9294912964105606,0.15208449587225914
GER-Bundesliga,1920,Mainz 05,Karim Onisiwo,3,2019,125,2631,F M S,32,1728,4,4.738797688856721,4,4.738797688856721,6,3.733342070132494,41,31,3,0,9.808763418346643,2.011385388672352
GER-Bundesliga,1920,Mainz 05,Leandro Barreiro Martins,3,2019,125,7109,M S,18,941,0,0.42093540355563164,0,0.42093540355563164,2,0.24810810014605522,8,6,4,0,2.324734006077051,1.7909852247685194
GER-Bundesliga,1920,Mainz 05,Levin Öztunali,3,2019,125,118,F M S,27,1780,4,2.501796801574528,4,2.501796801574528,3,2.943621303886175,35,26,1,0,7.713057346642017,3.5006805108860135
GER-Bundesliga,1920,Mainz 05,Moussa Niakhate,3,2019,125,5989,D,33,2970,1,1.0506179528310895,1,1.0506179528310895,2,0.8867622846737504,12,12,7,0,5.568259958177805,5.403043571859598
GER-Bundesliga,1920,Mainz 05,Philipp Mwene,3,2019,125,7106,D,4,322,0,0.0,0,0.0,0,0.14269899483770132,0,2,1,0,0.8436219990253448,0.8436219990253448
GER-Bundesliga,1920,Mainz 05,Pierre Kunde,3,2019,125,7073,M S,28,1884,4,2.3218833254650235,4,2.3218833254650235,0,1.3492703065276146,39,10,6,0,6.433664775453508,3.742382027208805
GER-Bundesliga,1920,Mainz 05,Robin Quaison,3,2019,125,1275,F M S,32,2631,13,11.196697177365422,12,10.43891722150147,2,2.7613996025174856,71,28,2,0,13.350589018315077,3.494772717356682
GER-Bundesliga,1920,Mainz 05,Robin Zentner,3,2019,125,449,GK,22,1937,0,0.0,0,0.0,0,0.07173760235309601,0,1,1,0,1.4442947832867503,1.372557687573135
GER-Bundesliga,1920,Mainz 05,Ronael Pierre Gabriel,3,2019,125,3517,D,8,584,0,0.05373560171574354,0,0.05373560171574354,1,0.542011208832264,2,3,3,0,0.952034929767251,0.3713104985654354
GER-Bundesliga,1920,Mainz 05,Taiwo Awoniyi,3,2019,125,7814,F M S,12,461,1,2.81378585845232,1,2.81378585845232,0,0.6991350054740906,14,5,1,0,4.071490801870823,0.7432955969125032
GER-Bundesliga,1920,Mainz 05,Ádám Szalai,3,2019,125,360,F S,27,1117,1,4.373577482998371,1,4.373577482998371,1,1.5139091685414314,30,14,1,0,5.17168078571558,1.005893299356103
GER-Bundesliga,1920,Paderborn,Abdelhamid Sabiri,3,2019,205,6296,M S,24,1028,4,3.468877110630274,3,2.7111011184751987,1,0.23275089915841818,43,7,6,0,1.6447697971016169,0.885899399407208
GER-Bundesliga,1920,Paderborn,Antony Evans,3,2019,205,8301,M S,6,148,0,0.03202139958739281,0,0.03202139958739281,0,0.6156609915196896,2,4,0,0,0.6563915777951479,0.03490559943020344
GER-Bundesliga,1920,Paderborn,Babacar Gueye,3,2019,205,3443,F S,3,108,0,0.6361050009727478,0,0.6361050009727478,0,0.10540600121021271,2,2,0,0,0.023272700607776642,0.0
GER-Bundesliga,1920,Paderborn,Ben Zolinski,3,2019,205,7802,F M S,28,1211,3,3.0611582305282354,3,3.0611582305282354,2,1.2530871760100126,19,14,3,0,5.438079768791795,2.034308386966586
GER-Bundesliga,1920,Paderborn,Cauly Oliveira Souza,3,2019,205,7801,F M S,13,720,2,1.4051723945885897,2,1.4051723945885897,0,0.5883684884756804,14,10,0,0,2.3244914561510086,0.9163208678364754
GER-Bundesliga,1920,Paderborn,Christian Strohdiek,3,2019,205,4268,D,16,1363,1,1.3642537957057357,1,1.3642537957057357,2,1.6148249115794897,8,11,3,0,1.4334984878078103,0.7339763008058071
GER-Bundesliga,1920,Paderborn,Christopher Antwi-Adjei,3,2019,205,7798,D F M S,34,2470,1,3.6254269760102034,1,3.6254269760102034,2,4.125182555988431,46,43,2,0,11.428278915584087,4.317702927626669
GER-Bundesliga,1920,Paderborn,Dennis Jastrzembski,3,2019,205,7028,M S,6,174,0,0.3109048865735531,0,0.3109048865735531,0,0.14803170040249825,2,2,0,0,0.477589700371027,0.0186528991907835
GER-Bundesliga,1920,Paderborn,Dennis Srbeny,3,2019,205,7822,F M S,17,1135,5,2.2645987197756767,5,2.2645987197756767,1,0.6661131847649813,28,7,2,0,3.277707302942872,0.5409078085795045
GER-Bundesliga,1920,Paderborn,Gerrit Holtmann,3,2019,205,5270,D M S,24,1061,1,1.0920500066131353,1,1.0920500066131353,0,1.549279723316431,24,14,1,1,3.2455503391101956,0.9315233044326305
GER-Bundesliga,1920,Paderborn,Jamilu Collins,3,2019,205,7794,D,30,2670,1,1.904747481457889,1,1.1469705058261752,2,1.1902240961790085,19,19,7,1,6.266130018047988,4.651661560870707
GER-Bundesliga,1920,Paderborn,Jan-Luca Rumpf,3,2019,205,8403,D,1,90,0,0.1075970008969307,0,0.1075970008969307,0,0.0,1,0,0,0,0.010655100457370281,0.010655100457370281
GER-Bundesliga,1920,Paderborn,Jannik Huth,3,2019,205,51,GK,6,540,0,0.0,0,0.0,0,0.0,0,0,0,0,0.18459359928965569,0.18459359928965569
GER-Bundesliga,1920,Paderborn,Kai Pröger,3,2019,205,7795,F M S,31,2070,2,3.12912608217448,2,3.12912608217448,6,3.84715068154037,51,41,0,0,5.931446994654834,1.6190927037969232
GER-Bundesliga,1920,Paderborn,Khiry Shelton,3,2019,205,7805,S,2,29,0,0.0,0,0.0,0,0.0,0,0,0,0,0.10853749886155128,0.10853749886155128
GER-Bundesliga,1920,Paderborn,Klaus Gjasula,3,2019,205,7796,D M S,29,2311,2,1.8893223674967885,2,1.1317073972895741,1,1.2945232978090644,14,28,17,0,5.115803117863834,3.641682531684637
GER-Bundesliga,1920,Paderborn,Laurent Jans,3,2019,205,7804,D S,22,1586,0,0.11768071725964546,0,0.11768071725964546,1,0.8549109995365143,8,10,2,0,2.7793112080544233,2.2800161028280854
GER-Bundesliga,1920,Paderborn,Leopold Zingerle,3,2019,205,4358,GK,28,2520,0,0.0,0,0.0,0,0.0,0,0,1,0,3.3629575548693538,3.3629575548693538
GER-Bundesliga,1920,Paderborn,Luca Kilian,3,2019,205,7807,D S,15,1263,0,0.03551189973950386,0,0.03551189973950386,0,0.190175399184227,1,2,1,0,1.930790708400309,1.7406152049079537
GER-Bundesliga,1920,Paderborn,Marlon Ritter,3,2019,205,2702,M S,11,426,0,0.33803740330040455,0,0.33803740330040455,1,0.8759532277472317,9,10,3,0,1.8429395034909248,1.0317179970443249
GER-Bundesliga,1920,Paderborn,Mohamed Dräger,3,2019,205,6476,D M S,18,1462,1,0.7624287875369191,1,0.7624287875369191,3,1.114995589479804,14,15,2,0,2.7989389337599277,1.1883691996335983
GER-Bundesliga,1920,Paderborn,Samúel Kári Fridjónsson,3,2019,205,8274,M S,5,187,0,0.0,0,0.0,0,0.0,0,0,1,0,0.28752999007701874,0.28752999007701874
GER-Bundesliga,1920,Paderborn,Sebastian Schonlau,3,2019,205,8078,D M,23,2070,2,1.143970568664372,2,1.143970568664372,0,0.14721520245075226,12,4,2,0,3.42697817645967,3.285787785425782
GER-Bundesliga,1920,Paderborn,Sebastian Vasiliadis,3,2019,205,7797,M,32,2812,1,1.2893568109720945,1,1.2893568109720945,1,2.3311391407623887,37,27,10,0,5.872351228259504,3.7955187745392323
GER-Bundesliga,1920,Paderborn,Streli Mamba,3,2019,205,7800,F S,24,1537,5,4.57428240776062,5,4.57428240776062,2,0.8766117040067911,23,10,5,0,7.315114011056721,1.864216578193009
GER-Bundesliga,1920,Paderborn,Sven Michel,3,2019,205,7799,F S,29,1358,5,5.699808646924794,5,5.699808646924794,1,1.6490980200469494,42,20,7,0,8.141388983931392,2.485199217684567
GER-Bundesliga,1920,Paderborn,Uwe Hünemeier,3,2019,205,4258,D S,16,1200,1,1.4095620028674603,0,0.6521107032895088,0,0.22373549826443195,12,6,5,1,1.0101280026137829,0.8231428060680628
GER-Bundesliga,1920,RasenBallsport Leipzig,Ademola Lookman,3,2019,136,5556,F S,11,281,0,1.1853204872459173,0,1.1853204872459173,0,0.9836378935724497,11,7,0,0,3.1078637279570103,1.0415272004902363
GER-Bundesliga,1920,RasenBallsport Leipzig,Amadou Haidara,3,2019,136,7501,M S,19,732,0,0.7184227900579572,0,0.7184227900579572,1,2.0532493256032467,19,11,1,0,6.48830908164382,4.9324462078511715
GER-Bundesliga,1920,RasenBallsport Leipzig,Angelino,3,2019,136,1040,D M S,13,1092,1,0.84761081635952,1,0.84761081635952,2,2.4697967302054167,5,20,2,0,6.4405107498168945,4.98066496104002
GER-Bundesliga,1920,RasenBallsport Leipzig,Christopher Nkunku,3,2019,136,3300,D F M S,32,1918,5,8.300862716510892,5,8.300862716510892,13,9.998646676540375,52,73,2,0,21.60757404565811,8.681429084390402
GER-Bundesliga,1920,RasenBallsport Leipzig,Dani Olmo,3,2019,136,8292,F M S,12,767,3,1.9231843054294586,3,1.9231843054294586,1,1.2144705802202225,21,9,1,0,5.222256325185299,2.7866647131741047
GER-Bundesliga,1920,RasenBallsport Leipzig,Dayotchanculle Upamecano,3,2019,136,5243,D S,28,2360,0,1.7165025770664215,0,1.7165025770664215,1,1.0885732173919678,13,9,6,1,10.982734020799398,10.533662986010313
GER-Bundesliga,1920,RasenBallsport Leipzig,Dennis Borkowski,3,2019,136,8502,S,1,5,0,0.0,0,0.0,0,0.0,0,0,0,0,0.0,0.0
GER-Bundesliga,1920,RasenBallsport Leipzig,Diego Demme,3,2019,136,5246,M S,17,1217,0,0.7345904018729925,0,0.7345904018729925,0,0.776210006326437,4,11,3,0,8.177234631031752,6.7768376134335995
GER-Bundesliga,1920,RasenBallsport Leipzig,Emil Forsberg,3,2019,136,5249,M S,22,1147,5,3.511454182676971,3,1.9959002016112208,2,2.6887247348204255,26,27,1,0,8.254327434115112,4.600941015407443
GER-Bundesliga,1920,RasenBallsport Leipzig,Ethan Ampadu,3,2019,136,6369,S,3,73,0,0.055435601621866226,0,0.055435601621866226,0,0.0,1,0,0,0,0.8921720236539841,0.8921720236539841
GER-Bundesliga,1920,RasenBallsport Leipzig,Hannes Wolf,3,2019,136,8171,S,5,45,0,0.0,0,0.0,0,0.018010500818490982,0,1,0,0,0.042402900755405426,0.024392399936914444
GER-Bundesliga,1920,RasenBallsport Leipzig,Ibrahima Konaté,3,2019,136,6326,D S,8,562,0,0.050533000379800797,0,0.050533000379800797,0,0.043834101408720016,1,1,2,0,4.367088865488768,4.367088865488768
GER-Bundesliga,1920,RasenBallsport Leipzig,Kevin Kampl,3,2019,136,188,M S,11,677,2,0.2825133502483368,2,0.2825133502483368,2,2.7543020118027925,5,10,1,0,8.290107928216457,6.847980722784996
GER-Bundesliga,1920,RasenBallsport Leipzig,Konrad Laimer,3,2019,136,6109,D M S,29,2133,2,0.8008559951558709,2,0.8008559951558709,6,2.372456332668662,10,14,6,1,11.602963907644153,9.921735165640712
GER-Bundesliga,1920,RasenBallsport Leipzig,Lukas Klostermann,3,2019,136,5358,D M,31,2655,3,3.489213526248932,3,3.489213526248932,1,3.351806537248194,12,16,1,0,13.820111069828272,10.806205591186881
GER-Bundesliga,1920,RasenBallsport Leipzig,Marcel Halstenberg,3,2019,136,5254,D S,29,2526,3,2.44380812253803,3,2.44380812253803,3,4.261245860718191,31,36,4,1,13.555171936750412,11.85619892179966
GER-Bundesliga,1920,RasenBallsport Leipzig,Marcel Sabitzer,3,2019,136,5248,D F M S,32,2510,9,6.577639747411013,9,6.577639747411013,7,5.927564245648682,70,60,4,0,19.509904481470585,11.217108350247145
GER-Bundesliga,1920,RasenBallsport Leipzig,Marcelo Saracchi,3,2019,136,7079,D S,4,173,1,0.35442329943180084,1,0.35442329943180084,0,0.5043639987707138,4,4,1,0,1.4328100383281708,0.6309443935751915
GER-Bundesliga,1920,RasenBallsport Leipzig,Nordi Mukiele,3,2019,136,5659,D M S,25,1795,3,2.805176786147058,3,2.805176786147058,1,1.5565829761326313,22,14,1,0,10.044188026338816,7.228609507903457
GER-Bundesliga,1920,RasenBallsport Leipzig,Patrik Schick,3,2019,136,1236,F S,22,1313,10,8.024200528860092,10,8.024200528860092,2,2.905747313052416,53,20,3,0,8.005280775949359,1.8391951993107796
GER-Bundesliga,1920,RasenBallsport Leipzig,Péter Gulácsi,3,2019,136,5241,GK,32,2880,0,0.0,0,0.0,1,0.30646589398384094,0,2,0,0,6.497776485979557,6.191310502588749
GER-Bundesliga,1920,RasenBallsport Leipzig,Timo Werner,3,2019,136,65,F M S,34,2825,28,23.448499284684658,25,21.175240360200405,8,9.675969239324331,123,53,4,0,35.58639565855265,7.971803832799196
GER-Bundesliga,1920,RasenBallsport Leipzig,Tom Krauß,3,2019,136,8092,S,1,1,0,0.0,0,0.0,0,0.0,0,0,0,0,0.0,0.0
GER-Bundesliga,1920,RasenBallsport Leipzig,Tyler Adams,3,2019,136,7352,D M S,14,955,0,0.3667478933930397,0,0.3667478933930397,0,0.6637948155403137,7,7,0,0,4.395739044994116,3.7200320176780224
GER-Bundesliga,1920,RasenBallsport Leipzig,Willi Orban,3,2019,136,5257,D S,12,846,1,0.7313839490525424,1,0.7313839490525424,0,0.07292380183935165,7,3,0,0,4.842320207506418,4.68344983831048
GER-Bundesliga,1920,RasenBallsport Leipzig,Yussuf Poulsen,3,2019,136,5250,F S,22,1218,5,6.612251115962863,5,6.612251115962863,6,2.242867609485984,33,18,2,0,12.964231880381703,5.633867627009749
GER-Bundesliga,1920,RasenBallsport Leipzig,Yvon Mvogo,3,2019,136,6110,GK,2,180,0,0.0,0,0.0,0,0.0,0,0,0,0,0.6623520106077194,0.6623520106077194
GER-Bundesliga,1920,Schalke 04,Ahmed Kutucu,3,2019,124,7309,F S,25,636,3,1.7219038866460323,3,1.7219038866460323,2,0.3196637062355876,16,6,2,0,3.0608270280063152,1.1334396284073591
GER-Bundesliga,1920,Schalke 04,Alessandro Schöpf,3,2019,124,2638,M S,22,1417,0,1.295592694543302,0,1.295592694543302,1,1.0775190237909555,15,11,3,0,4.150787480175495,2.360913016833365
GER-Bundesliga,1920,Schalke 04,Alexander Nübel,3,2019,124,2639,GK,26,2319,0,0.0,0,0.0,0,0.0,0,0,1,1,1.6839603818953037,1.6839603818953037
GER-Bundesliga,1920,Schalke 04,Amine Harit,3,2019,124,5717,F M S,25,2117,6,3.072421475313604,5,2.31464449968189,4,3.3410077560693026,29,44,3,0,9.375250519253314,4.974154824391007
GER-Bundesliga,1920,Schalke 04,Bastian Oczipka,3,2019,124,285,D S,34,3011,0,0.2465107999742031,0,0.2465107999742031,5,2.8665229342877865,9,42,4,0,6.224641370587051,5.646942998282611
GER-Bundesliga,1920,Schalke 04,Benito Raman,3,2019,124,7059,F M S,25,1627,4,4.217386391013861,4,4.217386391013861,3,1.8976702224463224,34,15,2,0,6.409005416557193,0.4823285937309265
GER-Bundesliga,1920,Schalke 04,Benjamin Stambouli,3,2019,124,3290,D,9,810,0,0.0,0,0.0,0,0.0,0,0,2,0,0.8376054093241692,0.8376054093241692
GER-Bundesliga,1920,Schalke 04,Can Bozdogan,3,2019,124,8406,M,3,237,0,0.0711321011185646,0,0.0711321011185646,0,0.01235590036958456,4,1,0,1,0.1293102027848363,0.05817790050059557
GER-Bundesliga,1920,Schalke 04,Daniel Caligiuri,3,2019,124,157,D F M S,28,2306,2,2.925119623541832,1,2.1673430055379868,2,2.9795832014642656,44,38,5,0,4.575943438336253,2.0344440806657076
GER-Bundesliga,1920,Schalke 04,Fabian Reese,3,2019,124,390,F S,2,85,0,0.12403780221939087,0,0.12403780221939087,0,0.5567330121994019,3,2,0,0,0.6807708144187927,0.11083400249481201
GER-Bundesliga,1920,Schalke 04,Guido Burgstaller,3,2019,124,5302,F S,21,1220,0,3.985293870791793,0,3.985293870791793,1,0.967811793088913,35,8,3,0,5.032767821103334,1.3905220869928598
GER-Bundesliga,1920,Schalke 04,Jean-Clair Todibo,3,2019,124,6816,D S,8,371,0,0.12801260501146317,0,0.12801260501146317,0,0.022772900760173798,3,1,2,0,1.1458372212946415,1.1230641938745975
GER-Bundesliga,1920,Schalke 04,Jonas Hofmann,3,2019,124,8421,S,1,1,0,0.0,0,0.0,0,0.0,0,0,0,0,0.0,0.0
GER-Bundesliga,1920,Schalke 04,Jonjoe Kenny,3,2019,124,1084,D,31,2732,2,1.1650716923177242,2,1.1650716923177242,3,1.1544625936076045,12,15,5,0,5.362749827094376,4.135393099859357
GER-Bundesliga,1920,Schalke 04,Juan Miranda,3,2019,124,7286,D S,11,785,0,0.14486950263381004,0,0.14486950263381004,0,0.6022123955190182,5,12,2,0,1.0243072863668203,0.5428753010928631
GER-Bundesliga,1920,Schalke 04,Malick Thiaw,3,2019,124,8378,S,4,70,0,0.008482090197503567,0,0.008482090197503567,0,0.0,1,0,0,0,0.11304059624671936,0.10455849766731262
GER-Bundesliga,1920,Schalke 04,Markus Schubert,3,2019,124,7903,GK S,9,738,0,0.0,0,0.0,0,0.016714399680495262,0,1,0,0,1.1680494155734777,1.1513350158929825
GER-Bundesliga,1920,Schalke 04,Matija Nastasic,3,2019,124,451,D S,16,1363,0,1.1693007294088602,0,1.1693007294088602,0,0.17234300076961517,12,1,2,0,2.3651541862636805,2.151890182867646
GER-Bundesliga,1920,Schalke 04,Münir Mercan,3,2019,124,7833,M S,5,70,0,0.0,0,0.0,0,0.0688977986574173,0,1,0,0,0.02732590027153492,0.02732590027153492
GER-Bundesliga,1920,Schalke 04,Nassim Boujellab,3,2019,124,7522,F M S,11,406,0,0.3715452030301094,0,0.3715452030301094,0,0.1186175113543868,6,4,2,0,0.5074320994317532,0.15772623475641012
GER-Bundesliga,1920,Schalke 04,Omar Mascarell,3,2019,124,2456,M,23,2036,0,0.38156580459326506,0,0.38156580459326506,1,1.1834838911890984,10,10,4,0,5.383667903020978,4.93145371042192
GER-Bundesliga,1920,Schalke 04,Ozan Kabak,3,2019,124,7376,D S,26,1769,3,1.6838491051457822,3,1.6838491051457822,1,0.3034070059657097,11,3,4,0,1.534020110964775,1.4437372162938118
GER-Bundesliga,1920,Schalke 04,Rabbi Matondo,3,2019,124,7394,F M S,20,1174,2,2.6182329282164574,2,2.6182329282164574,0,0.7550368933007121,23,12,1,0,3.9549074321985245,0.9120400883257389
GER-Bundesliga,1920,Schalke 04,Salif Sané,3,2019,124,96,D M S,15,1123,2,0.7684318879619241,2,0.7684318879619241,1,0.9184840321540833,9,2,4,0,2.475387243553996,1.9210812114179134
GER-Bundesliga,1920,Schalke 04,Suat Serdar,3,2019,124,307,M S,20,1609,7,3.162160972133279,7,3.162160972133279,0,0.9130660984665155,36,11,2,0,6.011642296798527,2.283893456682563
GER-Bundesliga,1920,Schalke 04,Timo Becker,3,2019,124,8148,D M S,10,336,0,0.1883751004934311,0,0.1883751004934311,0,0.23799650184810162,4,4,0,0,1.1375068183988333,0.9443253185600042
GER-Bundesliga,1920,Schalke 04,Weston McKennie,3,2019,124,5360,D M S,28,2075,3,2.4019281854853034,3,2.4019281854853034,0,2.8748298306018114,32,19,8,0,5.271044530905783,2.9065083600580692
GER-Bundesliga,1920,Union Berlin,Akaki Gogia,3,2019,240,7995,F S,3,116,0,0.01841370016336441,0,0.01841370016336441,0,0.30868298560380936,1,4,0,0,0.30868298560380936,0.0
GER-Bundesliga,1920,Union Berlin,Anthony Ujah,3,2019,240,119,F M S,24,948,3,2.2106569726020098,3,2.2106569726020098,2,1.1451426316052675,19,10,0,0,3.208867145702243,0.2517924979329109
GER-Bundesliga,1920,Union Berlin,Christian Gentner,3,2019,240,60,M S,31,2463,3,2.8318436294794083,3,2.8318436294794083,2,2.1426877789199352,35,27,4,0,8.817595012485981,5.069120729342103
GER-Bundesliga,1920,Union Berlin,Christopher Lenz,3,2019,240,7876,D M,26,2271,0,0.5978782968595624,0,0.5978782968595624,3,2.8847987670451403,14,24,2,0,5.491200828924775,2.8297502044588327
GER-Bundesliga,1920,Union Berlin,Christopher Trimmel,3,2019,240,7875,D M,32,2864,0,0.0863674501888454,0,0.0863674501888454,8,7.3952614068984985,5,67,6,0,4.503683313727379,3.4185341242700815
GER-Bundesliga,1920,Union Berlin,Felix Kroos,3,2019,240,120,M S,15,351,0,0.34669550601392984,0,0.34669550601392984,0,0.0,5,0,1,0,1.3984201829880476,1.1084745731204748
GER-Bundesliga,1920,Union Berlin,Florian Hübner,3,2019,240,6097,D S,11,848,0,1.394731029868126,0,1.394731029868126,0,0.3739137928932905,6,5,2,0,1.8889540992677212,1.2600074633955956
GER-Bundesliga,1920,Union Berlin,Grischa Prömel,3,2019,240,4340,M S,16,918,0,1.0591183714568615,0,1.0591183714568615,0,0.1965072974562645,11,5,2,0,1.5588316917419434,0.43999258801341057
GER-Bundesliga,1920,Union Berlin,Joshua Mees,3,2019,240,7885,M S,15,294,0,0.42081289924681187,0,0.42081289924681187,1,0.27470985194668174,9,4,1,0,0.7507945988327265,0.28473150730133057
GER-Bundesliga,1920,Union Berlin,Julian Ryerson,3,2019,240,7997,D S,14,347,0,0.5986607857048512,0,0.5986607857048512,0,0.13526399433612823,2,1,2,0,0.9936059862375259,0.25968120619654655
GER-Bundesliga,1920,Union Berlin,Ken Reichel,3,2019,240,7884,D M S,7,536,0,0.21997199952602386,0,0.21997199952602386,0,0.6248439848423004,5,2,0,0,1.1275489963591099,0.7515119910240173
GER-Bundesliga,1920,Union Berlin,Keven Schlotterbeck,3,2019,240,7401,D,23,1941,0,0.9267364786937833,0,0.9267364786937833,0,0.014653800055384636,12,1,6,1,1.6904854224994779,1.6062867064028978
GER-Bundesliga,1920,Union Berlin,Manuel Schmiedebach,3,2019,240,108,M S,5,178,0,0.0,0,0.0,0,0.0,0,0,0,0,0.12169399857521057,0.12169399857521057
GER-Bundesliga,1920,Union Berlin,Marcus Ingvartsen,3,2019,240,7883,F M S,28,1728,5,3.813873654231429,4,3.0561766531318426,2,1.2972741834819317,45,10,4,0,4.890205077826977,1.3402677811682224
GER-Bundesliga,1920,Union Berlin,Marius Bülter,3,2019,240,7879,D F M S,32,2357,7,3.441751189529896,7,3.441751189529896,1,3.8247946482151747,41,26,1,0,7.673503904603422,1.8091041650623083
GER-Bundesliga,1920,Union Berlin,Marvin Friedrich,3,2019,240,370,D,31,2790,2,1.8817071812227368,2,1.8817071812227368,0,0.0492771090939641,28,2,9,1,2.461386013776064,2.4167099967598915
GER-Bundesliga,1920,Union Berlin,Michael Parensen,3,2019,240,7996,D S,9,621,1,0.9098323155194521,1,0.9098323155194521,0,0.5787320137023926,3,1,4,0,0.7701805960386992,0.74010019749403
GER-Bundesliga,1920,Union Berlin,Moritz Nicolas,3,2019,240,6321,GK,1,90,0,0.0,0,0.0,0,0.0,0,0,0,0,0.0,0.0
GER-Bundesliga,1920,Union Berlin,Neven Subotic,3,2019,240,312,D,23,1977,1,1.044812991283834,1,1.044812991283834,0,0.7675563208758831,13,6,1,1,2.245855450630188,2.1326440572738647
GER-Bundesliga,1920,Union Berlin,Rafal Gikiewicz,3,2019,240,5293,GK,33,2970,0,0.8338149785995483,0,0.8338149785995483,0,0.1658571045845747,2,2,0,0,2.588849576190114,2.4229924883693457
GER-Bundesliga,1920,Union Berlin,Robert Andrich,3,2019,240,7877,M,30,2588,1,2.304950366728008,1,2.304950366728008,2,1.8770096842199564,49,32,11,1,8.147461900487542,4.797934697940946
GER-Bundesliga,1920,Union Berlin,Sebastian Andersson,3,2019,240,7880,F S,33,2705,12,13.026004776358604,11,11.510451823472977,1,1.822499212808907,64,23,5,0,11.69414233788848,3.0581286838278174
GER-Bundesliga,1920,Union Berlin,Sebastian Polter,3,2019,240,7881,F S,13,322,2,1.903496852144599,0,0.3879429008811712,2,1.0297746062278748,9,10,1,1,1.5708752013742924,0.4903001934289932
GER-Bundesliga,1920,Union Berlin,Sheraldo Becker,3,2019,240,7882,M S,13,534,0,0.22636590152978897,0,0.22636590152978897,2,0.9381841775029898,6,8,1,0,1.3358668349683285,0.6969457007944584
GER-Bundesliga,1920,Union Berlin,Suleiman Abdullahi,3,2019,240,7878,M S,6,146,1,0.7332900259643793,1,0.7332900259643793,0,0.5977550148963928,6,1,1,0,0.7916544247418642,0.18005839735269547
GER-Bundesliga,1920,Union Berlin,Yunus Malli,3,2019,240,45,F M S,13,686,0,1.2458696030080318,0,1.2458696030080318,1,0.8541038259863853,12,6,1,0,3.05740687251091,1.099525574594736
GER-Bundesliga,1920,Werder Bremen,Benjamin Goller,3,2019,123,7325,F S,10,272,0,0.12594840116798878,0,0.12594840116798878,0,0.08776919916272163,2,2,0,0,0.3931713979691267,0.20682819746434689
GER-Bundesliga,1920,Werder Bremen,Christian Groß,3,2019,123,7815,D M S,14,873,0,0.2102476917207241,0,0.2102476917207241,0,0.12564530223608017,3,2,2,0,1.4065429009497166,1.3725978918373585
GER-Bundesliga,1920,Werder Bremen,Claudio Pizarro,3,2019,123,122,S,18,185,0,0.4335447959601879,0,0.4335447959601879,0,0.5063186008483171,4,5,0,0,1.0994791854172945,0.33302039839327335
GER-Bundesliga,1920,Werder Bremen,Davy Klaassen,3,2019,123,6045,M,33,2946,7,7.190975025296211,6,4.917728723958135,5,3.0063155852258205,45,40,7,0,12.365771440789104,5.732599721290171
GER-Bundesliga,1920,Werder Bremen,Fin Bartels,3,2019,123,115,F S,14,310,0,0.23233919963240623,0,0.23233919963240623,0,0.2390863038599491,7,5,2,0,0.6264505982398987,0.2008378952741623
GER-Bundesliga,1920,Werder Bremen,Jiri Pavlenka,3,2019,123,6082,GK,33,2970,0,0.0,0,0.0,0,0.033773601055145264,0,1,1,0,2.9599202312529087,2.9261466301977634
GER-Bundesliga,1920,Werder Bremen,Johannes Eggestein,3,2019,123,6084,F M S,14,502,1,0.6534037943929434,1,0.6534037943929434,0,0.35646618716418743,15,6,1,1,1.6296054180711508,0.7814196711406112
GER-Bundesliga,1920,Werder Bremen,Joshua Sargent,3,2019,123,7295,F M S,28,1412,4,3.9674202501773834,4,3.9674202501773834,2,1.4239922910928726,30,11,2,0,5.668662171810865,1.0664110984653234
GER-Bundesliga,1920,Werder Bremen,Kevin Möhwald,3,2019,123,7044,S,1,74,0,0.06102459877729416,0,0.06102459877729416,0,0.0,3,0,0,0,0.04958060011267662,0.0
GER-Bundesliga,1920,Werder Bremen,Luc Ihorst,3,2019,123,8048,S,1,8,0,0.0,0,0.0,0,0.0,0,0,0,0,0.027689499780535698,0.027689499780535698
GER-Bundesliga,1920,Werder Bremen,Ludwig Augustinsson,3,2019,123,6083,D M S,12,925,0,0.13178411778062582,0,0.13178411778062582,1,1.7278021089732647,5,18,2,0,3.3606706159189343,1.8685572240501642
GER-Bundesliga,1920,Werder Bremen,Marco Friedl,3,2019,123,5340,D M S,27,2195,1,0.9835066283121705,1,0.9835066283121705,3,1.5248115863651037,11,20,9,0,4.981671880930662,3.8077199943363667
GER-Bundesliga,1920,Werder Bremen,Martin Harnik,3,2019,123,407,S,2,2,0,0.0,0,0.0,0,0.0,0,0,1,0,0.0,0.0
GER-Bundesliga,1920,Werder Bremen,Maximilian Eggestein,3,2019,123,125,D M,32,2858,1,2.6123814256861806,1,2.6123814256861806,3,2.1551257744431496,45,31,6,0,8.739833230152726,4.608227593824267
GER-Bundesliga,1920,Werder Bremen,Michael Lang,3,2019,123,7180,D M S,9,542,0,0.25309600308537483,0,0.25309600308537483,0,0.4557967036962509,5,3,0,0,2.00325608253479,1.717349074780941
GER-Bundesliga,1920,Werder Bremen,Milos Veljkovic,3,2019,123,2691,D S,24,2066,0,0.541261387988925,0,0.541261387988925,1,0.7946480140089989,7,5,7,0,4.734479958191514,4.414144957438111
GER-Bundesliga,1920,Werder Bremen,Milot Rashica,3,2019,123,6523,F M S,28,2295,8,6.465040408074856,6,4.19179043918848,5,2.692779100500047,73,40,2,0,8.431756626814604,4.147261442616582
GER-Bundesliga,1920,Werder Bremen,Nick Woltemade,3,2019,123,8117,F S,5,86,0,0.023466700688004494,0,0.023466700688004494,0,0.0608487194404006,1,2,0,0,0.032857720740139484,0.0
GER-Bundesliga,1920,Werder Bremen,Niclas Füllkrug,3,2019,123,6098,F S,8,396,4,1.3923614956438541,4,1.3923614956438541,1,0.5759853012859821,17,3,2,0,2.416127799078822,0.8768589962273836
GER-Bundesliga,1920,Werder Bremen,Niklas Moisander,3,2019,123,1936,D,22,1980,0,0.7873301915824413,0,0.7873301915824413,0,0.3845360865816474,14,5,3,1,4.982005122117698,4.900754417292774
GER-Bundesliga,1920,Werder Bremen,Nuri Sahin,3,2019,123,2642,M,16,1268,0,0.42711389902979136,0,0.42711389902979136,3,2.6315510673448443,12,28,3,1,4.325593953020871,3.6000037603080273
GER-Bundesliga,1920,Werder Bremen,Philipp Bargfrede,3,2019,123,114,M S,15,585,0,0.15352029725909233,0,0.15352029725909233,0,0.06467690132558346,5,2,1,1,1.7090330068022013,1.4908351004123688
GER-Bundesliga,1920,Werder Bremen,Sebastian Langkamp,3,2019,123,21,D S,5,310,0,0.2143923044204712,0,0.2143923044204712,0,0.0,4,0,3,0,0.489151107147336,0.489151107147336
GER-Bundesliga,1920,Werder Bremen,Stefanos Kapino,3,2019,123,4255,GK,1,90,0,0.0,0,0.0,0,0.0,0,0,0,0,0.4677779972553253,0.4677779972553253
GER-Bundesliga,1920,Werder Bremen,Theodor Gebre Selassie,3,2019,123,110,D M,28,2429,2,0.7418119003996253,2,0.7418119003996253,2,1.1291306847706437,12,18,2,0,6.018804274499416,4.59359011054039
GER-Bundesliga,1920,Werder Bremen,Yuya Osako,3,2019,123,135,F M S,28,1879,8,6.274438977241516,8,6.274438977241516,2,1.9291004166007042,45,29,2,0,10.335629116743803,3.479801030829549
GER-Bundesliga,1920,Werder Bremen,Ömer Toprak,3,2019,123,184,D S,10,717,0,0.370725404471159,0,0.370725404471159,0,0.08547410368919373,4,1,2,0,1.4101358875632286,1.25036258995533
GER-Bundesliga,1920,Wolfsburg,Admir Mehmedi,3,2019,131,194,F M S,21,1206,2,1.5366615043021739,2,1.5366615043021739,2,2.1668263878673315,22,19,0,0,6.112823883071542,3.069345668889582
GER-Bundesliga,1920,Wolfsburg,Daniel Ginczek,3,2019,131,426,F S,18,781,3,3.851688828319311,3,3.851688828319311,1,1.6783287450671196,24,9,2,0,4.848443754017353,0.5946453884243965
GER-Bundesliga,1920,Wolfsburg,Felix Klaus,3,2019,131,350,F M S,23,645,0,2.61425319314003,0,2.61425319314003,1,1.5863908072933555,19,13,0,1,3.7248045755550265,0.298286110162735
GER-Bundesliga,1920,Wolfsburg,Joao Victor,3,2019,131,7784,F M S,32,1637,2,4.583164872601628,2,4.583164872601628,2,2.175634326413274,29,14,4,0,8.529213715344667,2.4711696775630116
GER-Bundesliga,1920,Wolfsburg,John Brooks,3,2019,131,22,D,25,2229,0,0.9085678067058325,0,0.9085678067058325,1,1.3522238172590733,13,6,4,0,4.395080324262381,4.132062211632729
GER-Bundesliga,1920,Wolfsburg,Josip Brekalo,3,2019,131,5353,F M S,30,1671,3,3.5778748923912644,3,3.5778748923912644,4,5.028641918674111,42,48,0,0,10.957340994849801,4.119742022827268
GER-Bundesliga,1920,Wolfsburg,Josuha Guilavogui,3,2019,131,150,D M S,25,2068,0,1.0062783975154161,0,1.0062783975154161,1,0.9491913095116615,24,9,5,1,5.89939009398222,5.091333318501711
GER-Bundesliga,1920,Wolfsburg,Jérôme Roussillon,3,2019,131,3339,D S,29,2376,1,1.0615819161757827,1,1.0615819161757827,1,3.0398305067792535,19,24,4,0,9.5572580229491,6.062775610014796
GER-Bundesliga,1920,Wolfsburg,Kevin Mbabu,3,2019,131,983,D S,20,1694,3,1.8817782495170832,3,1.8817782495170832,1,2.599290195852518,11,16,4,0,4.88356489315629,4.037629299797118
GER-Bundesliga,1920,Wolfsburg,Koen Casteels,3,2019,131,159,GK,26,2340,0,0.0,0,0.0,0,0.024299200624227524,0,1,1,0,3.9164396729320288,3.89214070700109
GER-Bundesliga,1920,Wolfsburg,Luca Horn,3,2019,131,8337,S,1,3,0,0.0,0,0.0,0,0.0,0,0,0,0,0.0,0.0
GER-Bundesliga,1920,Wolfsburg,Lukas Nmecha,3,2019,131,6544,M S,6,123,0,0.39200699888169765,0,0.39200699888169765,0,0.07229240238666534,3,1,1,0,0.5568715035915375,0.09257180243730545
GER-Bundesliga,1920,Wolfsburg,Mamoudou Karamoko,3,2019,131,8335,S,1,7,0,0.0,0,0.0,0,0.0,0,0,0,0,0.10706999897956848,0.10706999897956848
GER-Bundesliga,1920,Wolfsburg,Marcel Tisserand,3,2019,131,3216,D S,15,1210,1,0.8519797939807177,1,0.8519797939807177,1,0.3287663022056222,8,4,6,1,3.68109979853034,3.4399717040359974
GER-Bundesliga,1920,Wolfsburg,Marin Pongracic,3,2019,131,8303,D,11,934,2,1.6641854010522366,2,1.6641854010522366,0,0.0,5,0,4,1,2.8044438585639,2.8044438585639
GER-Bundesliga,1920,Wolfsburg,Maximilian Arnold,3,2019,131,153,M S,33,2832,4,2.464232886210084,4,2.464232886210084,8,6.820205502212048,63,70,8,0,11.730276448652148,8.443000903353095
GER-Bundesliga,1920,Wolfsburg,Omar Marmoush,3,2019,131,8393,S,5,68,0,0.06925970315933228,0,0.06925970315933228,0,0.0,1,0,0,0,0.32136571407318115,0.2521060109138489
GER-Bundesliga,1920,Wolfsburg,Paulo Otávio,3,2019,131,8213,D S,5,378,0,0.08456050045788288,0,0.08456050045788288,1,0.7658969834446907,3,9,3,0,1.053748071193695,0.4521961882710457
GER-Bundesliga,1920,Wolfsburg,Pavao Pervan,3,2019,131,7053,GK,8,720,0,0.0,0,0.0,0,0.0,0,0,0,0,0.30702199693769217,0.30702199693769217
GER-Bundesliga,1920,Wolfsburg,Renato Steffen,3,2019,131,6484,D F M S,27,1600,6,4.36342644225806,6,4.36342644225806,3,2.784995010122657,29,25,6,0,9.012082893401384,2.555261126719415
GER-Bundesliga,1920,Wolfsburg,Robin Knoche,3,2019,131,161,D S,21,1592,1,0.2907485030591488,1,0.2907485030591488,0,0.16730302711948752,4,3,2,0,3.7003884855657816,3.7003884855657816
GER-Bundesliga,1920,Wolfsburg,William,3,2019,131,6229,D,16,1366,1,1.5593757089227438,1,1.5593757089227438,1,2.063817212358117,18,15,0,0,5.262504043057561,2.2301802784204483
GER-Bundesliga,1920,Wolfsburg,Wout Weghorst,3,2019,131,7052,F S,32,2736,16,17.838466234505177,12,14.807365261018276,3,2.214333187788725,85,37,7,0,19.157783091068268,5.003612016327679
GER-Bundesliga,1920,Wolfsburg,Xaver Schlager,3,2019,131,7783,F M S,23,1736,1,1.2039787098765373,1,1.2039787098765373,2,2.29444401524961,32,15,4,0,6.203220060095191,3.0414217840880156
GER-Bundesliga,1920,Wolfsburg,Yannick Gerhardt,3,2019,131,140,M S,18,800,2,2.1305190809071064,2,2.1305190809071064,0,0.11400528065860271,11,6,1,0,3.926471170037985,2.2128936387598515
GER-Bundesliga,2021,Arminia Bielefeld,Amos Pieper,3,2020,262,7320,D,30,2686,1,1.4735314487479627,1,1.4735314487479627,1,0.4160664975643158,15,7,6,0,3.4635661151260138,3.408298898488283
GER-Bundesliga,2021,Arminia Bielefeld,Anderson-Lenda Lucoqui,3,2020,262,8788,D S,21,1605,0,0.14389920141547918,0,0.14389920141547918,0,0.1937742978334427,8,6,5,0,1.5764596983790398,1.4279044084250927
GER-Bundesliga,2021,Arminia Bielefeld,Andreas Voglsammer,3,2020,262,9128,F M S,18,1010,2,3.8291201926767826,2,3.8291201926767826,2,2.206332005560398,32,12,1,0,5.662306558340788,0.5737431887537241
GER-Bundesliga,2021,Arminia Bielefeld,Arne Maier,3,2020,262,5298,M S,18,1081,0,0.5552857965230942,0,0.5552857965230942,0,1.2413978055119514,11,12,0,0,2.4542086124420166,1.6882528774440289
GER-Bundesliga,2021,Arminia Bielefeld,Brian Behrendt,3,2020,262,9006,S,3,73,0,0.06667630095034838,0,0.06667630095034838,0,0.0,2,0,0,0,0.10555529780685902,0.10555529780685902
GER-Bundesliga,2021,Arminia Bielefeld,Cebio Soukou,3,2020,262,8790,F M S,14,455,1,0.42462820187211037,1,0.42462820187211037,0,0.23656269162893295,9,4,2,0,0.6237573008984327,0.08748639933764935
GER-Bundesliga,2021,Arminia Bielefeld,Christian Gebauer,3,2020,262,8796,M S,23,665,1,1.914624746888876,1,1.914624746888876,1,0.9920774977654219,10,10,0,0,3.2102675084024668,0.3598337974399328
GER-Bundesliga,2021,Arminia Bielefeld,Cédric Brunner,3,2020,262,8794,D S,31,2676,0,0.26508199889212847,0,0.26508199889212847,1,1.1891865991055965,6,16,6,0,3.6775540532544255,2.679029173217714
GER-Bundesliga,2021,Arminia Bielefeld,Fabian Klos,3,2020,262,8792,F M S,34,2750,5,7.102315234020352,4,5.586842196062207,2,4.547046024352312,54,32,4,0,12.630963830277324,3.9432777035981417
GER-Bundesliga,2021,Arminia Bielefeld,Fabian Kunze,3,2020,262,8793,M S,26,1242,0,0.4235782027244568,0,0.4235782027244568,0,0.28821959532797337,7,5,6,0,2.980365488678217,2.407387714833021
GER-Bundesliga,2021,Arminia Bielefeld,Jacob Laursen,3,2020,262,8795,D S,16,1110,0,0.04456169996410608,0,0.04456169996410608,1,1.0362597964704037,2,4,1,0,2.335157986730337,2.230362482368946
GER-Bundesliga,2021,Arminia Bielefeld,Joakim Nilsson,3,2020,262,8799,D S,25,2162,0,0.9382655024528503,0,0.9382655024528503,0,0.14572269842028618,5,2,1,0,2.2869019862264395,1.9812059979885817
GER-Bundesliga,2021,Arminia Bielefeld,Jóan Símun Edmundsson,3,2020,262,8874,S,5,49,1,0.46553409844636917,1,0.46553409844636917,0,0.0,3,0,0,0,0.46553409844636917,0.0
GER-Bundesliga,2021,Arminia Bielefeld,Manuel Prietl,3,2020,262,8789,M,28,2519,1,0.732645817566663,1,0.732645817566663,1,1.6916595343500376,18,11,3,0,5.020567451603711,3.6198543813079596
GER-Bundesliga,2021,Arminia Bielefeld,Marcel Hartel,3,2020,262,2645,M S,22,1694,0,1.0239294851198792,0,1.0239294851198792,0,1.1070007858797908,21,15,1,0,2.6977016096934676,1.057825105264783
GER-Bundesliga,2021,Arminia Bielefeld,Masaya Okugawa,3,2020,262,9352,M S,13,929,1,1.2088171131908894,1,1.2088171131908894,0,0.6621413845568895,9,4,0,0,2.570181179791689,0.7868604846298695
GER-Bundesliga,2021,Arminia Bielefeld,Michel Vlap,3,2020,262,9351,F M S,7,389,1,0.375632107257843,1,0.375632107257843,1,0.7942829877138138,3,7,0,0,1.6572727747261524,1.1110731177031994
GER-Bundesliga,2021,Arminia Bielefeld,Mike van der Hoorn,3,2020,262,1702,D S,22,1353,0,0.3088463954627514,0,0.3088463954627514,0,0.10416200198233128,5,3,3,0,1.0478359973058105,1.0478359973058105
GER-Bundesliga,2021,Arminia Bielefeld,Nathan de Medina,3,2020,262,8787,D S,16,625,0,0.0,0,0.0,1,0.45802100375294685,0,3,5,1,1.561266876757145,1.155616171658039
GER-Bundesliga,2021,Arminia Bielefeld,Nils Seufert,3,2020,262,8797,M S,13,324,0,0.05550289899110794,0,0.05550289899110794,1,0.28079039603471756,1,5,1,0,0.658979594707489,0.342336805537343
GER-Bundesliga,2021,Arminia Bielefeld,Reinhold Yabo,3,2020,262,8958,M S,13,648,1,0.375353098846972,1,0.375353098846972,0,0.16232910379767418,8,3,1,0,1.4230775833129883,1.013373302295804
GER-Bundesliga,2021,Arminia Bielefeld,Ritsu Doan,3,2020,262,8791,F M S,34,2792,5,5.026420509442687,5,5.026420509442687,2,3.679046434815973,69,45,1,0,7.388814183883369,2.2285932768136263
GER-Bundesliga,2021,Arminia Bielefeld,Sebastian Müller,3,2020,262,9187,S,2,2,0,0.0,0,0.0,0,0.0,0,0,0,0,0.0,0.0
GER-Bundesliga,2021,Arminia Bielefeld,Sergio Córdova,3,2020,262,6096,F M S,23,1091,2,2.9544407799839973,2,2.9544407799839973,1,0.6872504949569702,20,12,0,0,4.66241998039186,1.1876612044870853
GER-Bundesliga,2021,Arminia Bielefeld,Stefan Ortega Moreno,3,2020,262,8786,GK,34,3060,0,0.0,0,0.0,1,0.2559500951319933,0,5,1,0,3.450949050486088,3.218182855285704
GER-Bundesliga,2021,Arminia Bielefeld,Sven Schipplock,3,2020,262,176,F S,32,696,1,1.6105511151254177,1,1.6105511151254177,0,0.486401392146945,16,8,3,0,2.341516900807619,0.49591139145195484
GER-Bundesliga,2021,Augsburg,Alfred Finnbogason,3,2020,121,2655,F S,17,513,0,3.2648099027574062,0,1.749337013810873,1,1.03480220772326,13,9,0,0,3.9255048036575317,1.2033549956977367
GER-Bundesliga,2021,Augsburg,André Hahn,3,2020,121,412,F M S,29,2053,8,4.733328433241695,8,4.733328433241695,3,2.077149643562734,43,19,4,0,8.328997133299708,2.421224804595113
GER-Bundesliga,2021,Augsburg,Carlos Gruezo,3,2020,121,69,M S,28,2111,0,0.35275890305638313,0,0.35275890305638313,0,0.3720727162435651,16,7,4,0,4.397865459322929,3.7521780375391245
GER-Bundesliga,2021,Augsburg,Daniel Caligiuri,3,2020,121,157,D M S,33,2675,6,4.513692665845156,4,2.240362297743559,4,3.8451388962566853,40,49,5,0,7.66736881993711,4.832313146907836
GER-Bundesliga,2021,Augsburg,Felix Uduokhai,3,2020,121,6100,D,29,2610,1,1.3888155138120055,1,1.3888155138120055,0,0.17717400379478931,13,3,5,0,4.391078677028418,4.2089440524578094
GER-Bundesliga,2021,Augsburg,Florian Niederlechner,3,2020,121,306,F S,28,1776,5,6.169159272685647,5,6.169159272685647,4,2.51738851564005,47,13,2,1,9.264836352318525,1.397705903276801
GER-Bundesliga,2021,Augsburg,Fredrik Jensen,3,2020,121,7197,F S,13,352,0,0.27455760166049004,0,0.27455760166049004,1,1.3152576014399529,5,6,0,0,1.5582469012588263,0.16732980124652386
GER-Bundesliga,2021,Augsburg,Iago,3,2020,121,8065,D,18,1570,1,0.916491623967886,1,0.916491623967886,1,1.0382906943559647,9,16,2,0,4.784234173595905,2.92073767259717
GER-Bundesliga,2021,Augsburg,Jan Morávek,3,2020,121,367,M S,5,274,0,0.07203440368175507,0,0.07203440368175507,0,0.03398760035634041,1,1,0,0,0.259611202403903,0.18757680244743824
GER-Bundesliga,2021,Augsburg,Jeffrey Gouweleeuw,3,2020,121,2665,D,32,2836,1,0.3640484046190977,1,0.3640484046190977,0,0.6656919978559017,7,12,9,0,4.218323522247374,3.6556236278265715
GER-Bundesliga,2021,Augsburg,Lukas Petkov,3,2020,121,9127,S,1,3,0,0.0,0,0.0,0,0.0,0,0,0,0,0.0,0.0
GER-Bundesliga,2021,Augsburg,László Bénes,3,2020,121,5258,F M S,19,808,1,0.6223351042717695,1,0.6223351042717695,2,1.0093647530302405,10,14,3,0,1.6618435867130756,1.0588074307888746
GER-Bundesliga,2021,Augsburg,Mads Pedersen,3,2020,121,7809,D S,15,876,0,0.007165680173784494,0,0.007165680173784494,0,1.2572125159204006,1,12,1,0,0.9763526972383261,0.8156334981322289
GER-Bundesliga,2021,Augsburg,Marco Richter,3,2020,121,6357,F M S,29,1403,3,4.99990101531148,3,4.99990101531148,1,1.3199817165732384,55,15,2,1,6.450926210731268,0.7611310109496117
GER-Bundesliga,2021,Augsburg,Marek Suchy,3,2020,121,7808,D S,5,306,0,0.0,0,0.0,0,0.0,0,0,2,0,0.08941029757261276,0.08941029757261276
GER-Bundesliga,2021,Augsburg,Michael Gregoritsch,3,2020,121,171,F M S,24,808,1,1.3399280905723572,1,1.3399280905723572,2,1.1878060027956963,12,5,1,0,3.983179520815611,1.7016144022345543
GER-Bundesliga,2021,Augsburg,Noah Joel Sarenren Bazee,3,2020,121,2659,S,5,30,0,0.0,0,0.0,1,0.7886989712715149,0,1,1,0,0.8924379944801331,0.10373900085687637
GER-Bundesliga,2021,Augsburg,Rafal Gikiewicz,3,2020,121,5293,GK,34,3060,0,0.0,0,0.0,0,0.0,0,0,3,0,2.453640976920724,2.453640976920724
GER-Bundesliga,2021,Augsburg,Rani Khedira,3,2020,121,5251,D M S,27,1839,1,1.0395846022292972,1,1.0395846022292972,0,0.10695960000157356,10,6,5,0,3.9186635380610824,2.9864284116774797
GER-Bundesliga,2021,Augsburg,Raphael Framberger,3,2020,121,4336,D M S,21,1549,0,0.016557099297642708,0,0.016557099297642708,1,2.4323671888560057,1,11,4,1,5.058926067315042,3.9192203460261226
GER-Bundesliga,2021,Augsburg,Reece Oxford,3,2020,121,543,D S,24,1344,0,0.9986969344317913,0,0.9986969344317913,0,0.023424599319696426,6,1,2,0,1.0663601784035563,1.0663601784035563
GER-Bundesliga,2021,Augsburg,Robert Gumny,3,2020,121,8803,D S,24,1383,1,0.6769624976441264,1,0.6769624976441264,0,0.45274549908936024,6,7,4,0,1.3141213953495026,0.8108839970082045
GER-Bundesliga,2021,Augsburg,Ruben Vargas,3,2020,121,7810,F M S,30,1613,6,3.886008986271918,6,3.886008986271918,3,2.9152337135747075,38,25,2,1,7.051700482144952,1.281101660337299
GER-Bundesliga,2021,Augsburg,Tim Civeja,3,2020,121,9186,S,3,28,0,0.0,0,0.0,0,0.0,0,0,0,0,0.012226199731230736,0.012226199731230736
GER-Bundesliga,2021,Augsburg,Tobias Strobl,3,2020,121,79,F M S,29,1860,0,0.7158754952251911,0,0.7158754952251911,0,0.7704354003071785,6,14,4,0,3.415845001116395,2.788331415504217
GER-Bundesliga,2021,Bayer Leverkusen,Aleksandar Dragovic,3,2020,119,5219,D S,18,1127,1,0.22160420380532742,1,0.22160420380532742,0,0.4299117922782898,4,6,3,0,4.592215363867581,4.116992146708071
GER-Bundesliga,2021,Bayer Leverkusen,Charles Aránguiz,3,2020,119,454,M S,21,1678,0,0.4035697001963854,0,0.4035697001963854,0,0.9108944898471236,4,16,4,0,6.789506200700998,6.031421080231667
GER-Bundesliga,2021,Bayer Leverkusen,Daley Sinkgraven,3,2020,119,7899,D M S,22,1577,0,0.3141198977828026,0,0.3141198977828026,0,0.5103857014328241,6,13,4,0,4.847785387188196,4.336901489645243
GER-Bundesliga,2021,Bayer Leverkusen,Demarai Gray,3,2020,119,762,F M S,10,438,1,1.5132300220429897,1,1.5132300220429897,2,0.7747809030115604,15,9,0,0,3.380604065954685,1.373163377866149
GER-Bundesliga,2021,Bayer Leverkusen,Edmond Tapsoba,3,2020,119,8317,D S,31,2648,1,0.8539878018200397,1,0.8539878018200397,0,0.4859614931046963,16,3,5,0,7.763984400779009,7.585660416632891
GER-Bundesliga,2021,Bayer Leverkusen,Emrehan Gedikli,3,2020,119,8990,S,1,24,0,0.0,0,0.0,0,0.0,0,0,0,0,0.08530859649181366,0.08530859649181366
GER-Bundesliga,2021,Bayer Leverkusen,Exequiel Palacios,3,2020,119,8325,M S,9,577,0,0.08804479986429214,0,0.08804479986429214,0,0.7319894880056381,2,8,1,0,1.4004297107458115,0.9522563256323338
GER-Bundesliga,2021,Bayer Leverkusen,Florian Wirtz,3,2020,119,8397,F M S,29,2233,5,4.467319151386619,5,4.467319151386619,6,4.641136834397912,31,48,1,0,14.26437513064593,6.706637638621032
GER-Bundesliga,2021,Bayer Leverkusen,Jeremie Frimpong,3,2020,119,9328,D S,10,431,0,0.14472810178995132,0,0.14472810178995132,0,0.8550183773040771,3,4,1,0,2.417246676981449,1.5374694243073463
GER-Bundesliga,2021,Bayer Leverkusen,Joel Pohjanpalo,3,2020,119,5222,F S,20,868,6,6.772306889295578,6,6.772306889295578,0,0.9927614238113165,31,8,0,0,6.06635108590126,1.0101471785455942
GER-Bundesliga,2021,Bayer Leverkusen,Jonathan Tah,3,2020,119,183,D S,27,2215,1,0.492021600715816,1,0.492021600715816,0,0.0449008010327816,9,1,3,0,5.720590008422732,5.720590008422732
GER-Bundesliga,2021,Bayer Leverkusen,Julian Baumgartlinger,3,2020,119,42,M S,17,1074,2,1.3454936929047108,2,1.3454936929047108,0,0.18132720421999693,7,6,1,0,4.080331444740295,3.8152094930410385
GER-Bundesliga,2021,Bayer Leverkusen,Karim Bellarabi,3,2020,119,186,D M S,22,778,0,1.9122116938233376,0,1.9122116938233376,0,2.6320458371192217,28,16,2,0,5.758230643346906,1.4930844008922577
GER-Bundesliga,2021,Bayer Leverkusen,Kerem Demirbay,3,2020,119,5273,M S,29,1745,4,3.542001763358712,4,3.542001763358712,3,3.2909065075218678,44,35,2,0,8.611821599304676,4.1324057430028915
GER-Bundesliga,2021,Bayer Leverkusen,Lars Bender,3,2020,119,421,D S,14,947,1,1.525832005776465,0,0.7680550301447511,2,0.6567944921553135,9,7,2,0,3.7287480793893337,3.0305334869772196
GER-Bundesliga,2021,Bayer Leverkusen,Lennart Grill,3,2020,119,9129,GK,4,360,0,0.0,0,0.0,0,0.0,0,0,0,0,0.9059791043400764,0.9059791043400764
GER-Bundesliga,2021,Bayer Leverkusen,Leon Bailey,3,2020,119,5221,F M S,30,2151,9,6.520500056445599,9,6.520500056445599,8,6.349180098623037,58,49,6,0,15.385578788816929,4.8026268891990185
GER-Bundesliga,2021,Bayer Leverkusen,Lucas Alario,3,2020,119,6338,F S,25,1238,11,7.285350728780031,9,5.769796717911959,2,0.9252291992306709,41,15,2,0,8.092161528766155,1.9067177083343267
GER-Bundesliga,2021,Bayer Leverkusen,Lukas Hradecky,3,2020,119,281,GK,29,2566,0,0.0,0,0.0,0,0.009826780296862125,0,1,1,0,5.166302181780338,5.1564753875136375
GER-Bundesliga,2021,Bayer Leverkusen,Mitchell Weiser,3,2020,119,28,D S,5,221,1,0.08025860041379929,1,0.08025860041379929,0,0.0,2,0,0,0,1.1738476976752281,1.1738476976752281
GER-Bundesliga,2021,Bayer Leverkusen,Moussa Diaby,3,2020,119,6556,D F M S,32,2400,4,4.85926175955683,4,4.85926175955683,10,7.467326698824763,50,45,5,0,14.78585029579699,3.3318043015897274
GER-Bundesliga,2021,Bayer Leverkusen,Nadiem Amiri,3,2020,119,82,M S,29,1882,2,2.0844308882951736,2,2.0844308882951736,6,3.245520479977131,42,38,5,0,10.62700929865241,8.20578945055604
GER-Bundesliga,2021,Bayer Leverkusen,Niklas Lomb,3,2020,119,6440,GK S,2,134,0,0.0,0,0.0,0,0.0,0,0,0,0,0.0,0.0
GER-Bundesliga,2021,Bayer Leverkusen,Patrik Schick,3,2020,119,1236,F S,29,1869,9,9.265552673488855,9,9.265552673488855,1,2.064981476403773,56,27,4,0,12.458498079329729,3.4694355875253677
GER-Bundesliga,2021,Bayer Leverkusen,Paulinho,3,2020,119,7067,F,1,66,0,0.20589299499988556,0,0.20589299499988556,0,0.0,3,0,0,0,0.20589299499988556,0.0
GER-Bundesliga,2021,Bayer Leverkusen,Santiago Arias,3,2020,119,7113,D,1,90,0,0.0,0,0.0,0,0.07665450125932693,0,1,0,0,0.07665450125932693,0.0
GER-Bundesliga,2021,Bayer Leverkusen,Sven Bender,3,2020,119,311,D S,18,1174,0,0.16257660277187824,0,0.16257660277187824,0,0.1974094994366169,4,5,1,0,1.8090105131268501,1.7935923133045435
GER-Bundesliga,2021,Bayer Leverkusen,Timothy Fosu-Mensah,3,2020,119,549,D S,6,413,0,0.14568249508738518,0,0.14568249508738518,0,0.046132491901516914,2,2,2,0,0.9494783021509647,0.7955097239464521
GER-Bundesliga,2021,Bayer Leverkusen,Tin Jedvaj,3,2020,119,417,D S,3,153,0,0.018213899806141853,0,0.018213899806141853,0,0.0,1,0,0,0,0.02297540009021759,0.02297540009021759
GER-Bundesliga,2021,Bayer Leverkusen,Wendell,3,2020,119,185,D S,22,1450,0,0.5643472038209438,0,0.5643472038209438,0,0.0935761034488678,7,1,3,0,4.0202055890113115,3.3622839003801346
GER-Bundesliga,2021,Bayern Munich,Alexander Nübel,3,2020,117,2639,GK,1,90,0,0.0,0,0.0,0,0.0,0,0,0,0,0.09253980219364166,0.09253980219364166
GER-Bundesliga,2021,Bayern Munich,Alphonso Davies,3,2020,117,7345,D M S,23,1771,1,0.1308334982022643,1,0.1308334982022643,2,1.8857617769390345,4,20,2,1,13.968150913715363,12.65981831215322
GER-Bundesliga,2021,Bayern Munich,Benjamin Pavard,3,2020,117,3363,D S,24,1945,0,0.25272416416555643,0,0.25272416416555643,0,1.4815782960504293,10,13,3,0,10.882873409427702,9.449060359038413
GER-Bundesliga,2021,Bayern Munich,Bouna Sarr,3,2020,117,3393,D S,8,452,0,0.05349780060350895,0,0.05349780060350895,1,0.0749880000948906,3,3,1,0,1.2383056804537773,1.1472377106547356
GER-Bundesliga,2021,Bayern Munich,Chris Richards,3,2020,117,8430,D S,14,1036,0,0.21793200075626373,0,0.21793200075626373,2,0.8344943793490529,1,7,1,0,2.2345143295824528,1.7580482997000217
GER-Bundesliga,2021,Bayern Munich,Christopher Scott,3,2020,117,9445,S,2,31,0,0.03586370125412941,0,0.03586370125412941,0,0.0,1,0,0,0,0.03586370125412941,0.0
GER-Bundesliga,2021,Bayern Munich,Corentin Tolisso,3,2020,117,3603,M S,16,778,1,2.667632881551981,1,2.667632881551981,0,0.37366270646452904,12,8,1,1,5.875509046018124,3.4211167693138123
GER-Bundesliga,2021,Bayern Munich,David Alaba,3,2020,117,391,D M S,32,2678,2,0.9690245809033513,2,0.9690245809033513,3,1.9845833936706185,21,28,4,0,17.068848632276058,15.757669802755117
GER-Bundesliga,2021,Bayern Munich,Douglas Costa,3,2020,117,393,M S,11,313,1,0.1676248013973236,1,0.1676248013973236,1,0.8113075066357851,4,6,0,0,1.1309197936207056,0.4591632969677448
GER-Bundesliga,2021,Bayern Munich,Eric Maxim Choupo-Moting,3,2020,117,339,F M S,22,802,3,4.213334150612354,3,4.213334150612354,0,1.3107478013262153,20,12,2,0,6.452552545815706,1.0414462089538574
GER-Bundesliga,2021,Bayern Munich,Jamal Musiala,3,2020,117,8418,M S,26,850,6,2.8830014541745186,6,2.8830014541745186,1,0.6597437039017677,25,9,0,0,7.208409074693918,4.659118488430977
GER-Bundesliga,2021,Bayern Munich,Javi Martínez,3,2020,117,225,D M S,19,437,0,0.06910045072436333,0,0.06910045072436333,0,0.42401498556137085,2,1,0,0,1.4798587122932076,1.4798587122932076
GER-Bundesliga,2021,Bayern Munich,Joshua Kimmich,3,2020,117,223,M S,27,2191,4,2.4796801395714283,4,2.4796801395714283,10,5.316638592630625,37,64,4,0,19.53642236441374,15.879371102899313
GER-Bundesliga,2021,Bayern Munich,Joshua Zirkzee,3,2020,117,8044,F S,3,93,0,0.22279399633407593,0,0.22279399633407593,0,0.09248480200767517,4,1,0,0,0.3152790069580078,0.0
GER-Bundesliga,2021,Bayern Munich,Josip Stanisic,3,2020,117,9458,D,1,90,0,0.0651789978146553,0,0.0651789978146553,0,0.0,2,0,0,0,0.05177789926528931,0.05177789926528931
GER-Bundesliga,2021,Bayern Munich,Jérôme Boateng,3,2020,117,220,D,29,2393,1,0.3374330969527364,1,0.3374330969527364,1,0.7234473079442978,8,5,6,0,11.60470176488161,11.185474995523691
GER-Bundesliga,2021,Bayern Munich,Kingsley Coman,3,2020,117,226,M S,29,1785,5,4.1304193660616875,5,4.1304193660616875,10,5.677491904236376,52,45,1,0,14.61808417364955,6.595101764425635
GER-Bundesliga,2021,Bayern Munich,Leon Goretzka,3,2020,117,335,M S,24,1707,5,3.741094371303916,5,3.741094371303916,5,3.0539645981043577,42,20,2,0,14.009976096451283,9.270373517647386
GER-Bundesliga,2021,Bayern Munich,Leroy Sané,3,2020,117,337,M S,32,1819,6,5.361089896410704,6,5.361089896410704,9,6.477919643744826,57,33,2,0,20.60544104501605,9.6884706877172
GER-Bundesliga,2021,Bayern Munich,Lucas Hernández,3,2020,117,2276,D S,23,1594,0,0.7878817860037088,0,0.7878817860037088,2,1.539609607309103,5,13,4,0,10.992713894695044,10.00247561559081
GER-Bundesliga,2021,Bayern Munich,Manuel Neuer,3,2020,117,217,GK,33,2970,0,0.0,0,0.0,0,0.23336000740528107,0,1,1,0,9.040141101926565,8.806781586259604
GER-Bundesliga,2021,Bayern Munich,Marc Roca,3,2020,117,5086,M S,6,179,0,0.279618002474308,0,0.279618002474308,0,0.018839100375771523,3,1,1,0,0.5136914104223251,0.2152344062924385
GER-Bundesliga,2021,Bayern Munich,Michaël Cuisance,3,2020,117,6148,S,1,17,0,0.0,0,0.0,0,0.0,0,0,0,0,0.10762699693441391,0.10762699693441391
GER-Bundesliga,2021,Bayern Munich,Nianzou Kouassi,3,2020,117,7981,S,6,109,0,0.0,0,0.0,0,0.0,0,0,1,1,0.32003700733184814,0.32003700733184814
GER-Bundesliga,2021,Bayern Munich,Niklas Süle,3,2020,117,75,D S,20,1502,1,0.6912887934595346,1,0.6912887934595346,0,0.2975895069539547,20,7,1,0,9.372897893190384,8.969955876469612
GER-Bundesliga,2021,Bayern Munich,Robert Lewandowski,3,2020,117,227,F S,29,2467,41,32.0773394331336,33,25.25734955817461,7,4.815550094470382,135,32,4,0,31.7401881814003,5.689343376085162
GER-Bundesliga,2021,Bayern Munich,Serge Gnabry,3,2020,117,993,M S,27,1653,10,7.765031499788165,10,7.765031499788165,2,6.910004418343306,59,38,4,0,19.873918997123837,8.74215896986425
GER-Bundesliga,2021,Bayern Munich,Thomas Müller,3,2020,117,224,M S,32,2693,11,7.856031823903322,10,7.098254848271608,18,11.306575793772936,50,92,0,0,26.149961154907942,12.189973209053278
GER-Bundesliga,2021,Bayern Munich,Tiago Dantas,3,2020,117,9229,M S,2,69,0,0.0,0,0.0,0,0.05175840109586716,0,1,0,0,0.0448525995016098,0.0448525995016098
GER-Bundesliga,2021,Borussia Dortmund,Ansgar Knauff,3,2020,129,8989,S,4,59,1,0.10873979702591896,1,0.10873979702591896,1,0.9649252183735371,2,4,0,0,1.0226146206259727,0.10617640241980553
GER-Bundesliga,2021,Borussia Dortmund,Axel Witsel,3,2020,129,3059,M S,15,1130,0,0.5135510992258787,0,0.5135510992258787,0,0.3661340922117233,12,4,4,0,6.032611086964607,5.5004705265164375
GER-Bundesliga,2021,Borussia Dortmund,Dan-Axel Zagadou,3,2020,129,6103,D S,9,273,0,0.047503601759672165,0,0.047503601759672165,0,0.02062010020017624,1,1,0,0,1.0260271206498146,1.0054070204496384
GER-Bundesliga,2021,Borussia Dortmund,Emre Can,3,2020,129,604,D M S,28,2130,1,1.2317224070429802,1,1.2317224070429802,4,2.974674019962549,17,18,5,0,13.539911858737469,12.125617295503616
GER-Bundesliga,2021,Borussia Dortmund,Erling Haaland,3,2020,129,8260,F S,28,2416,27,23.59848389774561,25,20.567368783056736,6,4.03544756770134,92,27,2,0,27.197287127375603,5.896189399063587
GER-Bundesliga,2021,Borussia Dortmund,Felix Passlack,3,2020,129,2663,D S,7,358,1,0.5103276111185551,1,0.5103276111185551,0,0.24014350026845932,5,3,0,0,1.801330104470253,1.0508594885468483
GER-Bundesliga,2021,Borussia Dortmund,Giovanni Reyna,3,2020,129,8191,M S,32,1985,4,4.2951662465929985,4,4.2951662465929985,5,4.956997528672218,38,35,1,0,14.247163243591785,8.086229480803013
GER-Bundesliga,2021,Borussia Dortmund,Jadon Sancho,3,2020,129,6345,F M S,26,2083,8,6.7544827070087194,7,5.996705586090684,11,8.243653137236834,52,67,0,0,20.981891989707947,10.95314784348011
GER-Bundesliga,2021,Borussia Dortmund,Jude Bellingham,3,2020,129,8824,M S,29,1707,1,2.565567808225751,1,2.565567808225751,3,3.540682502090931,33,14,4,1,12.289207234978676,7.932995542883873
GER-Bundesliga,2021,Borussia Dortmund,Julian Brandt,3,2020,129,261,F M S,31,1485,3,2.8410848304629326,3,2.8410848304629326,2,2.499097554013133,22,31,0,0,14.691908612847328,10.011145012453198
GER-Bundesliga,2021,Borussia Dortmund,Lukasz Piszczek,3,2020,129,310,D S,11,444,0,0.03390989825129509,0,0.03390989825129509,0,0.18796950206160545,1,3,0,0,3.7178921438753605,3.541495643556118
GER-Bundesliga,2021,Borussia Dortmund,Mahmoud Dahoud,3,2020,129,205,M S,21,1267,1,0.5515008978545666,1,0.5515008978545666,1,1.2907911911606789,16,11,3,0,9.19918517023325,7.824859328567982
GER-Bundesliga,2021,Borussia Dortmund,Manuel Akanji,3,2020,129,6490,D S,28,2350,2,1.9763380773365498,2,1.9763380773365498,0,0.20792310126125813,19,3,4,0,10.620239995419979,10.386768996715546
GER-Bundesliga,2021,Borussia Dortmund,Marco Reus,3,2020,129,319,F M S,32,2313,8,11.01892376691103,8,9.675626702606678,6,7.847996469587088,56,49,1,0,20.437500143423676,9.797865403816104
GER-Bundesliga,2021,Borussia Dortmund,Marwin Hitz,3,2020,129,263,GK,16,1398,0,0.0,0,0.0,0,0.0,0,0,1,0,3.640361800789833,3.640361800789833
GER-Bundesliga,2021,Borussia Dortmund,Mateu Morey,3,2020,129,8070,D S,13,842,0,0.09144537895917892,0,0.09144537895917892,2,0.9053364917635918,2,7,1,0,5.5614979565143585,5.409180961549282
GER-Bundesliga,2021,Borussia Dortmund,Mats Hummels,3,2020,129,373,D S,33,2819,5,5.321490712463856,5,5.321490712463856,0,0.6973027121275663,30,13,6,0,17.53026657178998,15.71328267082572
GER-Bundesliga,2021,Borussia Dortmund,Nico Schulz,3,2020,129,433,D S,13,601,0,0.047112900763750076,0,0.047112900763750076,0,0.41076820343732834,2,6,1,0,3.7132038958370686,3.5049848780035973
GER-Bundesliga,2021,Borussia Dortmund,Raphael Guerreiro,3,2020,129,3455,D M S,27,2226,5,3.6568804755806923,5,3.6568804755806923,10,7.402729930356145,37,55,1,0,21.83067725598812,15.198640763759613
GER-Bundesliga,2021,Borussia Dortmund,Reinier,3,2020,129,8825,M S,14,229,1,0.6345416121184826,1,0.6345416121184826,1,0.31500799767673016,3,4,0,0,2.2991214022040367,1.3495712168514729
GER-Bundesliga,2021,Borussia Dortmund,Roman Bürki,3,2020,129,309,GK S,19,1662,0,0.0,0,0.0,0,0.0,0,0,0,0,2.8184761721640825,2.8184761721640825
GER-Bundesliga,2021,Borussia Dortmund,Steffen Tigges,3,2020,129,9227,S,6,40,0,0.2904390855692327,0,0.2904390855692327,0,0.02452550083398819,4,1,0,0,0.27828759839758277,0.0
GER-Bundesliga,2021,Borussia Dortmund,Thomas Delaney,3,2020,129,5230,M S,20,1295,1,0.4729678984731436,1,0.4729678984731436,1,0.20308689959347248,9,5,6,0,7.804027408361435,7.4806375075131655
GER-Bundesliga,2021,Borussia Dortmund,Thomas Meunier,3,2020,129,5680,D M S,21,1478,1,0.6779443882405758,1,0.6779443882405758,1,1.6704823202453554,12,15,3,0,8.25711609562859,7.558733828365803
GER-Bundesliga,2021,Borussia Dortmund,Thorgan Hazard,3,2020,129,213,F M S,16,653,1,0.8523103892803192,1,0.8523103892803192,3,3.289175668731332,10,14,0,0,7.154077187180519,3.6767910718917847
GER-Bundesliga,2021,Borussia Dortmund,Youssoufa Moukoko,3,2020,129,9133,F S,14,394,3,2.2534760124981403,3,2.2534760124981403,0,0.7388400211930275,20,2,0,0,4.139004215598106,1.2229014486074448
GER-Bundesliga,2021,Borussia M.Gladbach,Alassane Pléa,3,2020,130,3310,F M S,29,1804,6,5.505176402628422,6,5.505176402628422,1,3.8594892360270023,62,28,2,0,11.608914274722338,3.9902685787528753
GER-Bundesliga,2021,Borussia M.Gladbach,Breel Embolo,3,2020,130,5356,F M S,31,1424,5,7.532668881118298,5,7.532668881118298,2,1.8059892896562815,41,17,4,0,11.131392728537321,3.9691374003887177
GER-Bundesliga,2021,Borussia M.Gladbach,Christoph Kramer,3,2020,130,187,D M S,28,2040,0,0.2690878976136446,0,0.2690878976136446,2,0.9534767139703035,10,11,5,0,6.756241401657462,5.997417749837041
GER-Bundesliga,2021,Borussia M.Gladbach,Denis Zakaria,3,2020,130,6147,D M S,25,1422,1,1.4012947790324688,1,1.4012947790324688,1,1.0750095583498478,11,9,5,0,6.457549669779837,4.711558889597654
GER-Bundesliga,2021,Borussia M.Gladbach,Florian Neuhaus,3,2020,130,7065,M S,33,2636,6,3.0260267797857523,6,3.0260267797857523,5,2.8867469150573015,48,23,9,0,13.019774235785007,9.189495597034693
GER-Bundesliga,2021,Borussia M.Gladbach,Hannes Wolf,3,2020,130,8171,F M S,32,1354,3,1.9306361339986324,3,1.9306361339986324,2,2.3530817050486803,16,15,2,0,8.732583351433277,5.097049962729216
GER-Bundesliga,2021,Borussia M.Gladbach,Ibrahima Traoré,3,2020,130,207,M S,7,84,0,0.0,0,0.0,0,0.0784699022769928,0,1,0,0,0.0784699022769928,0.0
GER-Bundesliga,2021,Borussia M.Gladbach,Jonas Hofmann,3,2020,130,320,F M S,24,1836,6,4.521512384526432,3,2.248177315108478,11,5.912428947165608,25,56,1,0,6.704236038029194,1.8707362599670887
GER-Bundesliga,2021,Borussia M.Gladbach,Lars Stindl,3,2020,130,208,F M S,30,1985,14,9.211133332923055,8,3.906859504058957,8,3.746523540467024,56,43,6,0,10.691832376644015,4.132026171311736
GER-Bundesliga,2021,Borussia M.Gladbach,Louis Beyer,3,2020,130,6557,D S,4,186,0,0.0,0,0.0,0,0.0,0,0,0,0,0.559908002614975,0.559908002614975
GER-Bundesliga,2021,Borussia M.Gladbach,Marcus Thuram,3,2020,130,5992,F M S,29,1756,8,7.582286558113992,8,7.582286558113992,3,1.91364408377558,57,17,3,1,11.206859802827239,3.494162787683308
GER-Bundesliga,2021,Borussia M.Gladbach,Matthias Ginter,3,2020,130,315,D,34,3060,2,1.6111423801630735,2,1.6111423801630735,1,1.5308020748198032,23,10,2,0,9.930436286143959,8.550056363455951
GER-Bundesliga,2021,Borussia M.Gladbach,Nico Elvedi,3,2020,130,212,D,29,2542,3,2.3761499989777803,3,2.3761499989777803,0,0.10026519931852818,12,3,1,0,4.572054971009493,4.498618166893721
GER-Bundesliga,2021,Borussia M.Gladbach,Oscar Wendt,3,2020,130,206,D M S,22,1269,1,0.9747694134712219,1,0.9747694134712219,1,0.5598959941416979,8,7,3,0,2.96374886110425,2.0073938351124525
GER-Bundesliga,2021,Borussia M.Gladbach,Patrick Herrmann,3,2020,130,420,F M S,27,839,0,2.1185628697276115,0,2.1185628697276115,3,2.294696681201458,19,22,3,0,4.66982158459723,1.2869715820997953
GER-Bundesliga,2021,Borussia M.Gladbach,Ramy Bensebaini,3,2020,130,3349,D M S,25,1815,4,2.6612920658662915,3,1.9035150902345777,0,1.2141721975058317,22,10,7,0,5.551079474389553,4.655898850411177
GER-Bundesliga,2021,Borussia M.Gladbach,Rocco Reitz,3,2020,130,8826,M S,2,62,0,0.0,0,0.0,0,0.11096899956464767,0,2,1,0,0.11096899956464767,0.0
GER-Bundesliga,2021,Borussia M.Gladbach,Stefan Lainer,3,2020,130,7831,D M S,33,2783,2,1.9452806999906898,2,1.9452806999906898,2,3.743686866015196,25,37,2,0,10.005759201943874,7.10742350295186
GER-Bundesliga,2021,Borussia M.Gladbach,Tobias Sippel,3,2020,130,214,GK S,4,344,0,0.0,0,0.0,0,0.0,0,0,0,0,0.020461900159716606,0.020461900159716606
GER-Bundesliga,2021,Borussia M.Gladbach,Tony Jantschke,3,2020,130,201,D S,8,260,0,0.4743940979242325,0,0.4743940979242325,0,0.0,2,0,1,0,0.9432047009468079,0.9432047009468079
GER-Bundesliga,2021,Borussia M.Gladbach,Valentino Lazaro,3,2020,130,6352,D M S,22,1230,2,1.8091706074774265,2,1.8091706074774265,0,1.2182256765663624,15,17,3,0,6.592180976644158,3.7790784128010273
GER-Bundesliga,2021,Borussia M.Gladbach,Yann Sommer,3,2020,130,199,GK,31,2712,0,0.0,0,0.0,0,0.0,0,0,1,1,2.189790515229106,2.189790515229106
GER-Bundesliga,2021,Eintracht Frankfurt,Ajdin Hrustic,3,2020,132,9023,M S,11,260,1,0.28870209865272045,1,0.28870209865272045,0,0.14017099514603615,7,4,2,0,1.50027397274971,1.2339910808950663
GER-Bundesliga,2021,Eintracht Frankfurt,Almamy Touré,3,2020,132,3431,D M S,17,702,1,2.2145660975947976,1,2.2145660975947976,1,2.1112356316298246,16,14,2,0,4.110495315864682,1.3476723739877343
GER-Bundesliga,2021,Eintracht Frankfurt,Amin Younes,3,2020,132,7289,M S,26,1410,3,3.2914874060079455,3,3.2914874060079455,3,1.8431309275329113,33,23,5,0,7.310956299304962,3.3175556752830744
GER-Bundesliga,2021,Eintracht Frankfurt,André Silva,3,2020,132,6170,F,32,2787,28,25.599131893366575,21,20.294785987585783,5,5.467085654847324,114,31,1,0,26.746589360758662,4.0964294988662004
GER-Bundesliga,2021,Eintracht Frankfurt,Aymen Barkok,3,2020,132,5235,D F M S,26,951,2,2.0234119072556496,2,2.0234119072556496,3,3.198934099636972,19,26,5,0,6.219773769378662,3.1459713373333216
GER-Bundesliga,2021,Eintracht Frankfurt,Bas Dost,3,2020,132,158,F S,12,819,4,4.29096719622612,3,3.5333522260189056,2,2.622365429997444,15,11,3,0,7.274478621780872,1.9131001457571983
GER-Bundesliga,2021,Eintracht Frankfurt,Daichi Kamada,3,2020,132,6145,D F M S,32,2383,5,6.00184902921319,5,6.00184902921319,12,6.787548180669546,38,55,3,0,19.099796313792467,9.384855227544904
GER-Bundesliga,2021,Eintracht Frankfurt,Danny da Costa,3,2020,132,249,D M S,22,1321,0,0.24391139950603247,0,0.24391139950603247,1,2.3600023202598095,6,13,2,0,4.109083618968725,1.628365295007825
GER-Bundesliga,2021,Eintracht Frankfurt,David Abraham,3,2020,132,283,D,14,1228,1,0.7547798017039895,1,0.7547798017039895,0,0.4349929988384247,10,2,3,1,4.114739611744881,4.02986866235733
GER-Bundesliga,2021,Eintracht Frankfurt,Djibril Sow,3,2020,132,2624,M S,28,2183,0,0.4571841973811388,0,0.4571841973811388,2,1.1321393121033907,11,17,6,0,8.694196281023324,7.408980629406869
GER-Bundesliga,2021,Eintracht Frankfurt,Dominik Kohr,3,2020,132,269,M S,24,1524,1,2.160242930985987,1,2.160242930985987,1,0.9555602939799428,21,8,4,0,7.037705555558205,5.781499408185482
GER-Bundesliga,2021,Eintracht Frankfurt,Elias Bördner,3,2020,132,9288,GK,1,90,0,0.0,0,0.0,0,0.0,0,0,0,0,0.026266299188137054,0.026266299188137054
GER-Bundesliga,2021,Eintracht Frankfurt,Erik Durm,3,2020,132,2640,D M S,21,1509,1,1.2786963861435652,1,1.2786963861435652,2,1.7541586719453335,20,13,1,0,5.523504726588726,3.087899897247553
GER-Bundesliga,2021,Eintracht Frankfurt,Evan Ndicka,3,2020,132,7049,D,23,2047,3,1.6597138196229935,3,1.6597138196229935,1,0.22994470223784447,17,6,10,0,6.184271488338709,5.8648682944476604
GER-Bundesliga,2021,Eintracht Frankfurt,Filip Kostic,3,2020,132,64,D M S,30,2535,4,4.1149656772613525,4,4.1149656772613525,15,14.134800320491195,52,88,4,0,18.563068574294448,4.895749693736434
GER-Bundesliga,2021,Eintracht Frankfurt,Kevin Trapp,3,2020,132,3286,GK,33,2970,0,0.0,0,0.0,0,0.0,0,0,0,0,3.407835061661899,3.407835061661899
GER-Bundesliga,2021,Eintracht Frankfurt,Luka Jovic,3,2020,132,6228,F S,18,888,4,2.790965911000967,4,2.790965911000967,0,0.8215078078210354,25,5,2,0,5.708761340007186,2.772551082074642
GER-Bundesliga,2021,Eintracht Frankfurt,Makoto Hasebe,3,2020,132,282,D M S,29,2297,0,0.09798699803650379,0,0.09798699803650379,0,0.2315137404948473,2,6,5,0,9.71128139924258,9.381781349889934
GER-Bundesliga,2021,Eintracht Frankfurt,Martin Hinteregger,3,2020,132,2668,D,29,2531,2,2.02283254545182,2,2.02283254545182,1,0.9886685032397509,24,9,4,0,8.27713571023196,7.400655137374997
GER-Bundesliga,2021,Eintracht Frankfurt,Ragnar Ache,3,2020,132,8869,S,7,76,1,0.17514630407094955,1,0.17514630407094955,0,0.0,2,0,1,0,0.28100400418043137,0.1058569997549057
GER-Bundesliga,2021,Eintracht Frankfurt,Sebastian Rode,3,2020,132,228,M S,27,1634,1,0.07406859938055277,1,0.07406859938055277,0,1.3847774900496006,3,19,10,0,6.772763729095459,5.902805548161268
GER-Bundesliga,2021,Eintracht Frankfurt,Stefan Ilsanker,3,2020,132,5242,D M S,27,1566,1,1.0015501994639635,1,1.0015501994639635,0,0.3899584002792835,12,6,4,0,4.651105459779501,3.9547106958925724
GER-Bundesliga,2021,Eintracht Frankfurt,Steven Zuber,3,2020,132,254,M S,20,580,0,0.6013278905302286,0,0.6013278905302286,3,2.6962761878967285,10,14,1,0,4.910040142014623,2.2414300851523876
GER-Bundesliga,2021,Eintracht Frankfurt,Timothy Chandler,3,2020,132,359,D M S,15,409,1,0.8841169849038124,1,0.8841169849038124,0,0.27926499769091606,5,4,2,0,1.7414584681391716,0.7001485833898187
GER-Bundesliga,2021,Eintracht Frankfurt,Tuta,3,2020,132,7524,D S,19,1458,0,0.1601960975676775,0,0.1601960975676775,0,0.2054970022290945,4,4,5,0,4.022965032607317,3.9651259388774633
GER-Bundesliga,2021,FC Cologne,Anthony Modeste,3,2020,134,137,F S,8,210,0,1.6846228381618857,0,0.9268489023670554,0,0.01982009969651699,8,1,1,0,0.9055094858631492,0.02567020058631897
GER-Bundesliga,2021,FC Cologne,Benno Schmitz,3,2020,134,5253,D S,12,405,0,0.20800579525530338,0,0.20800579525530338,1,0.26495980005711317,4,5,0,0,1.6559463366866112,1.432702712714672
GER-Bundesliga,2021,FC Cologne,Dimitris Limnios,3,2020,134,8876,M S,12,364,0,0.3280462920665741,0,0.3280462920665741,0,0.6474883854389191,6,5,0,0,0.950709905475378,0.24671989865601063
GER-Bundesliga,2021,FC Cologne,Dominick Drexler,3,2020,134,7789,F M S,27,1217,2,2.0897631011903286,2,2.0897631011903286,1,2.6153809055685997,12,15,1,0,5.7599399499595165,3.5228391587734222
GER-Bundesliga,2021,FC Cologne,Ellyes Skhiri,3,2020,134,3347,M,32,2799,5,4.947999348863959,5,4.947999348863959,2,0.8226982979103923,18,17,5,0,5.329231197014451,4.071600053459406
GER-Bundesliga,2021,FC Cologne,Elvis Rexhbecaj,3,2020,134,6445,M S,30,1841,5,2.393365220166743,5,2.393365220166743,2,2.5105035211890936,29,26,4,0,4.607443891465664,1.1805642060935497
GER-Bundesliga,2021,FC Cologne,Emmanuel Dennis,3,2020,134,9301,F S,9,473,0,0.4957774877548218,0,0.4957774877548218,1,0.7534655146300793,5,5,0,0,1.9475050121545792,0.8792011886835098
GER-Bundesliga,2021,FC Cologne,Florian Kainz,3,2020,134,5231,M S,8,454,1,0.5785941975191236,1,0.5785941975191236,0,1.2493039015680552,10,10,1,0,2.863049954175949,1.3706260174512863
GER-Bundesliga,2021,FC Cologne,Frederik Sörensen,3,2020,134,138,D S,3,93,0,0.037786900997161865,0,0.037786900997161865,0,0.03834480047225952,1,1,2,0,0.03834480047225952,0.0
GER-Bundesliga,2021,FC Cologne,Ismail Jakobs,3,2020,134,8146,D F M S,23,1723,1,2.1791667696088552,1,2.1791667696088552,1,1.8974398728460073,22,15,6,0,6.180770244449377,2.2486665956676006
GER-Bundesliga,2021,FC Cologne,Jan Thielmann,3,2020,134,8205,F M S,24,1021,2,1.2892950791865587,2,1.2892950791865587,3,1.1136424075812101,12,10,0,0,3.8304023994132876,2.041329987347126
GER-Bundesliga,2021,FC Cologne,Jannes Horn,3,2020,134,2627,D M S,29,1767,0,0.16622289922088385,0,0.16622289922088385,1,1.5510846907272935,6,12,6,0,4.215878780931234,3.5271078683435917
GER-Bundesliga,2021,FC Cologne,Jonas Hector,3,2020,134,131,D M S,19,1299,3,2.7284650998190045,3,2.7284650998190045,1,1.79740871489048,27,18,2,0,5.736773025244474,2.245864352211356
GER-Bundesliga,2021,FC Cologne,Jorge Meré,3,2020,134,2210,D S,16,1304,0,0.029380700550973415,0,0.029380700550973415,0,0.15868639945983887,2,3,2,0,1.3274071998894215,1.267708096653223
GER-Bundesliga,2021,FC Cologne,Kingsley Ehizibue,3,2020,134,7785,D M S,21,1139,0,0.5675866920500994,0,0.5675866920500994,1,0.5663904957473278,9,6,5,0,2.4359507896006107,1.39520700648427
GER-Bundesliga,2021,FC Cologne,Marco Höger,3,2020,134,427,D S,3,55,0,0.0,0,0.0,0,0.0,0,0,0,0,0.0,0.0
GER-Bundesliga,2021,FC Cologne,Marius Wolf,3,2020,134,2693,D F M S,31,2573,2,3.2861697571352124,2,3.2861697571352124,2,2.5736021921038628,41,25,3,0,8.00503845885396,4.994026584550738
GER-Bundesliga,2021,FC Cologne,Max Meyer,3,2020,134,338,M S,10,344,0,0.6501821987330914,0,0.6501821987330914,0,0.32718278747051954,10,3,0,0,1.229408673942089,0.5744435824453831
GER-Bundesliga,2021,FC Cologne,Noah Katterbach,3,2020,134,8083,D M S,21,1107,0,0.2131861997768283,0,0.2131861997768283,0,0.919577406719327,9,11,1,0,3.5829612724483013,2.7724014073610306
GER-Bundesliga,2021,FC Cologne,Ondrej Duda,3,2020,134,5240,F M,32,2574,7,6.291643397882581,4,3.260535371489823,4,3.376416535116732,49,42,6,1,9.246830257587135,5.571030620485544
GER-Bundesliga,2021,FC Cologne,Rafael Czichos,3,2020,134,7786,D S,28,2266,1,2.0850359350442886,1,2.0850359350442886,0,0.15188280120491982,10,3,7,0,3.53405118919909,3.442593390122056
GER-Bundesliga,2021,FC Cologne,Ron-Robert Zieler,3,2020,134,91,S,1,51,0,0.0,0,0.0,0,0.0,0,0,0,0,0.17216500639915466,0.17216500639915466
GER-Bundesliga,2021,FC Cologne,Salih Özcan,3,2020,134,5294,M S,28,1358,0,0.44375730212777853,0,0.44375730212777853,1,1.2244418989866972,11,12,3,0,3.4056342616677284,2.0210605822503567
GER-Bundesliga,2021,FC Cologne,Sava-Arangel Cestic,3,2020,134,8877,D,11,900,0,0.07601139694452286,0,0.07601139694452286,0,0.11674430221319199,1,2,3,0,0.9849134348332882,0.8681683801114559
GER-Bundesliga,2021,FC Cologne,Sebastiaan Bornauw,3,2020,134,7791,D S,24,2078,1,1.4107594015076756,1,1.4107594015076756,1,0.022635500878095627,18,1,3,0,2.626872807741165,2.198910091072321
GER-Bundesliga,2021,FC Cologne,Sebastian Andersson,3,2020,134,7880,F S,16,1145,3,5.566060222685337,2,4.808283157646656,0,0.39618240017443895,39,7,1,0,5.0408132039010525,0.37968319095671177
GER-Bundesliga,2021,FC Cologne,Timo Horn,3,2020,134,127,GK,34,3009,0,0.0,0,0.0,0,0.048396799713373184,0,1,0,0,2.268235062249005,2.219838261604309
GER-Bundesliga,2021,FC Cologne,Tolu Arokodare,3,2020,134,8875,S,10,93,0,0.21273329854011536,0,0.21273329854011536,0,0.48916629888117313,3,3,0,0,0.29926119558513165,0.03726689890027046
GER-Bundesliga,2021,Freiburg,Amir Abrashi,3,2020,135,5265,S,5,57,0,0.0,0,0.0,0,0.0,0,0,0,0,0.05640219897031784,0.05640219897031784
GER-Bundesliga,2021,Freiburg,Baptiste Santamaria,3,2020,135,5654,M S,30,2240,1,2.1661303965374827,1,2.1661303965374827,1,1.0789938988164067,30,14,5,0,7.989245626144111,5.116487395949662
GER-Bundesliga,2021,Freiburg,Christian Günter,3,2020,135,4243,D,34,3060,3,0.8551353067159653,3,0.8551353067159653,3,5.885400656610727,26,69,2,0,10.019230235368013,6.679834362119436
GER-Bundesliga,2021,Freiburg,Dominique Heintz,3,2020,135,129,D S,21,1360,0,0.08851630054414272,0,0.08851630054414272,0,0.32273220643401146,3,3,3,0,2.394564250484109,2.336523735895753
GER-Bundesliga,2021,Freiburg,Ermedin Demirovic,3,2020,135,6496,F S,30,1518,5,5.165380647405982,5,5.165380647405982,6,4.5631964802742,42,16,7,0,9.513705303892493,2.169701097533107
GER-Bundesliga,2021,Freiburg,Florian Müller,3,2020,135,5328,GK,31,2790,0,0.0,0,0.0,0,0.0,0,0,0,0,4.33155351690948,4.33155351690948
GER-Bundesliga,2021,Freiburg,Guus Til,3,2020,135,7771,F S,7,115,0,0.6501950174570084,0,0.6501950174570084,0,0.02933019958436489,2,1,1,0,0.6795252170413733,0.0
GER-Bundesliga,2021,Freiburg,Janik Haberer,3,2020,135,4271,F M S,14,479,0,0.5375686129555106,0,0.5375686129555106,0,0.08558820001780987,10,2,1,0,1.8963782349601388,1.2881267685443163
GER-Bundesliga,2021,Freiburg,Jonathan Schmid,3,2020,135,81,D M S,31,2409,2,1.0132808042690158,2,1.0132808042690158,2,2.5553154312074184,21,25,4,0,8.731354193761945,6.023160753771663
GER-Bundesliga,2021,Freiburg,Keven Schlotterbeck,3,2020,135,7401,D M S,24,1651,0,0.7617613924667239,0,0.7617613924667239,0,0.0911267027258873,7,1,3,0,3.3909580567851663,3.265738450922072
GER-Bundesliga,2021,Freiburg,Kwon Chang-Hoon,3,2020,135,5625,F S,12,197,0,0.17089230194687843,0,0.17089230194687843,0,0.11826560273766518,2,3,2,0,0.39419170282781124,0.10503380186855793
GER-Bundesliga,2021,Freiburg,Lino Tempelmann,3,2020,135,7811,M S,10,260,0,0.1478715017437935,0,0.1478715017437935,0,0.019246699288487434,4,1,2,0,1.2698788046836853,1.189733512699604
GER-Bundesliga,2021,Freiburg,Lucas Höler,3,2020,135,6475,F M S,33,2100,4,8.56891804561019,4,8.56891804561019,4,2.5385501235723495,44,21,5,0,12.476927936077118,3.4745119884610176
GER-Bundesliga,2021,Freiburg,Lukas Kübler,3,2020,135,5263,D S,19,884,0,0.08059859834611416,0,0.08059859834611416,1,0.43714540358632803,2,5,2,0,1.834560614079237,1.4810883104801178
GER-Bundesliga,2021,Freiburg,Manuel Gulde,3,2020,135,5292,D S,27,1958,2,0.5927150063216686,2,0.5927150063216686,0,0.0,9,0,3,0,4.421701434999704,4.421701434999704
GER-Bundesliga,2021,Freiburg,Mark Flekken,3,2020,135,7047,GK,3,270,0,0.0,0,0.0,0,0.0,0,0,0,0,0.20999519899487495,0.20999519899487495
GER-Bundesliga,2021,Freiburg,Nicolas Höfler,3,2020,135,4250,M S,31,2727,1,1.0478398278355598,1,1.0478398278355598,3,1.2589550074189901,20,15,11,0,6.9012075792998075,5.6884919330477715
GER-Bundesliga,2021,Freiburg,Nils Petersen,3,2020,135,4248,F S,32,1268,8,5.429026521742344,7,4.6712500005960464,0,0.45246950164437294,34,10,0,0,5.773870201781392,1.8594335988163948
GER-Bundesliga,2021,Freiburg,Nishan Burkart,3,2020,135,9269,S,1,13,0,0.0,0,0.0,0,0.0,0,0,0,0,0.0,0.0
GER-Bundesliga,2021,Freiburg,Philipp Lienhart,3,2020,135,2611,D M,34,2997,4,2.2981128059327602,4,2.2981128059327602,0,0.11546599958091974,9,4,4,0,6.563692403957248,6.418881110846996
GER-Bundesliga,2021,Freiburg,Roland Sallai,3,2020,135,1277,F M S,28,1694,8,6.838023686781526,7,6.080245697870851,3,1.383343892171979,47,15,5,0,8.550057578831911,3.147823303937912
GER-Bundesliga,2021,Freiburg,Vincenzo Grifo,3,2020,135,5266,F M S,31,2341,9,7.740594930946827,5,4.7096494026482105,11,7.838894918560982,57,66,2,0,13.716823390685022,5.292960800230503
GER-Bundesliga,2021,Freiburg,Woo-Yeong Jeong,3,2020,135,7267,F M S,26,803,4,1.5147909242659807,4,1.5147909242659807,0,1.1904618060216308,14,13,0,0,5.029625874012709,2.8268029456958175
GER-Bundesliga,2021,Freiburg,Yannik Keitel,3,2020,135,8206,M S,12,482,0,0.18039670586585999,0,0.18039670586585999,0,0.1473260000348091,8,3,1,0,1.4795002173632383,1.1719599943608046
GER-Bundesliga,2021,Hertha Berlin,Alexander Schwolow,3,2020,122,5262,GK,26,2340,0,0.0,0,0.0,0,0.0,0,0,0,0,3.6774196112528443,3.6774196112528443
GER-Bundesliga,2021,Hertha Berlin,Daishawn Redan,3,2020,122,7918,S,7,87,0,0.5963741987943649,0,0.5963741987943649,0,0.013437800109386444,3,1,0,0,0.6404541842639446,0.03064199909567833
GER-Bundesliga,2021,Hertha Berlin,Dedryck Boyata,3,2020,122,4468,D S,19,1542,1,1.0527109047397971,1,1.0527109047397971,0,0.5899598877876997,10,6,3,0,2.885796796530485,2.378618184477091
GER-Bundesliga,2021,Hertha Berlin,Deyovaisio Zeefuik,3,2020,122,8805,D M S,22,911,1,0.1658792980015278,1,0.1658792980015278,0,0.9884485993534327,3,12,2,1,1.81670808698982,0.8241267884150147
GER-Bundesliga,2021,Hertha Berlin,Dodi Lukebakio,3,2020,122,5706,F M S,29,1887,5,7.118199795484543,3,5.602641761302948,5,2.7050752956420183,42,22,2,1,10.63773694448173,3.6904079960659146
GER-Bundesliga,2021,Hertha Berlin,Eduard Löwen,3,2020,122,7043,M S,7,76,0,0.040134698152542114,0,0.040134698152542114,0,0.0,1,0,0,0,0.14816280081868172,0.1080281026661396
GER-Bundesliga,2021,Hertha Berlin,Javairo Dilrosun,3,2020,122,7122,F M S,12,514,0,0.34746870771050453,0,0.34746870771050453,1,0.2677017003297806,8,5,0,0,1.3108758926391602,0.8114570174366236
GER-Bundesliga,2021,Hertha Berlin,Jessic Ngankam,3,2020,122,8396,F S,15,278,2,0.4356255065649748,2,0.4356255065649748,0,0.04104689881205559,6,1,1,0,0.47667249850928783,0.0
GER-Bundesliga,2021,Hertha Berlin,Jhon Córdoba,3,2020,122,48,F S,21,1545,7,6.986443366855383,7,6.986443366855383,1,1.3975802082568407,48,24,3,0,8.612784931436181,0.9991083163768053
GER-Bundesliga,2021,Hertha Berlin,Jonas Michel Dirkner,3,2020,122,9547,S,1,15,0,0.0,0,0.0,0,0.0,0,0,0,0,0.0,0.0
GER-Bundesliga,2021,Hertha Berlin,Jonas Michelbrink,3,2020,122,9428,S,2,35,0,0.0,0,0.0,0,0.0,0,0,1,0,0.2839910089969635,0.2839910089969635
GER-Bundesliga,2021,Hertha Berlin,Jordan Torunarigha,3,2020,122,5238,D S,14,971,0,0.1476942040026188,0,0.1476942040026188,0,0.4518664926290512,4,3,5,0,2.820356536656618,2.4784435220062733
GER-Bundesliga,2021,Hertha Berlin,Krzysztof Piatek,3,2020,122,7090,F S,32,1630,7,6.4053356274962425,7,5.647558651864529,1,0.9840233121067286,41,10,4,0,6.259493094868958,0.7841152036562562
GER-Bundesliga,2021,Hertha Berlin,Luca Netz,3,2020,122,8401,D S,11,288,1,0.39406149461865425,1,0.39406149461865425,0,0.09889289736747742,2,2,0,0,1.049364384263754,0.6202029064297676
GER-Bundesliga,2021,Hertha Berlin,Lucas Tousart,3,2020,122,3743,M S,26,2113,1,1.3263675924390554,1,1.3263675924390554,0,1.2730725966393948,30,9,7,0,6.389477964490652,4.662129882723093
GER-Bundesliga,2021,Hertha Berlin,Lukas Klünter,3,2020,122,403,D,11,990,0,0.0,0,0.0,0,0.5370718939229846,0,3,0,0,1.1036678683012724,0.5665950924158096
GER-Bundesliga,2021,Hertha Berlin,Marten Winkler,3,2020,122,9528,S,1,1,0,0.0,0,0.0,0,0.0,0,0,0,0,0.0,0.0
GER-Bundesliga,2021,Hertha Berlin,Marvin Plattenhardt,3,2020,122,23,D M S,16,1069,0,0.09057280048727989,0,0.09057280048727989,2,1.3487890884280205,3,10,1,0,2.4475261624902487,1.9090191926807165
GER-Bundesliga,2021,Hertha Berlin,Matheus Cunha,3,2020,122,7080,F M S,27,2164,7,8.202691785991192,5,5.929601680487394,4,4.3022706946358085,70,47,9,0,12.655638253316283,4.903623064979911
GER-Bundesliga,2021,Hertha Berlin,Mathew Leckie,3,2020,122,241,D M S,17,489,0,0.07887360081076622,0,0.07887360081076622,1,0.4460008069872856,2,6,0,0,1.0965015105903149,0.6811427026987076
GER-Bundesliga,2021,Hertha Berlin,Matteo Guendouzi,3,2020,122,5759,M S,24,1809,2,0.7871310003101826,2,0.7871310003101826,1,1.8100112052634358,17,18,5,0,5.1469280906021595,3.2640011124312878
GER-Bundesliga,2021,Hertha Berlin,Maximilian Mittelstädt,3,2020,122,419,D F M S,27,1818,0,0.4100666046142578,0,0.4100666046142578,2,2.1814262056723237,16,23,3,0,4.717669147998095,3.461029026657343
GER-Bundesliga,2021,Hertha Berlin,Márton Dárdai,3,2020,122,8398,D M S,12,823,0,0.04091620072722435,0,0.04091620072722435,1,0.47908999025821686,2,4,0,0,1.1241841036826372,1.105202803388238
GER-Bundesliga,2021,Hertha Berlin,Nemanja Radonjic,3,2020,122,7160,F M S,12,588,1,1.840517794713378,1,1.840517794713378,2,1.2875832747668028,15,9,1,0,5.262489564716816,2.5170988589525223
GER-Bundesliga,2021,Hertha Berlin,Niklas Stark,3,2020,122,418,D M S,33,2793,0,0.9545541983097792,0,0.9545541983097792,0,0.8615972883999348,12,7,2,0,4.592623327858746,4.164103735238314
GER-Bundesliga,2021,Hertha Berlin,Omar Alderete,3,2020,122,8986,D S,17,1295,0,0.19849240221083164,0,0.19849240221083164,0,0.07843990065157413,6,3,2,0,2.2861130153760314,2.2194732120260596
GER-Bundesliga,2021,Hertha Berlin,Peter Pekarík,3,2020,122,443,D S,23,1723,3,1.5625508073717356,3,1.5625508073717356,1,0.8000666983425617,7,9,4,0,5.361038196831942,3.570916762575507
GER-Bundesliga,2021,Hertha Berlin,Rune Jarstein,3,2020,122,19,GK,8,720,0,0.0,0,0.0,0,0.0,0,0,0,0,0.16857079975306988,0.16857079975306988
GER-Bundesliga,2021,Hertha Berlin,Sami Khedira,3,2020,122,1292,M S,9,384,0,0.045892998576164246,0,0.045892998576164246,1,0.7879002839326859,1,3,1,0,1.5523746144026518,1.1209518164396286
GER-Bundesliga,2021,Hertha Berlin,Santiago Ascacibar,3,2020,122,6289,M S,13,770,1,0.25301570259034634,1,0.25301570259034634,0,0.24517979845404625,7,6,2,0,2.889634057879448,2.693853121250868
GER-Bundesliga,2021,Hertha Berlin,Vladimir Darida,3,2020,122,27,F M S,27,1930,1,1.723465017043054,1,1.723465017043054,6,4.508810508996248,27,35,5,1,8.710349779576063,4.0410528080537915
GER-Bundesliga,2021,Hoffenheim,Andrej Kramaric,3,2020,120,956,F M S,28,2386,20,15.52560031786561,15,11.736730325967073,5,4.0724228313192725,95,38,2,0,18.05768814869225,5.372286731377244
GER-Bundesliga,2021,Hoffenheim,Christoph Baumgartner,3,2020,120,7422,F M S,31,2393,6,5.605290146544576,6,5.605290146544576,3,3.540220429189503,61,34,6,0,14.063401749357581,8.4560822006315
GER-Bundesliga,2021,Hoffenheim,Dennis Geiger,3,2020,120,6081,M,9,678,1,0.2452864982187748,1,0.2452864982187748,1,1.178456598892808,7,12,4,1,2.809795832261443,1.9006628021597862
GER-Bundesliga,2021,Hoffenheim,Diadie Samassékou,3,2020,120,7868,M,31,2597,0,0.5090669943019748,0,0.5090669943019748,2,1.7055718814954162,16,10,3,0,11.426894823089242,9.868041288107634
GER-Bundesliga,2021,Hoffenheim,Ermin Bicakcic,3,2020,120,84,D,2,128,1,0.1707870066165924,1,0.1707870066165924,0,0.006729059852659702,2,1,1,0,0.4132530093193054,0.40652400255203247
GER-Bundesliga,2021,Hoffenheim,Florian Grillitsch,3,2020,120,116,D F M S,26,1892,2,2.144049392081797,2,2.144049392081797,1,1.8991437014192343,20,16,4,1,11.27082690782845,8.603483263403177
GER-Bundesliga,2021,Hoffenheim,Georginio Rutter,3,2020,120,6937,F S,9,229,1,0.42532270587980747,1,0.42532270587980747,0,0.08006180077791214,6,2,0,0,1.070053679868579,0.6440596049651504
GER-Bundesliga,2021,Hoffenheim,Håvard Nordtveit,3,2020,120,202,D S,12,688,0,0.11709379963576794,0,0.11709379963576794,0,0.8619145005941391,3,4,1,0,1.7064531110227108,1.553563203662634
GER-Bundesliga,2021,Hoffenheim,Ihlas Bebou,3,2020,120,6271,D F M S,32,2193,9,9.119971761479974,9,9.119971761479974,7,5.329366520047188,48,39,3,0,15.292172404006124,5.0866442220285535
GER-Bundesliga,2021,Hoffenheim,Ishak Belfodil,3,2020,120,3834,F S,14,601,0,1.4857040718197823,0,1.4857040718197823,1,0.6725011286325753,11,7,0,0,3.2486152835190296,1.2448656186461449
GER-Bundesliga,2021,Hoffenheim,Jacob Bruun Larsen,3,2020,120,5355,M S,2,88,0,0.0,0,0.0,0,0.028813200071454048,0,1,0,0,0.1301622036844492,0.10134900361299515
GER-Bundesliga,2021,Hoffenheim,Joshua Brenet,3,2020,120,7026,S,1,1,0,0.006729059852659702,0,0.006729059852659702,0,0.0,1,0,0,0,0.006729059852659702,0.0
GER-Bundesliga,2021,Hoffenheim,Kasim Nuhu,3,2020,120,7024,D S,12,986,0,0.7733834953978658,0,0.7733834953978658,0,0.08105890080332756,7,2,0,0,2.7540366388857365,2.2853403352200985
GER-Bundesliga,2021,Hoffenheim,Kevin Akpoguma,3,2020,120,6327,D M S,16,1184,1,0.08354509808123112,1,0.08354509808123112,0,0.3715801052749157,2,2,1,0,2.555944200605154,2.1743557937443256
GER-Bundesliga,2021,Hoffenheim,Kevin Vogt,3,2020,120,133,D S,24,1838,0,0.014795299619436264,0,0.014795299619436264,1,0.3189610857516527,1,4,6,0,6.372333215549588,6.063106749206781
GER-Bundesliga,2021,Hoffenheim,Klauss,3,2020,120,8815,S,4,39,0,0.05389939993619919,0,0.05389939993619919,0,0.11796299740672112,1,2,0,0,0.22811399772763252,0.05625170096755028
GER-Bundesliga,2021,Hoffenheim,Marco John,3,2020,120,9108,D M S,14,1001,0,0.14795750100165606,0,0.14795750100165606,0,1.5884136874228716,5,10,1,0,4.947336856275797,3.3565421905368567
GER-Bundesliga,2021,Hoffenheim,Maximilian Beier,3,2020,120,8137,S,3,7,0,0.0,0,0.0,0,0.0,0,0,0,0,0.0,0.0
GER-Bundesliga,2021,Hoffenheim,Melayro Bogarde,3,2020,120,8192,D S,9,272,0,0.10656270198523998,0,0.10656270198523998,1,0.19820360094308853,4,5,1,0,0.8018705956637859,0.5660995058715343
GER-Bundesliga,2021,Hoffenheim,Mijat Gacinovic,3,2020,120,290,D F M S,23,790,0,1.7657894995063543,0,1.7657894995063543,2,2.2121075093746185,13,11,5,0,5.801727630198002,2.9655663054436445
GER-Bundesliga,2021,Hoffenheim,Munas Dabbur,3,2020,120,8140,F M S,22,1003,4,5.188749678432941,4,4.431054659187794,0,0.5485603883862495,28,13,2,0,6.793062217533588,2.2213279083371162
GER-Bundesliga,2021,Hoffenheim,Oliver Baumann,3,2020,120,73,GK,31,2790,0,0.0,0,0.0,0,0.0,0,0,1,0,4.126995349302888,4.126995349302888
GER-Bundesliga,2021,Hoffenheim,Pavel Kaderábek,3,2020,120,74,D M S,20,1589,0,0.9385992498137057,0,0.9385992498137057,3,2.426882103085518,10,21,3,0,6.218852907419205,3.87396477162838
GER-Bundesliga,2021,Hoffenheim,Philipp Pentke,3,2020,120,7869,GK,3,270,0,0.0,0,0.0,0,0.0,0,0,0,0,0.7444090321660042,0.7444090321660042
GER-Bundesliga,2021,Hoffenheim,Robert Skov,3,2020,120,7867,D F M S,23,1179,1,1.79882219620049,1,1.79882219620049,0,1.8304345877841115,33,18,0,1,4.511635299772024,2.133094597607851
GER-Bundesliga,2021,Hoffenheim,Ryan Sessegnon,3,2020,120,6837,D M S,23,1567,2,0.7834270186722279,2,0.7834270186722279,3,1.5961727667599916,5,16,4,0,4.771410923451185,2.77591679058969
GER-Bundesliga,2021,Hoffenheim,Sargis Adamyan,3,2020,120,7900,M S,18,450,2,2.107714050449431,2,2.107714050449431,3,2.1937891021370888,23,11,2,0,5.8887376226484776,1.6728625111281872
GER-Bundesliga,2021,Hoffenheim,Sebastian Rudy,3,2020,120,90,D M S,27,1863,1,0.6407137960195541,1,0.6407137960195541,2,2.660704354289919,16,32,4,0,10.199578456580639,8.030789989978075
GER-Bundesliga,2021,Hoffenheim,Stefan Posch,3,2020,120,5329,D S,26,2128,0,0.6768453978002071,0,0.6768453978002071,0,0.7313292007893324,10,14,9,1,6.018431558273733,5.625804679468274
GER-Bundesliga,2021,Mainz 05,Aarón Martín,3,2020,125,5133,D M S,5,259,0,0.02439800091087818,0,0.02439800091087818,0,0.18288936000317335,1,3,0,0,0.07561110146343708,0.0414297990500927
GER-Bundesliga,2021,Mainz 05,Alexander Hack,3,2020,125,52,D S,21,1365,1,0.34788590110838413,1,0.34788590110838413,0,0.3729514880105853,7,6,2,0,3.81569535844028,3.5319993756711483
GER-Bundesliga,2021,Mainz 05,Bote Baku,3,2020,125,6708,D M S,34,2877,6,3.724283391609788,6,3.724283391609788,6,4.480605527758598,35,43,1,0,15.081191949546337,8.065021788701415
GER-Bundesliga,2021,Mainz 05,Daniel Brosinski,3,2020,125,38,D M S,21,1437,2,1.8527224194258451,0,0.3371688034385443,1,2.578037118539214,10,27,0,0,5.620027482509613,4.200796553865075
GER-Bundesliga,2021,Mainz 05,Danny Latza,3,2020,125,43,F M S,29,1810,0,1.5235892850905657,0,1.5235892850905657,2,1.7410470275208354,22,24,8,0,5.20104880258441,2.5874674282968044
GER-Bundesliga,2021,Mainz 05,Dong-Won Ji,3,2020,125,276,S,6,47,0,0.0,0,0.0,0,0.058108601719141006,0,1,1,0,0.08476000092923641,0.026651399210095406
GER-Bundesliga,2021,Mainz 05,Edimilson Fernandes,3,2020,125,1673,D M S,14,844,0,0.44182856660336256,0,0.44182856660336256,1,1.2974782204255462,12,11,1,0,2.5280385622754693,1.60669781640172
GER-Bundesliga,2021,Mainz 05,Finn Dahmen,3,2020,125,6596,GK,3,270,0,0.0,0,0.0,0,0.0,0,0,0,0,0.36247000098228455,0.36247000098228455
GER-Bundesliga,2021,Mainz 05,Issah Abass,3,2020,125,7181,S,2,14,0,0.0,0,0.0,0,0.0,0,0,0,0,0.04522240161895752,0.04522240161895752
GER-Bundesliga,2021,Mainz 05,Jean-Paul Boëtius,3,2020,125,7107,F M S,31,2086,2,3.3356855027377605,2,3.3356855027377605,4,6.803743686527014,29,34,5,0,13.248810466378927,6.524871790781617
GER-Bundesliga,2021,Mainz 05,Jean-Philippe Mateta,3,2020,125,5735,F S,15,1008,7,8.414153879508376,6,7.656383937224746,1,1.3461813041940331,28,12,2,0,9.505507020279765,1.2976232189685106
GER-Bundesliga,2021,Mainz 05,Jeremiah St. Juste,3,2020,125,7813,D,32,2880,0,1.663720685057342,0,1.663720685057342,1,0.2569551970809698,22,6,4,0,7.274313883855939,7.078424414619803
GER-Bundesliga,2021,Mainz 05,Jonathan Burkardt,3,2020,125,7108,D F M S,29,1389,2,3.638251444324851,2,3.638251444324851,0,1.9553392119705677,29,13,0,0,7.114943573251367,2.102234533056617
GER-Bundesliga,2021,Mainz 05,Karim Onisiwo,3,2020,125,2631,F M S,31,1844,4,4.838212939910591,4,4.838212939910591,0,1.9522582776844501,55,19,2,0,8.310807656496763,2.171635951846838
GER-Bundesliga,2021,Mainz 05,Kevin Stöger,3,2020,125,7058,M S,19,514,3,1.6995514379814267,3,1.6995514379814267,0,1.0339438943192363,9,11,3,0,3.896443411707878,1.5237307008355856
GER-Bundesliga,2021,Mainz 05,Leandro Barreiro Martins,3,2020,125,7109,M S,29,2325,2,4.806379362940788,2,4.806379362940788,2,2.341297250241041,33,19,5,0,11.087319895625114,4.184132680296898
GER-Bundesliga,2021,Mainz 05,Levin Öztunali,3,2020,125,118,D M S,17,742,1,0.5195694118738174,1,0.5195694118738174,2,1.0538693852722645,6,9,0,0,2.316780498251319,1.1017849911004305
GER-Bundesliga,2021,Mainz 05,Luca Kilian,3,2020,125,7807,D S,6,380,0,0.07768759876489639,0,0.07768759876489639,0,0.02654840052127838,1,1,1,0,0.7599644139409065,0.7334160134196281
GER-Bundesliga,2021,Mainz 05,Merveille Papela,3,2020,125,9178,S,1,1,0,0.0,0,0.0,0,0.0,0,0,0,0,0.0,0.0
GER-Bundesliga,2021,Mainz 05,Moussa Niakhate,3,2020,125,5989,D,32,2867,3,2.3970590978860855,2,1.6394441276788712,1,1.683492073789239,10,16,8,1,8.025235576555133,6.658010860905051
GER-Bundesliga,2021,Mainz 05,Niklas Tauer,3,2020,125,8847,S,5,56,0,0.0,0,0.0,0,0.0636558011174202,0,1,0,0,0.0636558011174202,0.0
GER-Bundesliga,2021,Mainz 05,Paul Nebel,3,2020,125,8846,S,4,46,0,0.0,0,0.0,0,0.0,0,0,0,0,0.0,0.0
GER-Bundesliga,2021,Mainz 05,Philipp Mwene,3,2020,125,7106,D M S,20,1678,1,0.5690021105110645,1,0.5690021105110645,2,1.757901699282229,7,15,3,0,4.998967608436942,3.590044165030122
GER-Bundesliga,2021,Mainz 05,Pierre Kunde,3,2020,125,7073,M S,11,505,0,0.13684169854968786,0,0.13684169854968786,0,0.7402026131749153,7,5,1,0,1.2588007971644402,0.4716327916830778
GER-Bundesliga,2021,Mainz 05,Robert Glatzel,3,2020,125,9326,F S,13,339,2,2.8445856496691704,2,2.8445856496691704,0,0.48021989315748215,13,2,0,0,4.053933642804623,0.8824294209480286
GER-Bundesliga,2021,Mainz 05,Robin Quaison,3,2020,125,1275,F M S,28,1485,6,6.046889369376004,5,5.289112162776291,2,1.9227150157094002,35,8,1,0,11.021495144814253,4.826903821900487
GER-Bundesliga,2021,Mainz 05,Robin Zentner,3,2020,125,449,GK,31,2790,0,0.02654840052127838,0,0.02654840052127838,0,0.0,1,0,2,0,3.073227761313319,3.046679360792041
GER-Bundesliga,2021,Mainz 05,Stefan Bell,3,2020,125,40,D,16,1279,1,0.4151512049138546,1,0.4151512049138546,1,0.7576949894428253,8,3,6,0,1.7018419578671455,1.6125405579805374
GER-Bundesliga,2021,Mainz 05,Ádám Szalai,3,2020,125,360,F S,18,727,1,2.556362822651863,1,2.556362822651863,0,0.40172780118882656,14,6,1,0,3.4106338061392307,0.614819310605526
GER-Bundesliga,2021,RasenBallsport Leipzig,Alexander Sørloth,3,2020,136,6531,F M S,29,1417,5,7.346802301704884,5,6.589025378227234,2,1.9975735060870647,48,27,2,0,9.90918456017971,3.161795577034354
GER-Bundesliga,2021,RasenBallsport Leipzig,Amadou Haidara,3,2020,136,7501,D F M S,31,1909,3,3.492761965841055,3,3.492761965841055,1,2.7209727270528674,42,35,4,0,11.410779979079962,6.280218498781323
GER-Bundesliga,2021,RasenBallsport Leipzig,Angelino,3,2020,136,1040,D F M S,26,2170,4,4.549379473552108,4,4.549379473552108,4,5.8101273868232965,35,53,2,0,13.65029652416706,7.40554310195148
GER-Bundesliga,2021,RasenBallsport Leipzig,Benjamin Henrichs,3,2020,136,435,D M S,13,531,0,0.2305911984294653,0,0.2305911984294653,1,0.5627266988158226,5,3,3,0,2.0802866742014885,1.3454446867108345
GER-Bundesliga,2021,RasenBallsport Leipzig,Christopher Nkunku,3,2020,136,3300,F M S,28,1890,6,7.504059938713908,6,7.504059938713908,6,7.618338754400611,55,71,2,0,17.105754286050797,7.340989783406258
GER-Bundesliga,2021,RasenBallsport Leipzig,Dani Olmo,3,2020,136,8292,F M S,32,2209,5,6.939714565873146,4,6.181937575340271,9,5.530818520113826,77,41,1,0,19.371167447417974,10.323801381513476
GER-Bundesliga,2021,RasenBallsport Leipzig,Dayotchanculle Upamecano,3,2020,136,5243,D S,29,2331,1,0.6993301026523113,1,0.6993301026523113,0,0.7828875873237848,13,8,6,0,10.337505333125591,10.177863337099552
GER-Bundesliga,2021,RasenBallsport Leipzig,Dennis Borkowski,3,2020,136,8502,S,2,9,0,0.0,0,0.0,0,0.0,0,0,0,0,0.04403569921851158,0.04403569921851158
GER-Bundesliga,2021,RasenBallsport Leipzig,Emil Forsberg,3,2020,136,5249,F M S,29,1566,7,5.906369206495583,5,3.6331162424758077,4,5.503673082217574,35,37,0,0,12.01655862107873,5.787226973101497
GER-Bundesliga,2021,RasenBallsport Leipzig,Hee-Chan Hwang,3,2020,136,8845,F M S,18,434,0,2.0261164950206876,0,2.0261164950206876,1,0.6018605176359415,10,3,2,0,2.678352316841483,0.5064239017665386
GER-Bundesliga,2021,RasenBallsport Leipzig,Ibrahima Konaté,3,2020,136,6326,D S,14,695,1,0.7968820035457611,1,0.7968820035457611,0,0.0,4,0,2,0,1.9508081041276455,1.9508081041276455
GER-Bundesliga,2021,RasenBallsport Leipzig,Joscha Wosz,3,2020,136,8962,S,2,30,0,0.0,0,0.0,0,0.0,0,0,0,0,0.0,0.0
GER-Bundesliga,2021,RasenBallsport Leipzig,Josep Martínez,3,2020,136,9052,GK,1,90,0,0.0,0,0.0,0,0.0,0,0,0,0,0.3004390001296997,0.3004390001296997
GER-Bundesliga,2021,RasenBallsport Leipzig,Justin Kluivert,3,2020,136,6963,D F M S,19,815,3,3.1955405389890075,3,3.1955405389890075,0,0.8727305177599192,18,12,2,0,4.584492281079292,0.5739196017384529
GER-Bundesliga,2021,RasenBallsport Leipzig,Kevin Kampl,3,2020,136,188,M S,27,1954,0,1.2179195061326027,0,1.2179195061326027,1,1.669129823334515,14,15,6,0,12.201567992568016,10.119178861379623
GER-Bundesliga,2021,RasenBallsport Leipzig,Konrad Laimer,3,2020,136,6109,D S,3,82,0,0.15075719729065895,0,0.15075719729065895,0,0.0,3,0,0,0,0.19760559871792793,0.04684840142726898
GER-Bundesliga,2021,RasenBallsport Leipzig,Lazar Samardzic,3,2020,136,8341,M S,7,193,0,0.017733000218868256,0,0.017733000218868256,1,0.7930982792750001,1,3,0,0,1.0074230059981346,0.20743479952216148
GER-Bundesliga,2021,RasenBallsport Leipzig,Lukas Klostermann,3,2020,136,5358,D S,23,1440,1,1.015958707779646,1,1.015958707779646,0,0.7593975011259317,12,5,2,0,7.4350674618035555,7.249286444857717
GER-Bundesliga,2021,RasenBallsport Leipzig,Marcel Halstenberg,3,2020,136,5254,D S,24,1650,2,2.175646962597966,1,1.4178705606609583,3,1.9904574817046523,14,28,2,0,9.169748090207577,7.5953942984342575
GER-Bundesliga,2021,RasenBallsport Leipzig,Marcel Sabitzer,3,2020,136,5248,M S,27,2041,8,7.702280420809984,4,4.671254281885922,3,2.892649285495281,60,30,8,0,13.024161607027054,6.877324588596821
GER-Bundesliga,2021,RasenBallsport Leipzig,Nordi Mukiele,3,2020,136,5659,D M S,28,1696,3,2.900100206024945,3,2.900100206024945,1,1.9217350520193577,21,11,5,0,7.940158700570464,5.496903823688626
GER-Bundesliga,2021,RasenBallsport Leipzig,Péter Gulácsi,3,2020,136,5241,GK,33,2970,0,0.0,0,0.0,0,0.0,0,0,0,0,5.143731449730694,5.143731449730694
GER-Bundesliga,2021,RasenBallsport Leipzig,Tyler Adams,3,2020,136,7352,D M S,27,1852,1,1.3859658017754555,1,1.3859658017754555,1,0.8873330187052488,7,14,3,0,8.371892359107733,6.737106043845415
GER-Bundesliga,2021,RasenBallsport Leipzig,Willi Orban,3,2020,136,5257,D S,29,2354,4,3.4941125977784395,4,3.4941125977784395,1,0.6733300043269992,22,7,4,0,8.901388732716441,8.138786545023322
GER-Bundesliga,2021,RasenBallsport Leipzig,Yussuf Poulsen,3,2020,136,5250,F S,27,1342,5,5.344542667269707,5,5.344542667269707,4,1.9948575086891651,44,14,1,0,7.555302873253822,2.9530248939990997
GER-Bundesliga,2021,Schalke 04,Ahmed Kutucu,3,2020,124,7309,S,7,94,0,0.05933750048279762,0,0.05933750048279762,0,0.0,1,0,1,0,0.13754970021545887,0.07821219973266125
GER-Bundesliga,2021,Schalke 04,Alessandro Schöpf,3,2020,124,2638,D M S,19,944,0,0.40013809502124786,0,0.40013809502124786,0,0.2265000995248556,10,4,0,0,1.5772768780589104,1.1910833958536386
GER-Bundesliga,2021,Schalke 04,Amine Harit,3,2020,124,5717,F M S,28,2123,2,1.570903996936977,2,1.570903996936977,5,4.626862993463874,22,50,4,0,7.832757381722331,3.475557617843151
GER-Bundesliga,2021,Schalke 04,Bastian Oczipka,3,2020,124,285,D M S,27,1916,0,0.22572240512818098,0,0.22572240512818098,2,1.7427622489631176,7,24,1,0,4.2437181212008,3.403090748935938
GER-Bundesliga,2021,Schalke 04,Benito Raman,3,2020,124,7059,F M S,25,1245,2,2.469737741164863,2,2.469737741164863,0,1.3358156830072403,26,14,2,0,3.6506886538118124,0.8288288014009595
GER-Bundesliga,2021,Schalke 04,Benjamin Stambouli,3,2020,124,3290,D M S,24,1961,0,0.042811399325728416,0,0.042811399325728416,2,0.6104598445817828,2,8,5,0,3.3181265369057655,2.7969325967133045
GER-Bundesliga,2021,Schalke 04,Blendi Idrizi,3,2020,124,9526,M,3,246,1,0.4066135063767433,1,0.4066135063767433,0,0.30297601222991943,4,1,1,0,1.1085455194115639,0.3989560008049011
GER-Bundesliga,2021,Schalke 04,Can Bozdogan,3,2020,124,8406,M S,14,644,0,0.5598327871412039,0,0.5598327871412039,1,1.0119738709181547,8,5,0,0,1.9322264026850462,1.2332348078489304
GER-Bundesliga,2021,Schalke 04,Florian Flick,3,2020,124,9412,M,4,360,1,0.3989560008049011,1,0.3989560008049011,0,0.0,1,0,1,0,0.7769250050187111,0.3779687061905861
GER-Bundesliga,2021,Schalke 04,Frederik Rönnow,3,2020,124,7048,GK S,11,943,0,0.0,0,0.0,0,0.0,0,0,0,0,0.2014959016814828,0.2014959016814828
GER-Bundesliga,2021,Schalke 04,Gonçalo Paciência,3,2020,124,7051,F S,15,746,1,1.4434790145605803,1,1.4434790145605803,1,0.7751580104231834,22,4,2,0,2.0544080156832933,0.23163800686597824
GER-Bundesliga,2021,Schalke 04,Hamza Mendyl,3,2020,124,5728,M S,3,95,0,0.061100300401449203,0,0.061100300401449203,0,0.0,1,0,1,0,0.07932040095329285,0.018219999969005585
GER-Bundesliga,2021,Schalke 04,Henning Matriciani,3,2020,124,9529,S,1,21,0,0.0,0,0.0,0,0.0,0,0,0,0,0.0,0.0
GER-Bundesliga,2021,Schalke 04,Jan-Luca Schuler,3,2020,124,9161,S,2,37,0,0.026554599404335022,0,0.026554599404335022,0,0.0,1,0,0,0,0.026554599404335022,0.0
GER-Bundesliga,2021,Schalke 04,Jimmy Adrian Kaparos,3,2020,124,9507,S,1,15,0,0.0,0,0.0,0,0.0,0,0,0,0,0.0,0.0
GER-Bundesliga,2021,Schalke 04,Kerim Çalhanoglu,3,2020,124,9162,D M,4,299,0,0.07469789683818817,0,0.07469789683818817,0,0.0,1,0,0,0,0.08968300372362137,0.014985100366175175
GER-Bundesliga,2021,Schalke 04,Kilian Ludewig,3,2020,124,9028,D M,6,525,0,0.0,0,0.0,0,0.2577968966215849,0,5,1,0,0.7200534008443356,0.5457694977521896
GER-Bundesliga,2021,Schalke 04,Klaas-Jan Huntelaar,3,2020,124,340,F S,9,600,2,3.8373781740665436,2,3.079758197069168,1,0.47670070081949234,13,5,2,0,3.2666079849004745,0.5458663031458855
GER-Bundesliga,2021,Schalke 04,Malick Thiaw,3,2020,124,8378,D S,19,1448,1,0.8393757464364171,1,0.8393757464364171,0,0.09782660007476807,8,2,3,1,1.4605458984151483,1.314339299686253
GER-Bundesliga,2021,Schalke 04,Mark Uth,3,2020,124,88,F M S,20,1499,3,2.927986714988947,3,2.927986714988947,1,1.4407714512199163,35,21,5,0,5.1600733157247305,2.2455962719395757
GER-Bundesliga,2021,Schalke 04,Matija Nastasic,3,2020,124,451,D S,15,1223,0,0.34017079696059227,0,0.34017079696059227,0,0.050198398530483246,7,1,2,0,1.4538401998579502,1.4538401998579502
GER-Bundesliga,2021,Schalke 04,Matthew Hoppe,3,2020,124,9160,F S,22,1315,6,3.4485140815377235,6,3.4485140815377235,1,0.7646889947354794,20,8,3,0,4.6318444237113,0.5462505016475916
GER-Bundesliga,2021,Schalke 04,Mehmet Can Aydin,3,2020,124,9427,D M,6,505,0,0.011257600039243698,0,0.011257600039243698,0,0.6023560166358948,1,1,0,0,1.2480756305158138,0.6344620138406754
GER-Bundesliga,2021,Schalke 04,Michael Langer,3,2020,124,7220,GK S,3,239,0,0.0,0,0.0,0,0.0,0,0,0,0,0.01913139969110489,0.01913139969110489
GER-Bundesliga,2021,Schalke 04,Mikail Maden,3,2020,124,9426,S,1,5,0,0.0,0,0.0,0,0.0,0,0,0,0,0.0,0.0
GER-Bundesliga,2021,Schalke 04,Münir Mercan,3,2020,124,7833,S,1,2,0,0.0,0,0.0,0,0.0,0,0,0,0,0.0,0.0
GER-Bundesliga,2021,Schalke 04,Nabil Bentaleb,3,2020,124,914,M S,9,546,0,0.7577769756317139,0,0.0,0,0.038437601178884506,1,1,2,0,0.19623080361634493,0.15779320057481527
GER-Bundesliga,2021,Schalke 04,Nassim Boujellab,3,2020,124,7522,F M S,12,604,1,1.3095948994159698,1,1.3095948994159698,0,0.20345591008663177,14,3,2,0,1.8839144110679626,0.3921425938606262
GER-Bundesliga,2021,Schalke 04,Omar Mascarell,3,2020,124,2456,M S,24,1765,1,0.29579179640859365,1,0.29579179640859365,1,0.36523500084877014,10,6,6,0,3.6569963796064258,3.4526177970692515
GER-Bundesliga,2021,Schalke 04,Ozan Kabak,3,2020,124,7376,D,14,1251,0,0.9714214000850916,0,0.9714214000850916,0,0.32194359973073006,12,4,4,1,1.7708488758653402,1.5819490980356932
GER-Bundesliga,2021,Schalke 04,Rabbi Matondo,3,2020,124,7394,F M,3,223,0,0.0,0,0.0,0,0.16415410116314888,0,3,0,0,0.19743330031633377,0.03327919915318489
GER-Bundesliga,2021,Schalke 04,Ralf Fährmann,3,2020,124,330,GK,22,1878,0,0.1326960027217865,0,0.1326960027217865,0,0.04956579953432083,1,2,2,0,1.9803992956876755,1.9308334961533546
GER-Bundesliga,2021,Schalke 04,Salif Sané,3,2020,124,96,D S,14,1063,0,0.28767140209674835,0,0.28767140209674835,0,0.9368167985230684,7,5,5,0,2.1687081046402454,1.5044747032225132
GER-Bundesliga,2021,Schalke 04,Sead Kolasinac,3,2020,124,342,D M S,17,1427,1,0.603231986053288,1,0.603231986053288,1,1.1752550229430199,6,13,5,0,3.8103417195379734,2.3815275598317385
GER-Bundesliga,2021,Schalke 04,Shkodran Mustafi,3,2020,124,1699,D S,13,1032,1,0.7400052603334188,1,0.7400052603334188,0,0.018713099882006645,9,1,1,0,0.7326758978888392,0.6722997920587659
GER-Bundesliga,2021,Schalke 04,Steven Skrzybski,3,2020,124,7054,F M S,13,392,0,0.9617210309952497,0,0.2039446048438549,0,0.1504611074924469,8,2,2,0,0.5221204161643982,0.17934630438685417
GER-Bundesliga,2021,Schalke 04,Suat Serdar,3,2020,124,307,M S,25,1960,1,1.9296696577221155,1,1.9296696577221155,3,1.4970218054950237,32,15,3,0,5.947434591129422,3.3817505836486816
GER-Bundesliga,2021,Schalke 04,Timo Becker,3,2020,124,8148,D M S,20,1641,0,0.14638550207018852,0,0.14638550207018852,0,0.39004718884825706,5,3,1,0,1.31146889179945,1.2232561856508255
GER-Bundesliga,2021,Schalke 04,Vasilis Pavlidis,3,2020,124,9443,S,1,1,0,0.0,0,0.0,0,0.0,0,0,0,0,0.0,0.0
GER-Bundesliga,2021,Schalke 04,Vedad Ibisevic,3,2020,124,29,F S,4,148,0,0.989093005657196,0,0.989093005657196,0,0.05729999952018261,2,2,1,0,1.0659402385354042,0.019545700401067734
GER-Bundesliga,2021,Schalke 04,William,3,2020,124,6229,D F M S,10,484,0,0.18336049932986498,0,0.18336049932986498,0,0.019767800346016884,4,1,2,0,0.5396014964208007,0.3364729881286621
GER-Bundesliga,2021,Union Berlin,Akaki Gogia,3,2020,240,7995,S,7,129,0,0.14672200195491314,0,0.14672200195491314,1,0.6470530852675438,2,2,1,0,1.018820896744728,0.2250458002090454
GER-Bundesliga,2021,Union Berlin,Andreas Luthe,3,2020,240,5260,GK,31,2770,0,0.0,0,0.0,0,0.0,0,0,1,0,2.4964243099093437,2.4964243099093437
GER-Bundesliga,2021,Union Berlin,Cedric Teuchert,3,2020,240,6522,F M S,24,718,3,3.634605288505554,3,3.634605288505554,1,0.9422438852488995,24,8,2,0,5.573095675557852,1.4393297582864761
GER-Bundesliga,2021,Union Berlin,Christian Gentner,3,2020,240,60,M S,22,1040,0,0.23620720207691193,0,0.23620720207691193,0,0.9604295855388045,7,8,0,0,2.875162784010172,2.4097301065921783
GER-Bundesliga,2021,Union Berlin,Christopher Lenz,3,2020,240,7876,D M,27,2269,0,1.0040534967556596,0,1.0040534967556596,3,2.4214490996673703,16,19,3,0,8.98623538017273,6.291517427191138
GER-Bundesliga,2021,Union Berlin,Christopher Trimmel,3,2020,240,7875,D M S,31,2589,1,0.32902859430760145,1,0.32902859430760145,9,5.423837861977518,8,59,9,0,8.519934692420065,5.866681293584406
GER-Bundesliga,2021,Union Berlin,Florian Hübner,3,2020,240,6097,D,6,526,0,0.10995319858193398,0,0.10995319858193398,0,0.03524630144238472,3,1,3,0,1.5014341790229082,1.4544975813478231
GER-Bundesliga,2021,Union Berlin,Grischa Prömel,3,2020,240,4340,M S,24,1844,3,1.809668711386621,3,1.809668711386621,1,1.2330125784501433,20,9,7,0,6.768799351528287,4.530772181227803
GER-Bundesliga,2021,Union Berlin,Joshua Mees,3,2020,240,7885,S,1,3,0,0.06336659938097,0,0.06336659938097,0,0.0,2,0,0,0,0.015080000273883343,0.0
GER-Bundesliga,2021,Union Berlin,Julian Ryerson,3,2020,240,7997,D M S,24,1060,0,0.25284360349178314,0,0.25284360349178314,1,0.9611095366999507,6,8,2,0,4.169000456575304,3.6286298423074186
GER-Bundesliga,2021,Union Berlin,Keita Endo,3,2020,240,8951,M S,16,433,1,1.5071736127138138,1,1.5071736127138138,0,1.7034720815718174,8,7,0,0,3.108044099062681,1.342446193099022
GER-Bundesliga,2021,Union Berlin,Leon Dajaku,3,2020,240,7266,S,2,34,0,0.0,0,0.0,0,0.0,0,0,0,0,0.029092099517583847,0.029092099517583847
GER-Bundesliga,2021,Union Berlin,Loris Karius,3,2020,240,37,GK S,4,290,0,0.0,0,0.0,0,0.0,0,0,0,0,0.6107323132455349,0.6107323132455349
GER-Bundesliga,2021,Union Berlin,Marcus Ingvartsen,3,2020,240,7883,F M S,30,1989,3,3.940165899693966,3,3.1824697740375996,5,2.5287782046943903,38,24,4,0,8.522312108427286,4.476009886711836
GER-Bundesliga,2021,Union Berlin,Marius Bülter,3,2020,240,7879,F M S,26,946,1,1.2030904861167073,1,1.2030904861167073,0,0.7493373826146126,17,11,1,0,4.473834436386824,2.681287221610546
GER-Bundesliga,2021,Union Berlin,Marvin Friedrich,3,2020,240,370,D,34,3060,5,1.343096498399973,5,1.343096498399973,1,1.326512597501278,25,14,1,0,8.58821923378855,7.896771243773401
GER-Bundesliga,2021,Union Berlin,Max Kruse,3,2020,240,155,F M S,22,1648,11,7.4497113805264235,6,2.903214318677783,5,4.152542179450393,30,37,0,0,9.334405198693275,4.0433649234473705
GER-Bundesliga,2021,Union Berlin,Nico Schlotterbeck,3,2020,240,7485,D S,16,1291,1,1.5938234189525247,1,1.5938234189525247,0,0.48167038708925247,22,3,2,1,3.7942549288272858,2.9070780128240585
GER-Bundesliga,2021,Union Berlin,Niko Gießelmann,3,2020,240,7056,D S,13,413,0,0.09224486211314797,0,0.09224486211314797,0,0.19372190162539482,4,3,3,0,0.9265856919810176,0.7173138847574592
GER-Bundesliga,2021,Union Berlin,Petar Musa,3,2020,240,9327,F S,14,710,1,3.501419886946678,1,3.501419886946678,3,1.1430505961179733,17,10,2,0,4.8769359812140465,0.30353860184550285
GER-Bundesliga,2021,Union Berlin,Robert Andrich,3,2020,240,7877,M,29,2529,5,2.3250317201018333,5,2.3250317201018333,2,1.9729619706049562,41,20,5,1,11.184412397444248,7.768359644338489
GER-Bundesliga,2021,Union Berlin,Robin Knoche,3,2020,240,161,D,34,3044,1,1.1276934742927551,1,1.1276934742927551,0,0.15168629866093397,12,4,4,0,7.90604979544878,7.25993693061173
GER-Bundesliga,2021,Union Berlin,Sebastian Griesbeck,3,2020,240,8801,M S,24,864,0,0.4123524120077491,0,0.4123524120077491,0,0.0,4,0,3,0,1.0921329138800502,0.6797806080430746
GER-Bundesliga,2021,Union Berlin,Sheraldo Becker,3,2020,240,7882,F M S,18,1125,3,1.5635078512132168,3,1.5635078512132168,3,3.85877588018775,31,18,2,0,5.874143165536225,1.0159601951017976
GER-Bundesliga,2021,Union Berlin,Taiwo Awoniyi,3,2020,240,7814,F S,21,1376,5,6.514472082257271,5,6.514472082257271,2,1.2689972091466188,29,20,0,0,7.922865437343717,1.548149587586522
GER-Bundesliga,2021,Union Berlin,Tim Maciejewski,3,2020,240,9100,S,1,3,0,0.0,0,0.0,0,0.0,0,0,0,0,0.0,0.0
GER-Bundesliga,2021,VfB Stuttgart,Alkhaly Momo Cissé,3,2020,133,8811,S,5,25,0,0.0,0,0.0,0,0.015957200899720192,0,1,1,0,0.015957200899720192,0.0
GER-Bundesliga,2021,VfB Stuttgart,Atakan Karazor,3,2020,133,8878,D M S,19,1018,0,0.10630830097943544,0,0.10630830097943544,0,0.10947100073099136,3,2,3,0,1.9549248106777668,1.8340598158538342
GER-Bundesliga,2021,VfB Stuttgart,Borna Sosa,3,2020,133,7075,D M S,26,2057,0,0.5653818966820836,0,0.5653818966820836,9,6.850907186046243,14,57,2,0,9.373659269884229,4.801307614892721
GER-Bundesliga,2021,VfB Stuttgart,Daniel Didavi,3,2020,133,300,F M S,23,968,4,2.87759274430573,4,2.87759274430573,3,2.923883318901062,23,26,2,0,6.49139915779233,2.219109097495675
GER-Bundesliga,2021,VfB Stuttgart,Darko Churlinov,3,2020,133,7790,S,14,192,0,0.1312578022480011,0,0.1312578022480011,1,0.7045630216598511,2,3,0,0,1.5751136224716902,0.7392925042659044
GER-Bundesliga,2021,VfB Stuttgart,Erik Thommy,3,2020,133,2676,D F M S,8,312,0,0.45985119603574276,0,0.45985119603574276,2,0.8155241794884205,12,5,0,0,1.4215834978967905,0.35273949801921844
GER-Bundesliga,2021,VfB Stuttgart,Fabian Bredlow,3,2020,133,7030,GK,1,90,0,0.0,0,0.0,0,0.0,0,0,0,0,0.6642630100250244,0.6642630100250244
GER-Bundesliga,2021,VfB Stuttgart,Gonzalo Castro,3,2020,133,316,M S,26,1765,4,3.449237296357751,4,3.449237296357751,2,2.8416578574106097,31,42,9,0,9.100421667098999,4.621512320358306
GER-Bundesliga,2021,VfB Stuttgart,Gregor Kobel,3,2020,133,5288,GK,33,2970,0,0.0,0,0.0,0,0.02443609945476055,0,1,0,0,3.34672658611089,3.3222904866561294
GER-Bundesliga,2021,VfB Stuttgart,Hamadi Al Ghaddioui,3,2020,133,8810,S,6,33,0,0.28859201073646545,0,0.28859201073646545,0,0.0,1,0,0,0,0.3241655118763447,0.03557350113987923
GER-Bundesliga,2021,VfB Stuttgart,Konstantinos Mavropanos,3,2020,133,6722,D S,21,1483,0,1.4463736219331622,0,1.4463736219331622,0,0.2700486071407795,16,5,5,0,3.634773383848369,2.8417366594076157
GER-Bundesliga,2021,VfB Stuttgart,Lilian Egloff,3,2020,133,8987,S,2,13,0,0.0,0,0.0,0,0.0,0,0,0,0,0.0,0.0
GER-Bundesliga,2021,VfB Stuttgart,Luca Mack,3,2020,133,8988,S,1,3,0,0.0,0,0.0,0,0.0,0,0,0,0,0.0,0.0
GER-Bundesliga,2021,VfB Stuttgart,Marc-Oliver Kempf,3,2020,133,4291,D,32,2737,2,1.2897396804764867,2,1.2897396804764867,1,0.4024337064474821,18,10,5,0,8.512182772159576,8.085765816271305
GER-Bundesliga,2021,VfB Stuttgart,Marcin Kaminski,3,2020,133,6085,D S,5,221,0,0.11030450090765953,0,0.11030450090765953,0,0.31514811143279076,2,2,0,0,1.596630036830902,1.2814820110797882
GER-Bundesliga,2021,VfB Stuttgart,Mateo Klimowicz,3,2020,133,8809,F M S,25,1190,1,3.163387255743146,1,3.163387255743146,1,0.7689842050895095,33,16,1,0,6.4599866066128016,2.8071457762271166
GER-Bundesliga,2021,VfB Stuttgart,Mohamed Sankoh,3,2020,133,9494,S,1,15,0,0.0,0,0.0,0,0.0,0,0,0,0,0.0,0.0
GER-Bundesliga,2021,VfB Stuttgart,Naouirou Ahamada,3,2020,133,9274,M S,6,252,0,0.21398639678955078,0,0.21398639678955078,0,0.01823519915342331,5,1,2,1,0.6984840724617243,0.466262886300683
GER-Bundesliga,2021,VfB Stuttgart,Nicolás González,3,2020,133,7074,F M S,15,927,6,7.307773096486926,3,4.276910213753581,2,1.9631133861839771,50,12,5,0,6.833210181444883,1.5357225369662046
GER-Bundesliga,2021,VfB Stuttgart,Orel Mangala,3,2020,133,6088,M,24,2110,1,1.1603699903935194,1,1.1603699903935194,3,1.7411156902089715,25,20,4,0,9.723053880035877,7.243282813578844
GER-Bundesliga,2021,VfB Stuttgart,Pascal Stenzel,3,2020,133,326,D S,23,1276,0,0.15152864251285791,0,0.15152864251285791,1,0.24667680263519287,5,4,1,1,5.433524057269096,5.278133809566498
GER-Bundesliga,2021,VfB Stuttgart,Philipp Förster,3,2020,133,9076,F M S,25,1522,3,4.180548965930939,3,3.422768920660019,1,2.8633682476356626,20,28,4,0,9.670575151219964,4.845603851601481
GER-Bundesliga,2021,VfB Stuttgart,Philipp Klement,3,2020,133,409,M S,18,395,1,0.23920399695634842,1,0.23920399695634842,2,1.3031050972640514,7,18,0,0,1.7787161469459534,1.4669393114745617
GER-Bundesliga,2021,VfB Stuttgart,Roberto Massimo,3,2020,133,8806,D S,18,741,0,1.1558714136481285,0,1.1558714136481285,0,1.1253090649843216,15,8,2,0,3.1631598621606827,0.9168732147663832
GER-Bundesliga,2021,VfB Stuttgart,Sasa Kalajdzic,3,2020,133,8812,F S,33,2146,16,11.238244386389852,16,11.238244386389852,5,3.236812736839056,66,26,1,0,15.1655996683985,3.606147755868733
GER-Bundesliga,2021,VfB Stuttgart,Silas Wamangituka,3,2020,133,8807,D F M S,25,1949,11,7.378054324537516,8,5.104732206556946,4,4.952733667567372,45,23,6,0,12.174139093607664,2.1469371523708105
GER-Bundesliga,2021,VfB Stuttgart,Tanguy Coulibaly,3,2020,133,8813,D F M S,31,1511,2,2.7468419540673494,2,2.7468419540673494,1,2.7576280795037746,25,15,2,0,8.841942237690091,4.064557071775198
GER-Bundesliga,2021,VfB Stuttgart,Waldemar Anton,3,2020,133,106,D S,31,2712,0,1.014601580798626,0,1.014601580798626,1,0.7546115890145302,12,9,3,0,7.868185463361442,7.215300959534943
GER-Bundesliga,2021,VfB Stuttgart,Wataru Endo,3,2020,133,8808,M,33,2959,3,2.369830614887178,3,2.369830614887178,3,1.996662664692849,28,26,5,0,14.50840612500906,12.522141143679619
GER-Bundesliga,2021,Werder Bremen,Christian Groß,3,2020,123,7815,D M S,23,1477,0,0.2194811999797821,0,0.2194811999797821,1,0.5989409890025854,7,6,6,1,3.310945250093937,2.98593539185822
GER-Bundesliga,2021,Werder Bremen,Davie Selke,3,2020,123,4280,F S,23,786,3,3.762144638225436,2,3.004448665305972,0,0.38879120722413063,28,8,4,0,3.169440370053053,0.6270286981016397
GER-Bundesliga,2021,Werder Bremen,Davy Klaassen,3,2020,123,6045,M,3,230,0,0.13578280434012413,0,0.13578280434012413,0,0.026190999895334244,4,1,1,0,0.15646499395370483,0.050912998616695404
GER-Bundesliga,2021,Werder Bremen,Eren Sami Dinkci,3,2020,123,9201,M S,8,95,1,0.6313093286007643,1,0.6313093286007643,0,0.14069749787449837,3,3,0,1,0.8470008336007595,0.10666719824075699
GER-Bundesliga,2021,Werder Bremen,Felix Agu,3,2020,123,8804,D S,15,691,1,0.7193609774112701,1,0.7193609774112701,0,0.4314043000340462,4,3,0,0,1.9036422744393349,0.7528759017586708
GER-Bundesliga,2021,Werder Bremen,Ilia Gruev,3,2020,123,8000,S,1,1,0,0.0,0,0.0,0,0.0,0,0,0,0,0.0,0.0
GER-Bundesliga,2021,Werder Bremen,Jean-Manuel Mbom,3,2020,123,7431,D M S,21,1168,0,0.37783199921250343,0,0.37783199921250343,1,0.42456309124827385,7,8,7,0,1.5225088000297546,0.7738072033971548
GER-Bundesliga,2021,Werder Bremen,Jiri Pavlenka,3,2020,123,6082,GK,34,3060,0,0.0,0,0.0,0,0.0,0,0,2,0,2.355496881529689,2.355496881529689
GER-Bundesliga,2021,Werder Bremen,Johannes Eggestein,3,2020,123,6084,S,2,28,0,0.0,0,0.0,0,0.01775049977004528,0,1,0,0,0.01775049977004528,0.0
GER-Bundesliga,2021,Werder Bremen,Joshua Sargent,3,2020,123,7295,F M S,32,2541,5,5.817104505375028,5,5.817104505375028,2,3.8093943586573005,43,33,7,0,9.158627063035965,1.8502658195793629
GER-Bundesliga,2021,Werder Bremen,Kevin Möhwald,3,2020,123,7044,M S,27,1578,5,1.7985939159989357,5,1.7985939159989357,1,0.6334564816206694,23,10,2,1,3.867029432207346,2.233619318343699
GER-Bundesliga,2021,Werder Bremen,Leonardo Bittencourt,3,2020,123,262,F M S,27,1535,4,3.81171421892941,3,3.0539381969720125,1,0.8802236896008253,43,17,3,0,5.218877417966723,2.1515041776001453
GER-Bundesliga,2021,Werder Bremen,Ludwig Augustinsson,3,2020,123,6083,D M S,23,1964,0,0.8761180099099874,0,0.8761180099099874,4,3.1245230389758945,16,40,4,0,4.170852204784751,2.9412509221583605
GER-Bundesliga,2021,Werder Bremen,Marco Friedl,3,2020,123,5340,D S,32,2788,0,0.2602999252267182,0,0.2602999252267182,0,0.3637816961854696,8,8,6,0,4.585025361739099,4.388330090790987
GER-Bundesliga,2021,Werder Bremen,Maximilian Eggestein,3,2020,123,125,M,33,2944,2,1.007947693578899,2,1.007947693578899,5,3.1176403304561973,22,29,5,0,9.22166282683611,6.8857447896152735
GER-Bundesliga,2021,Werder Bremen,Milos Veljkovic,3,2020,123,2691,D S,23,1723,0,0.641745887696743,0,0.641745887696743,0,0.02745320089161396,3,1,1,0,2.0982574969530106,2.0039637964218855
GER-Bundesliga,2021,Werder Bremen,Milot Rashica,3,2020,123,6523,F M S,24,1453,3,3.689990196377039,2,2.932213205844164,1,1.6211802242323756,43,19,0,0,6.568546002730727,2.9783032834529877
GER-Bundesliga,2021,Werder Bremen,Nick Woltemade,3,2020,123,8117,M S,6,138,0,0.32912619784474373,0,0.32912619784474373,0,0.11958839930593967,5,3,1,0,0.593024093657732,0.144308902323246
GER-Bundesliga,2021,Werder Bremen,Niclas Füllkrug,3,2020,123,6098,F M S,19,875,6,5.049042731523514,4,3.5335707664489746,0,0.2071332037448883,35,5,1,0,3.1787083223462105,1.0755869951099157
GER-Bundesliga,2021,Werder Bremen,Niklas Moisander,3,2020,123,1936,D S,18,1211,0,0.0,0,0.0,0,0.035986701026558876,0,2,3,0,1.830049630254507,1.8174866400659084
GER-Bundesliga,2021,Werder Bremen,Patrick Erras,3,2020,123,7040,S,4,22,0,0.0,0,0.0,0,0.029204199090600014,0,1,0,0,0.037103500217199326,0.037103500217199326
GER-Bundesliga,2021,Werder Bremen,Philipp Bargfrede,3,2020,123,114,S,1,24,0,0.0,0,0.0,0,0.0,0,0,0,0,0.19017599523067474,0.19017599523067474
GER-Bundesliga,2021,Werder Bremen,Romano Schmid,3,2020,123,9069,F M S,22,1182,0,0.626795805990696,0,0.626795805990696,3,1.530704390257597,18,16,2,0,3.911596653982997,2.4249870032072067
GER-Bundesliga,2021,Werder Bremen,Tahith Chong,3,2020,123,7439,F M S,13,378,0,0.328814497217536,0,0.328814497217536,1,0.7071620263159275,9,6,1,0,1.3429810144007206,0.859144926071167
GER-Bundesliga,2021,Werder Bremen,Theodor Gebre Selassie,3,2020,123,110,D M,34,3034,3,1.2961490768939257,3,1.2961490768939257,1,1.220303876325488,19,18,3,0,6.43692172318697,4.698421811684966
GER-Bundesliga,2021,Werder Bremen,Yuya Osako,3,2020,123,135,F M S,24,742,0,0.4499014038592577,0,0.4499014038592577,1,1.2267067208886147,10,10,3,0,2.4322572965174913,0.8417780064046383
GER-Bundesliga,2021,Werder Bremen,Ömer Toprak,3,2020,123,184,D S,26,1959,2,0.8092715702950954,2,0.8092715702950954,0,0.023549899458885193,10,1,1,0,1.3766507105901837,1.3650086121633649
GER-Bundesliga,2021,Wolfsburg,Admir Mehmedi,3,2020,131,194,F M S,18,814,0,0.35131360962986946,0,0.35131360962986946,2,2.519929375499487,7,18,1,0,4.425206968560815,2.529821889474988
GER-Bundesliga,2021,Wolfsburg,Bartosz Bialek,3,2020,131,8855,F S,19,243,2,2.1355897784233093,2,2.1355897784233093,0,0.14988400042057037,8,3,1,0,2.645959310233593,1.535925786010921
GER-Bundesliga,2021,Wolfsburg,Daniel Ginczek,3,2020,131,426,F S,11,198,0,0.2503475062549114,0,0.2503475062549114,0,0.1912692990154028,4,3,0,0,0.6148801147937775,0.33377560414373875
GER-Bundesliga,2021,Wolfsburg,Felix Klaus,3,2020,131,350,D S,6,126,0,0.011941500008106232,0,0.011941500008106232,0,0.0,1,0,0,0,0.6438085846602917,0.6318670846521854
GER-Bundesliga,2021,Wolfsburg,Joao Victor,3,2020,131,7784,F M S,21,442,1,0.442928995937109,1,0.442928995937109,1,1.1767492853105068,10,11,0,0,1.9760361090302467,0.635908106341958
GER-Bundesliga,2021,Wolfsburg,John Brooks,3,2020,131,22,D S,32,2774,2,1.9191456772387028,2,1.9191456772387028,0,0.21855300292372704,19,6,5,0,8.991370817646384,8.848780347034335
GER-Bundesliga,2021,Wolfsburg,Josip Brekalo,3,2020,131,5353,F M S,29,1840,7,4.4268175438046455,7,4.4268175438046455,3,3.947897493839264,47,37,1,0,10.59905712865293,4.949749119579792
GER-Bundesliga,2021,Wolfsburg,Josuha Guilavogui,3,2020,131,150,D M S,20,723,0,0.6147407870739698,0,0.6147407870739698,0,0.6664014682173729,5,5,3,0,2.833741959184408,2.6238787584006786
GER-Bundesliga,2021,Wolfsburg,Jérôme Roussillon,3,2020,131,3339,D S,20,1236,0,0.8446734957396984,0,0.8446734957396984,2,1.9913508044555783,10,16,0,0,5.678021861240268,3.6631679218262434
GER-Bundesliga,2021,Wolfsburg,Kevin Mbabu,3,2020,131,983,D S,22,1645,0,0.6892770091071725,0,0.6892770091071725,1,1.8968015238642693,11,15,7,0,5.747020600363612,4.2300063110888
GER-Bundesliga,2021,Wolfsburg,Koen Casteels,3,2020,131,159,GK,32,2880,0,0.0,0,0.0,0,0.0,0,0,0,0,5.605609582737088,5.605609582737088
GER-Bundesliga,2021,Wolfsburg,Marin Pongracic,3,2020,131,8303,D S,10,583,0,0.07381600141525269,0,0.07381600141525269,0,0.0,1,0,0,1,0.9748106123879552,0.9748106123879552
GER-Bundesliga,2021,Wolfsburg,Maxence Lacroix,3,2020,131,8853,D S,30,2589,1,1.4924166649580002,1,1.4924166649580002,1,0.24274310655891895,16,4,4,0,9.67369775660336,9.589104788377881
GER-Bundesliga,2021,Wolfsburg,Maximilian Arnold,3,2020,131,153,M,30,2596,3,2.0052393339574337,3,2.0052393339574337,6,4.414873599074781,55,49,7,1,10.824792006984353,8.328871803358197
GER-Bundesliga,2021,Wolfsburg,Maximilian Philipp,3,2020,131,4247,M S,24,1129,6,3.5855443216860294,6,3.5855443216860294,2,0.8755121044814587,30,14,3,0,5.242055645212531,1.3832858875393867
GER-Bundesliga,2021,Wolfsburg,Omar Marmoush,3,2020,131,8393,S,1,1,0,0.0,0,0.0,0,0.0,0,0,0,0,0.0,0.0
GER-Bundesliga,2021,Wolfsburg,Paulo Otávio,3,2020,131,8213,D S,23,1734,0,0.45703860092908144,0,0.45703860092908144,2,1.3716848054900765,14,13,7,1,5.089524500072002,3.379223106428981
GER-Bundesliga,2021,Wolfsburg,Pavao Pervan,3,2020,131,7053,GK,2,180,0,0.0,0,0.0,0,0.0,0,0,0,0,0.05076700076460838,0.05076700076460838
GER-Bundesliga,2021,Wolfsburg,Renato Steffen,3,2020,131,6484,D M S,21,1594,5,4.376282874494791,5,4.376282874494791,4,3.0528148664161563,30,22,3,0,11.86967140249908,5.752101473510265
GER-Bundesliga,2021,Wolfsburg,Tim Siersleben,3,2020,131,8854,S,1,32,0,0.0688479021191597,0,0.0688479021191597,0,0.0,1,0,0,0,0.0,0.0
GER-Bundesliga,2021,Wolfsburg,Wout Weghorst,3,2020,131,7052,F S,34,2954,20,18.310400219634175,18,16.03706214018166,8,5.427310448139906,93,45,3,0,24.294328788295388,5.9548529498279095
GER-Bundesliga,2021,Wolfsburg,Xaver Schlager,3,2020,131,7783,M S,32,2651,2,2.6503377333283424,2,2.6503377333283424,4,3.817872976884246,49,24,7,0,13.22123559564352,7.699162695556879
GER-Bundesliga,2021,Wolfsburg,Yannick Gerhardt,3,2020,131,140,D M S,29,1924,2,3.7495582550764084,2,3.7495582550764084,4,3.4470597486943007,31,23,3,0,9.541179701685905,3.3395404778420925
GER-Bundesliga,2021,Wolfsburg,Yunus Malli,3,2020,131,45,M,1,60,0,0.0,0,0.0,0,0.11282899975776672,0,2,0,0,0.13426800072193146,0.021439099684357643
GER-Bundesliga,2122,Arminia Bielefeld,Alessandro Schöpf,3,2021,262,2638,M S,31,2427,1,2.0364049496129155,1,2.0364049496129155,0,2.7078188098967075,35,44,1,1,6.2685681078583,3.030284184962511
GER-Bundesliga,2122,Arminia Bielefeld,Amos Pieper,3,2021,262,7320,D,27,2385,0,0.7364614009857178,0,0.7364614009857178,0,0.25944479927420616,14,5,2,0,2.0512767676264048,1.8053784687072039
GER-Bundesliga,2122,Arminia Bielefeld,Andrés Andrade,3,2021,262,9995,D S,17,1037,0,0.17710969783365726,0,0.17710969783365726,0,0.15802538068965077,7,4,4,0,1.21721329446882,1.0997061179950833
GER-Bundesliga,2122,Arminia Bielefeld,Bryan Lasme,3,2021,262,9727,F M S,23,851,2,0.8134284056723118,2,0.8134284056723118,0,0.40296869445592165,13,7,2,0,1.6470026848837733,0.6279804203659296
GER-Bundesliga,2122,Arminia Bielefeld,Burak Ince,3,2021,262,10370,F S,5,131,0,0.4305177964270115,0,0.4305177964270115,0,0.04000930115580559,4,1,0,0,0.5023528933525085,0.03182550147175789
GER-Bundesliga,2122,Arminia Bielefeld,Cédric Brunner,3,2021,262,8794,D S,27,2202,0,0.21000249683856964,0,0.21000249683856964,1,1.6642090138047934,10,16,6,0,3.8847422981634736,2.0919177206233144
GER-Bundesliga,2122,Arminia Bielefeld,Edimilson Fernandes,3,2021,262,1673,M S,7,282,0,0.06666560098528862,0,0.06666560098528862,0,0.19355560839176178,4,6,0,0,0.22849659621715546,0.04163229838013649
GER-Bundesliga,2122,Arminia Bielefeld,Fabian Klos,3,2021,262,8792,F S,25,1424,3,4.440990044735372,1,2.925517139956355,1,1.263443092815578,39,16,2,1,4.991787143982947,1.6533184796571732
GER-Bundesliga,2122,Arminia Bielefeld,Fabian Kunze,3,2021,262,8793,M S,22,1245,0,0.3488710280507803,0,0.3488710280507803,0,0.24258430022746325,11,6,9,0,1.2682696394622326,0.8725914983078837
GER-Bundesliga,2122,Arminia Bielefeld,Florian Krüger,3,2021,262,9728,F M S,27,1105,1,1.818889806047082,1,1.818889806047082,2,1.741279773414135,18,11,0,0,4.967509428039193,1.680467113852501
GER-Bundesliga,2122,Arminia Bielefeld,George Bello,3,2021,262,10369,D S,10,420,0,0.08545764908194542,0,0.08545764908194542,0,0.16033959574997425,3,2,0,0,0.3908728025853634,0.15465840324759483
GER-Bundesliga,2122,Arminia Bielefeld,Gonzalo Castro,3,2021,262,316,F M S,12,418,1,0.4588054958730936,1,0.4588054958730936,1,0.4257023874670267,8,4,0,0,0.7145846970379353,0.3322518076747656
GER-Bundesliga,2122,Arminia Bielefeld,Guilherme Ramos,3,2021,262,9731,D S,13,896,0,0.33553069829940796,0,0.33553069829940796,0,0.07266359962522984,7,2,1,0,0.9569824188947678,0.8643952161073685
GER-Bundesliga,2122,Arminia Bielefeld,Jacob Laursen,3,2021,262,8795,D M S,24,1652,2,0.18619738891720772,2,0.18619738891720772,0,0.5826631942763925,8,6,1,0,2.3271723156794906,1.887816702015698
GER-Bundesliga,2122,Arminia Bielefeld,Janni Serra,3,2021,262,9729,F M S,26,1142,3,3.7852902254089713,3,3.7852902254089713,2,0.9822040321305394,24,12,1,0,6.536323894746602,2.014865215867758
GER-Bundesliga,2122,Arminia Bielefeld,Joakim Nilsson,3,2021,262,8799,D,31,2741,2,0.5782502954825759,2,0.5782502954825759,0,0.19351040292531252,5,4,5,0,2.97020052280277,2.839428230188787
GER-Bundesliga,2122,Arminia Bielefeld,Lennart Czyborra,3,2021,262,8298,D S,4,128,0,0.0,0,0.0,0,0.0,0,0,1,0,0.18244999647140503,0.18244999647140503
GER-Bundesliga,2122,Arminia Bielefeld,Manuel Prietl,3,2021,262,8789,M S,26,2115,0,0.8187069101259112,0,0.8187069101259112,1,0.4364251997321844,17,5,3,0,2.423611856997013,1.6023682113736868
GER-Bundesliga,2122,Arminia Bielefeld,Masaya Okugawa,3,2021,262,9352,F M S,33,2562,8,4.068231645971537,8,4.068231645971537,1,1.7504906095564365,32,28,0,0,6.291966812685132,0.7674045888707042
GER-Bundesliga,2122,Arminia Bielefeld,Mike van der Hoorn,3,2021,262,1702,S,1,13,0,0.0,0,0.0,0,0.0,0,0,0,0,0.0,0.0
GER-Bundesliga,2122,Arminia Bielefeld,Nathan de Medina,3,2021,262,8787,D S,19,755,0,0.19665290042757988,0,0.19665290042757988,0,0.0,5,0,2,0,0.31813210155814886,0.2501719007268548
GER-Bundesliga,2122,Arminia Bielefeld,Patrick Wimmer,3,2021,262,9730,F M S,31,2082,3,4.106790913268924,3,4.106790913268924,6,3.4465371184051037,56,40,7,0,8.014893369749188,2.9698164155706763
GER-Bundesliga,2122,Arminia Bielefeld,Robin Hack,3,2021,262,6351,F M S,30,1341,0,1.9449547976255417,0,1.9449547976255417,3,2.4048414267599583,31,18,2,0,5.326362544670701,1.6244646916165948
GER-Bundesliga,2122,Arminia Bielefeld,Sebastian Vasiliadis,3,2021,262,7797,M S,19,1216,0,0.3449244783259928,0,0.3449244783259928,0,0.20372840203344822,12,6,3,0,2.2005793736316264,1.79920641053468
GER-Bundesliga,2122,Arminia Bielefeld,Stefan Ortega Moreno,3,2021,262,8786,GK,33,2970,0,0.0,0,0.0,0,0.19871999695897102,0,5,1,0,2.1753453044220805,2.0484745064750314
GER-Bundesliga,2122,Arminia Bielefeld,Stefanos Kapino,3,2021,262,4255,GK,1,90,0,0.0,0,0.0,0,0.0,0,0,0,0,0.0,0.0
GER-Bundesliga,2122,Augsburg,Alfred Finnbogason,3,2021,121,2655,F M S,10,283,2,0.9587529897689819,2,0.9587529897689819,1,1.0921509936451912,6,5,0,0,1.8976894095540047,0.4040383920073509
GER-Bundesliga,2122,Augsburg,Andi Zeqiri,3,2021,121,9099,F M S,22,1024,2,3.1150541231036186,2,3.1150541231036186,1,0.48345470800995827,30,9,2,0,4.182142749428749,0.6812416845932603
GER-Bundesliga,2122,Augsburg,André Hahn,3,2021,121,412,F M S,32,2116,5,4.183860608376563,5,4.183860608376563,2,2.112464196048677,45,18,5,0,6.425691183656454,1.1600214000791311
GER-Bundesliga,2122,Augsburg,Arne Maier,3,2021,121,5298,M S,29,1885,1,1.3631622679531574,1,1.3631622679531574,6,4.127226259559393,17,34,0,0,6.328108716756105,3.5747463684529066
GER-Bundesliga,2122,Augsburg,Carlos Gruezo,3,2021,121,69,M S,17,967,0,0.37219799123704433,0,0.37219799123704433,0,0.09197740163654089,10,4,7,0,1.9313174979761243,1.560119098983705
GER-Bundesliga,2122,Augsburg,Daniel Caligiuri,3,2021,121,157,D M S,28,2027,4,3.8530106442049146,1,1.5796804027631879,2,2.2508752942085266,36,24,4,0,5.037131184712052,3.190397398546338
GER-Bundesliga,2122,Augsburg,Felix Uduokhai,3,2021,121,6100,D S,13,776,0,0.15935960039496422,0,0.15935960039496422,0,0.0,2,0,2,0,0.7945551015436649,0.7945551015436649
GER-Bundesliga,2122,Augsburg,Florian Niederlechner,3,2021,121,306,F S,26,1146,5,5.441666511818767,5,5.441666511818767,3,0.7135514002293348,28,14,1,0,5.095769312232733,0.8206905201077461
GER-Bundesliga,2122,Augsburg,Frederik Winther,3,2021,121,9723,D S,4,328,0,0.0,0,0.0,0,0.0,0,0,1,0,0.7541109919548035,0.7541109919548035
GER-Bundesliga,2122,Augsburg,Fredrik Jensen,3,2021,121,7197,M S,12,408,0,0.1663735993206501,0,0.1663735993206501,1,0.6630644090473652,6,6,0,0,0.9681487120687962,0.2727911025285721
GER-Bundesliga,2122,Augsburg,Iago,3,2021,121,8065,D M S,28,2185,2,0.935566789470613,2,0.935566789470613,5,2.741615667939186,12,32,3,0,6.24906574934721,3.5571512216702104
GER-Bundesliga,2122,Augsburg,Jan Morávek,3,2021,121,367,M S,17,454,0,0.6869008205831051,0,0.6869008205831051,0,0.6400949880480766,2,7,1,0,2.2081457301974297,0.8811514228582382
GER-Bundesliga,2122,Augsburg,Jeffrey Gouweleeuw,3,2021,121,2665,D M,29,2584,2,2.5816937256604433,1,1.8239169120788574,0,1.1332300901412964,12,9,9,0,4.029431592673063,3.7635689741000533
GER-Bundesliga,2122,Augsburg,Lasse Günther,3,2021,121,9955,D S,5,156,0,0.02995579969137907,0,0.02995579969137907,0,0.04084860160946846,2,1,1,0,0.1308470070362091,0.07056230306625366
GER-Bundesliga,2122,Augsburg,Mads Pedersen,3,2021,121,7809,D M S,29,1386,2,1.307694397866726,2,1.307694397866726,1,1.6899368911981583,19,21,5,0,3.0841117799282074,1.2539188973605633
GER-Bundesliga,2122,Augsburg,Michael Gregoritsch,3,2021,121,171,F M S,25,1395,9,4.369346911087632,8,3.6115699354559183,0,0.8606640845537186,42,7,3,0,5.25517225638032,1.9906823635101318
GER-Bundesliga,2122,Augsburg,Niklas Dorsch,3,2021,121,6411,M S,30,2331,1,0.20278285257518291,1,0.20278285257518291,0,0.7352635003626347,12,14,8,0,5.350639058277011,4.9781341049820185
GER-Bundesliga,2122,Augsburg,Noah Joel Sarenren Bazee,3,2021,121,2659,M S,14,221,1,0.9903277084231377,1,0.9903277084231377,0,0.15729739889502525,7,2,1,0,1.5333650261163712,0.4725383147597313
GER-Bundesliga,2122,Augsburg,Rafal Gikiewicz,3,2021,121,5293,GK,34,3060,0,0.0,0,0.0,0,0.04198490083217621,0,2,0,0,1.8957472825422883,1.8957472825422883
GER-Bundesliga,2122,Augsburg,Raphael Framberger,3,2021,121,4336,D M S,23,825,0,0.052689600735902786,0,0.052689600735902786,0,0.7020340859889984,1,12,3,0,1.7750640343874693,1.404201727360487
GER-Bundesliga,2122,Augsburg,Reece Oxford,3,2021,121,543,D,30,2697,2,2.6782198939472437,2,2.6782198939472437,1,1.4849106343463063,15,3,8,0,3.3837655168026686,3.3516203183680773
GER-Bundesliga,2122,Augsburg,Ricardo Pepi,3,2021,121,10253,F M S,11,465,0,1.0714953131973743,0,1.0714953131973743,0,0.5450585000216961,8,5,0,0,1.9118773005902767,0.29532359912991524
GER-Bundesliga,2122,Augsburg,Robert Gumny,3,2021,121,8803,D S,28,2287,0,0.22776010539382696,0,0.22776010539382696,0,0.36188599932938814,7,7,3,0,2.7910725055262446,2.6327756149694324
GER-Bundesliga,2122,Augsburg,Ruben Vargas,3,2021,121,7810,F M S,29,2030,1,3.5599733674898744,1,3.5599733674898744,3,2.821348102763295,40,23,4,0,7.194399576634169,2.367407076060772
GER-Bundesliga,2122,Augsburg,Sergio Córdova,3,2021,121,6096,F S,13,313,0,0.9073673896491528,0,0.9073673896491528,0,0.07476260140538216,7,2,2,0,0.9369808062911034,0.2488304991275072
GER-Bundesliga,2122,Augsburg,Tobias Strobl,3,2021,121,79,M S,5,323,0,0.14686930179595947,0,0.14686930179595947,0,0.014542399905622005,3,1,1,0,0.11353490315377712,0.08718850091099739
GER-Bundesliga,2122,Bayer Leverkusen,Amine Adli,3,2021,119,8211,F M S,25,1255,3,4.803211346268654,3,4.803211346268654,2,2.1795675978064537,37,13,3,0,9.832424845546484,3.790403539314866
GER-Bundesliga,2122,Bayer Leverkusen,Andrey Lunev,3,2021,119,3150,GK,1,90,0,0.0,0,0.0,0,0.0,0,0,0,0,0.0,0.0
GER-Bundesliga,2122,Bayer Leverkusen,Charles Aránguiz,3,2021,119,454,M S,26,1568,1,1.3617438841611147,1,1.3617438841611147,4,2.221006790176034,10,18,2,0,10.43772443011403,8.342427210882306
GER-Bundesliga,2122,Bayer Leverkusen,Daley Sinkgraven,3,2021,119,7899,D S,12,338,0,0.2939009964466095,0,0.2939009964466095,0,0.16033829748630524,1,2,0,0,0.6389185972511768,0.1846793033182621
GER-Bundesliga,2122,Bayer Leverkusen,Edmond Tapsoba,3,2021,119,8317,D S,22,1803,1,0.46001259982585907,1,0.46001259982585907,0,0.01587189920246601,6,1,1,0,9.8273815670982,9.8273815670982
GER-Bundesliga,2122,Bayer Leverkusen,Exequiel Palacios,3,2021,119,8325,M S,23,1090,2,0.26246890239417553,2,0.26246890239417553,2,2.091515824198723,10,8,2,0,8.574440212920308,6.310715187340975
GER-Bundesliga,2122,Bayer Leverkusen,Florian Wirtz,3,2021,119,8397,F M S,24,1877,7,5.793828301131725,7,5.793828301131725,10,8.622126787900925,36,57,2,0,19.19430000334978,7.774790368974209
GER-Bundesliga,2122,Bayer Leverkusen,Iker Bravo,3,2021,119,10090,S,1,10,0,0.0,0,0.0,0,0.0,0,0,0,0,0.0,0.0
GER-Bundesliga,2122,Bayer Leverkusen,Jeremie Frimpong,3,2021,119,9328,D,25,2074,1,0.9708234146237373,1,0.9708234146237373,6,4.056737244129181,11,30,6,0,10.710917338728905,6.975408505648375
GER-Bundesliga,2122,Bayer Leverkusen,Joel Pohjanpalo,3,2021,119,5222,S,2,7,0,0.0,0,0.0,0,0.0,0,0,0,0,0.0,0.0
GER-Bundesliga,2122,Bayer Leverkusen,Jonathan Tah,3,2021,119,183,D,33,2882,2,1.66871771030128,2,1.66871771030128,2,1.5617065988481045,16,9,4,0,13.032610165886581,12.529448362998664
GER-Bundesliga,2122,Bayer Leverkusen,Julian Baumgartlinger,3,2021,119,42,M S,6,78,0,0.0,0,0.0,0,0.0,0,0,1,0,0.12852799892425537,0.12852799892425537
GER-Bundesliga,2122,Bayer Leverkusen,Karim Bellarabi,3,2021,119,186,M S,16,685,3,2.36311630345881,3,2.36311630345881,2,1.2395106833428144,29,9,2,0,5.019546853378415,2.041870590299368
GER-Bundesliga,2122,Bayer Leverkusen,Kerem Demirbay,3,2021,119,5273,M S,29,2063,1,3.2530171014368534,0,1.737463105469942,4,3.8983420096337795,37,46,10,0,10.268724205903709,8.193022813647985
GER-Bundesliga,2122,Bayer Leverkusen,Lennart Grill,3,2021,119,9129,GK,1,90,0,0.0,0,0.0,0,0.0,0,0,0,0,0.0,0.0
GER-Bundesliga,2122,Bayer Leverkusen,Lucas Alario,3,2021,119,6338,F S,27,615,6,5.697463668882847,6,4.939686685800552,0,1.0608075093477964,23,7,2,0,8.78617275878787,2.990045879036188
GER-Bundesliga,2122,Bayer Leverkusen,Lukas Hradecky,3,2021,119,281,GK,32,2880,0,0.0,0,0.0,0,0.0,0,0,1,0,7.867010068148375,7.867010068148375
GER-Bundesliga,2122,Bayer Leverkusen,Mitchel Bakker,3,2021,119,8310,D M S,25,1824,0,0.30660179629921913,0,0.30660179629921913,4,2.031947860494256,9,13,6,0,10.702958699315786,9.526747826486826
GER-Bundesliga,2122,Bayer Leverkusen,Moussa Diaby,3,2021,119,6556,F M,32,2793,13,8.830643471330404,13,8.07286649569869,12,10.126420075073838,54,61,8,1,26.786522515118122,10.381311136297882
GER-Bundesliga,2122,Bayer Leverkusen,Nadiem Amiri,3,2021,119,82,M S,13,349,1,0.4898085054010153,1,0.4898085054010153,0,0.18014229834079742,8,2,0,0,1.6001301258802414,1.2580721080303192
GER-Bundesliga,2122,Bayer Leverkusen,Odilon Kossounou,3,2021,119,9714,D S,27,1787,0,0.18577240221202374,0,0.18577240221202374,1,1.0582508947700262,4,5,3,0,6.265067525207996,5.758609510958195
GER-Bundesliga,2122,Bayer Leverkusen,Panagiotis Retsos,3,2021,119,6316,S,4,26,0,0.03871170058846474,0,0.03871170058846474,0,0.0,1,0,0,0,0.0,0.0
GER-Bundesliga,2122,Bayer Leverkusen,Patrik Schick,3,2021,119,1236,F S,27,2127,24,20.005188511684537,23,18.48964144475758,3,2.075821631588042,90,16,0,0,20.315173611044884,3.1471521332859993
GER-Bundesliga,2122,Bayer Leverkusen,Paulinho,3,2021,119,7067,M S,24,1227,4,4.259287542663515,4,4.259287542663515,1,1.626670464873314,27,20,1,0,8.293461129069328,3.452220913954079
GER-Bundesliga,2122,Bayer Leverkusen,Piero Hincapié,3,2021,119,9911,D S,27,1750,1,0.8859499031677842,1,0.8859499031677842,2,1.7231176821514964,9,10,5,0,7.599099438637495,6.767784784547985
GER-Bundesliga,2122,Bayer Leverkusen,Robert Andrich,3,2021,119,7877,M S,26,1824,4,2.5757899917662144,4,2.5757899917662144,2,2.043940993025899,29,12,5,1,10.701753713190556,8.475491686724126
GER-Bundesliga,2122,Bayer Leverkusen,Sardar Azmoun,3,2021,119,2774,F M S,9,352,1,2.8768682964146137,1,2.8768682964146137,1,0.6099575962871313,11,6,0,0,4.3923748061060905,1.014756515622139
GER-Bundesliga,2122,Bayer Leverkusen,Timothy Fosu-Mensah,3,2021,119,549,S,6,137,0,0.0,0,0.0,0,0.6149439811706543,0,2,0,0,1.4145890176296234,0.9042960107326508
GER-Bundesliga,2122,Bayer Leverkusen,Zidan Sertdemir,3,2021,119,10065,S,3,13,0,0.0,0,0.0,0,0.03871170058846474,0,1,0,0,0.0,0.0
GER-Bundesliga,2122,Bayern Munich,Alphonso Davies,3,2021,117,7345,D M S,22,1746,0,1.6672136839479208,0,1.6672136839479208,3,4.2546259528025985,18,34,3,0,13.315142715349793,8.138706654310226
GER-Bundesliga,2122,Bayern Munich,Benjamin Pavard,3,2021,117,3363,D S,25,2087,0,0.7018317990005016,0,0.7018317990005016,1,1.1948468293994665,18,17,2,1,15.549298748373985,14.36458070576191
GER-Bundesliga,2122,Bayern Munich,Bouna Sarr,3,2021,117,3393,S,5,53,0,0.06715419888496399,0,0.06715419888496399,0,0.0,1,0,0,0,0.12054779753088951,0.05339359864592552
GER-Bundesliga,2122,Bayern Munich,Chris Richards,3,2021,117,8430,D S,20,1295,1,1.319004811346531,1,1.319004811346531,1,0.46228349953889847,9,3,1,0,4.079617720097303,4.036979716271162
GER-Bundesliga,2122,Bayern Munich,Christian Früchtl,3,2021,117,6071,S,1,8,0,0.0,0,0.0,0,0.0,0,0,0,0,0.11315900087356567,0.11315900087356567
GER-Bundesliga,2122,Bayern Munich,Corentin Tolisso,3,2021,117,3603,M S,15,699,2,1.601186005398631,2,1.601186005398631,1,2.3869004249572754,17,16,0,0,9.134925618767738,6.028710409998894
GER-Bundesliga,2122,Bayern Munich,Dayotchanculle Upamecano,3,2021,117,5243,D S,28,2213,1,0.520112500526011,1,0.520112500526011,6,3.1567688547074795,11,12,4,0,16.145844200626016,15.061790192499757
GER-Bundesliga,2122,Bayern Munich,Eric Maxim Choupo-Moting,3,2021,117,339,M S,20,332,4,4.470761878415942,4,4.470761878415942,2,1.1456513106822968,15,6,0,0,5.653311969712377,1.6805038079619408
GER-Bundesliga,2122,Bayern Munich,Gabriel Vidovic,3,2021,117,10558,S,3,31,0,0.0,0,0.0,0,0.0708789024502039,0,2,0,0,0.11674310453236103,0.04586410149931908
GER-Bundesliga,2122,Bayern Munich,Jamal Musiala,3,2021,117,8418,M S,30,1447,5,5.823698816820979,5,5.823698816820979,5,4.9933674689382315,41,28,2,0,17.305432565510273,7.625213209539652
GER-Bundesliga,2122,Bayern Munich,Joshua Kimmich,3,2021,117,223,D M,28,2480,3,2.242543574422598,3,2.242543574422598,11,9.710423309355974,27,80,4,0,25.348412945866585,19.586088445037603
GER-Bundesliga,2122,Bayern Munich,Josip Stanisic,3,2021,117,9458,D S,13,633,1,0.5321536995470524,1,0.5321536995470524,0,0.17018740065395832,4,3,1,0,5.967354625463486,5.442648679018021
GER-Bundesliga,2122,Bayern Munich,Kingsley Coman,3,2021,117,226,D M S,21,1372,6,5.034531090408564,6,5.034531090408564,3,3.3784982599318027,46,26,1,1,14.187782511115074,7.594395875930786
GER-Bundesliga,2122,Bayern Munich,Leon Goretzka,3,2021,117,335,M,19,1418,3,5.070367898792028,3,5.070367898792028,3,2.9787724893540144,45,28,0,0,14.035453915596008,8.235914003103971
GER-Bundesliga,2122,Bayern Munich,Leroy Sané,3,2021,117,337,M S,32,1973,7,10.87057828810066,7,10.87057828810066,7,7.362827626988292,89,50,3,0,26.999574759975076,12.792520018294454
GER-Bundesliga,2122,Bayern Munich,Lucas Copado,3,2021,117,10244,S,1,12,0,0.04868549853563309,0,0.04868549853563309,0,0.0,1,0,0,0,0.04868549853563309,0.0
GER-Bundesliga,2122,Bayern Munich,Lucas Hernández,3,2021,117,2276,D,25,2058,0,0.2560263015329838,0,0.2560263015329838,1,0.4596787057816982,4,9,7,0,16.473751852288842,16.281273955479264
GER-Bundesliga,2122,Bayern Munich,Malik Tillman,3,2021,117,9860,M S,4,101,0,0.12853600084781647,0,0.12853600084781647,0,0.5281361937522888,1,3,0,0,1.4607645869255066,0.8040932044386864
GER-Bundesliga,2122,Bayern Munich,Manuel Neuer,3,2021,117,217,GK,28,2512,0,0.0,0,0.0,0,0.0,0,0,0,0,9.402277240529656,9.402277240529656
GER-Bundesliga,2122,Bayern Munich,Marc Roca,3,2021,117,5086,M S,9,375,0,0.2452496998012066,0,0.2452496998012066,0,0.3095481973141432,5,5,0,0,3.9021690264344215,3.593710955232382
GER-Bundesliga,2122,Bayern Munich,Marcel Sabitzer,3,2021,117,5248,D M S,27,940,1,2.346092007122934,1,2.346092007122934,1,2.4641467705368996,22,11,1,0,10.145021993666887,5.523720603436232
GER-Bundesliga,2122,Bayern Munich,Michaël Cuisance,3,2021,117,6148,S,1,10,0,0.0,0,0.0,0,0.507781982421875,0,1,0,0,0.9367619752883911,0.4289799928665161
GER-Bundesliga,2122,Bayern Munich,Nianzou Kouassi,3,2021,117,7981,D S,17,569,1,0.3348842030391097,1,0.3348842030391097,1,1.2172479797154665,6,5,4,0,3.263769209384918,2.990208901464939
GER-Bundesliga,2122,Bayern Munich,Niklas Süle,3,2021,117,75,D S,28,1822,1,1.142477204091847,1,1.142477204091847,2,1.2855393355712295,16,10,2,0,10.855076380074024,10.56748216599226
GER-Bundesliga,2122,Bayern Munich,Omar Richards,3,2021,117,9675,D S,12,436,0,0.24715669825673103,0,0.24715669825673103,0,0.19844389706850052,4,3,1,0,3.79440282471478,3.4834379237145185
GER-Bundesliga,2122,Bayern Munich,Paul Wanner,3,2021,117,10245,S,4,27,0,0.0,0,0.0,0,0.029201800003647804,0,1,0,0,0.7455363962799311,0.7163345962762833
GER-Bundesliga,2122,Bayern Munich,Robert Lewandowski,3,2021,117,227,F,34,2955,35,37.924069441854954,30,34.13518474251032,3,4.70129061024636,160,37,2,0,41.541004583239555,7.8270499762147665
GER-Bundesliga,2122,Bayern Munich,Serge Gnabry,3,2021,117,993,D M S,34,2205,14,10.994999093934894,14,10.994999093934894,5,10.519024493172765,68,48,0,0,31.48376989737153,12.264746733009815
GER-Bundesliga,2122,Bayern Munich,Sven Ulreich,3,2021,117,231,GK,6,540,0,0.0,0,0.0,0,0.0,0,0,0,0,1.3637009859085083,1.3637009859085083
GER-Bundesliga,2122,Bayern Munich,Thomas Müller,3,2021,117,224,M,32,2618,8,11.052332916297019,8,11.052332916297019,18,13.40716165676713,55,83,0,0,34.3142808675766,16.859256831929088
GER-Bundesliga,2122,Bochum,Anthony Losilla,3,2021,268,9705,D M,33,2941,2,2.183144109323621,2,2.183144109323621,0,0.908786702901125,33,16,5,0,5.665165144950151,4.500664165709168
GER-Bundesliga,2122,Bochum,Armel Bella Kotchap,3,2021,268,9710,D S,22,1775,0,0.8344141822308302,0,0.8344141822308302,0,0.0457163006067276,10,2,5,0,3.3896181881427765,3.2657955922186375
GER-Bundesliga,2122,Bochum,Christopher Antwi-Adjei,3,2021,268,7798,F M S,25,1117,1,2.699526695534587,1,2.699526695534587,1,0.9967997018247843,29,6,2,0,4.609935814514756,0.9570143055170774
GER-Bundesliga,2122,Bochum,Cristian Gamboa,3,2021,268,855,D S,23,1737,1,0.10198444314301014,1,0.10198444314301014,0,1.095487505197525,5,13,6,0,5.201526742428541,4.72069426625967
GER-Bundesliga,2122,Bochum,Danilo Soares,3,2021,268,247,D M,30,2573,0,0.38340549916028976,0,0.38340549916028976,1,2.312810860108584,13,19,4,0,7.7626557550393045,5.960787762422115
GER-Bundesliga,2122,Bochum,Danny Blum,3,2021,268,5236,F S,13,325,2,0.811818802729249,2,0.811818802729249,0,1.031423680484295,11,12,0,0,1.8410146180540323,0.275230897590518
GER-Bundesliga,2122,Bochum,Eduard Löwen,3,2021,268,7043,M S,26,1413,2,3.2155066458508372,1,2.4577300315722823,2,4.044838197529316,38,41,0,0,4.9949547946453094,1.6677210945636034
GER-Bundesliga,2122,Bochum,Elvis Rexhbecaj,3,2021,268,6445,M S,32,2575,0,1.1570550110191107,0,1.1570550110191107,0,1.3182468637824059,34,20,5,0,4.926123723387718,3.2372893122956157
GER-Bundesliga,2122,Bochum,Erhan Masovic,3,2021,268,9709,D S,20,1546,0,0.3841405976563692,0,0.3841405976563692,0,0.0,5,0,7,0,2.192488973028958,2.192488973028958
GER-Bundesliga,2122,Bochum,Gerrit Holtmann,3,2021,268,5270,F M S,29,1875,5,3.947258581407368,5,3.947258581407368,4,5.095145611092448,45,29,0,0,10.520650490187109,1.6747156009078026
GER-Bundesliga,2122,Bochum,Herbert Bockhorn,3,2021,268,9708,D M S,18,825,0,0.28192110545933247,0,0.28192110545933247,0,0.2521964944899082,7,4,1,0,1.2108886055648327,0.8326764963567257
GER-Bundesliga,2122,Bochum,Jürgen Locadia,3,2021,268,6542,F S,11,438,2,1.8009391026571393,1,1.043242977000773,1,0.8226615935564041,18,8,0,0,2.4175434382632375,0.5675599873065948
GER-Bundesliga,2122,Bochum,Konstantinos Stafylidis,3,2021,268,368,D M S,24,1382,0,0.8016093941405416,0,0.8016093941405416,1,1.0998149141669273,16,12,3,1,2.1770187877118587,1.495249381288886
GER-Bundesliga,2122,Bochum,Luis Hartwig,3,2021,268,10182,S,1,1,0,0.0,0,0.0,0,0.0,0,0,0,0,0.0,0.0
GER-Bundesliga,2122,Bochum,Manuel Riemann,3,2021,268,9702,GK,31,2790,0,0.7577769756317139,0,0.0,1,0.19136946741491556,1,5,2,0,5.704374060034752,5.607083930633962
GER-Bundesliga,2122,Bochum,Maxim Leitsch,3,2021,268,9703,D S,19,1536,1,1.0440027676522732,1,1.0440027676522732,0,0.6111973002552986,5,3,2,0,3.4308083560317755,3.4210385512560606
GER-Bundesliga,2122,Bochum,Michael Esser,3,2021,268,5277,GK,3,270,0,0.0,0,0.0,0,0.0,0,0,0,0,0.0,0.0
GER-Bundesliga,2122,Bochum,Milos Pantovic,3,2021,268,378,F M S,28,1545,4,5.294780997559428,3,4.537004021927714,3,4.958747647702694,23,33,2,0,10.131411381065845,2.2840824965387583
GER-Bundesliga,2122,Bochum,Patrick Osterhage,3,2021,268,9711,M S,13,588,0,0.18108540307730436,0,0.18108540307730436,1,0.1392129911109805,4,4,2,0,0.5368181895464659,0.33182049077004194
GER-Bundesliga,2122,Bochum,Robert Tesche,3,2021,268,9706,M S,11,344,0,0.08619010075926781,0,0.08619010075926781,0,0.0,2,0,2,1,0.5934126069769263,0.5578219061717391
GER-Bundesliga,2122,Bochum,Saulo Decarli,3,2021,268,9831,S,1,4,0,0.0556039996445179,0,0.0556039996445179,0,0.0,1,0,0,0,0.012321200221776962,0.012321200221776962
GER-Bundesliga,2122,Bochum,Sebastian Polter,3,2021,268,7881,F S,33,2349,10,10.938555587083101,9,9.42300183698535,1,2.061544111929834,56,28,2,0,11.747974755242467,2.3936223927885294
GER-Bundesliga,2122,Bochum,Silvère Ganvoula,3,2021,268,9707,S,9,139,0,1.4279269874095917,0,1.4279269874095917,0,0.0,3,0,0,0,1.588800385594368,0.1608733981847763
GER-Bundesliga,2122,Bochum,Simon Zoller,3,2021,268,139,F M S,10,591,3,1.782903304323554,3,1.782903304323554,2,1.0747246984392405,11,7,3,0,3.1668269895017147,0.33003489673137665
GER-Bundesliga,2122,Bochum,Soma Novothny,3,2021,268,9830,S,6,72,1,0.60692298412323,1,0.60692298412323,0,0.0,3,0,0,0,0.4179239869117737,0.0
GER-Bundesliga,2122,Bochum,Takuma Asano,3,2021,268,6087,F M S,27,1629,3,3.9566245628520846,3,3.9566245628520846,4,2.2989523001015186,33,20,1,0,7.468266390264034,1.5511839278042316
GER-Bundesliga,2122,Bochum,Tarsis Bonga,3,2021,268,10112,S,3,10,0,0.18457400426268578,0,0.18457400426268578,0,0.0,3,0,0,0,0.09123570099473,0.0
GER-Bundesliga,2122,Bochum,Vasilios Lampropoulos,3,2021,268,9704,D,13,1170,0,0.2757958313450217,0,0.2757958313450217,0,0.04711659997701645,4,1,1,0,1.7156624160706997,1.668545413762331
GER-Bundesliga,2122,Borussia Dortmund,Ansgar Knauff,3,2021,129,8989,D M S,17,869,1,0.519669596105814,1,0.519669596105814,1,1.0792423989623785,13,11,0,0,2.5658754920586944,1.2536725094541907
GER-Bundesliga,2122,Borussia Dortmund,Antonios Papadopoulos,3,2021,129,9750,S,2,11,0,0.0,0,0.0,0,0.0,0,0,1,0,0.0,0.0
GER-Bundesliga,2122,Borussia Dortmund,Axel Witsel,3,2021,129,3059,D M S,29,1956,2,1.1547496085986495,2,1.1547496085986495,0,0.6386514101177454,8,6,4,0,9.093873923644423,8.005743255838752
GER-Bundesliga,2122,Borussia Dortmund,Dan-Axel Zagadou,3,2021,129,6103,D S,15,944,0,0.1686544045805931,0,0.1686544045805931,0,0.0,3,0,2,0,6.424894541501999,6.3724376410245895
GER-Bundesliga,2122,Borussia Dortmund,Donyell Malen,3,2021,129,9749,F M S,27,1710,5,6.34764713793993,5,6.34764713793993,3,3.6256154365837574,47,22,2,0,10.095488775521517,3.6405910262838006
GER-Bundesliga,2122,Borussia Dortmund,Emre Can,3,2021,129,604,D M S,24,1695,5,3.2469703052192926,1,0.21594349946826696,1,0.8214554060250521,11,6,5,0,5.584332441911101,5.2444936614483595
GER-Bundesliga,2122,Borussia Dortmund,Erling Haaland,3,2021,129,8260,F S,24,1917,22,17.030953601002693,16,12.484372556209564,7,5.894002065062523,80,23,3,0,19.77244157716632,4.264734441414475
GER-Bundesliga,2122,Borussia Dortmund,Felix Passlack,3,2021,129,2663,D S,10,472,1,0.18018559738993645,1,0.18018559738993645,0,0.12958300113677979,3,1,0,0,1.7899661231786013,1.5117555055767298
GER-Bundesliga,2122,Borussia Dortmund,Giovanni Reyna,3,2021,129,8191,M S,10,434,2,1.7081096023321152,2,1.7081096023321152,1,1.9753424003720284,11,16,0,0,3.4241522662341595,0.9894840195775032
GER-Bundesliga,2122,Borussia Dortmund,Gregor Kobel,3,2021,129,5288,GK,29,2569,0,0.0,0,0.0,0,0.0,0,0,0,0,4.121921291574836,4.121921291574836
GER-Bundesliga,2122,Borussia Dortmund,Immanuel Pherai,3,2021,129,8405,S,1,1,0,0.0,0,0.0,0,0.0,0,0,0,0,0.0,0.0
GER-Bundesliga,2122,Borussia Dortmund,Jamie Bynoe-Gittens,3,2021,129,10542,M S,4,128,0,0.11471299827098846,0,0.11471299827098846,0,0.17316830158233643,1,2,0,0,0.43087340146303177,0.1429930031299591
GER-Bundesliga,2122,Borussia Dortmund,Jude Bellingham,3,2021,129,8824,M,32,2803,3,4.905646585859358,3,4.905646585859358,8,5.934829683043063,44,37,9,0,20.29917000979185,14.016300365328789
GER-Bundesliga,2122,Borussia Dortmund,Julian Brandt,3,2021,129,261,F M S,31,2086,9,4.578342959284782,9,4.578342959284782,8,4.4584292732179165,34,44,3,0,16.8933280184865,11.891072541475296
GER-Bundesliga,2122,Borussia Dortmund,Lennard Maloney,3,2021,129,10071,S,2,4,0,0.0,0,0.0,0,0.049547601491212845,0,1,0,0,0.049547601491212845,0.049547601491212845
GER-Bundesliga,2122,Borussia Dortmund,Lion Semic,3,2021,129,10551,S,1,2,0,0.0,0,0.0,0,0.0,0,0,0,0,0.0,0.0
GER-Bundesliga,2122,Borussia Dortmund,Mahmoud Dahoud,3,2021,129,205,M S,22,1663,2,1.3775748033076525,2,1.3775748033076525,3,3.4296116791665554,22,27,5,1,14.10501179844141,10.528271779417992
GER-Bundesliga,2122,Borussia Dortmund,Manuel Akanji,3,2021,129,6490,D S,26,2263,1,1.7875730022788048,1,1.7875730022788048,0,0.12547439988702536,13,2,3,0,10.389823410660028,10.358470413833857
GER-Bundesliga,2122,Borussia Dortmund,Marco Reus,3,2021,129,319,F M,29,2527,9,11.50992664322257,9,11.50992664322257,13,7.620957400649786,51,53,2,0,25.14984937105328,10.962537274695933
GER-Bundesliga,2122,Borussia Dortmund,Marin Pongracic,3,2021,129,8303,D S,17,820,0,0.0,0,0.0,0,0.029928699135780334,0,1,3,0,3.207724615931511,3.1777962148189545
GER-Bundesliga,2122,Borussia Dortmund,Marius Wolf,3,2021,129,2693,D M S,27,1321,3,2.184507418423891,3,2.184507418423891,1,1.1895269844681025,20,10,4,0,7.312053218483925,4.939844494685531
GER-Bundesliga,2122,Borussia Dortmund,Marwin Hitz,3,2021,129,263,GK S,5,401,0,0.0,0,0.0,0,0.0,0,0,0,0,0.43267299234867096,0.43267299234867096
GER-Bundesliga,2122,Borussia Dortmund,Mats Hummels,3,2021,129,373,D S,23,1766,1,0.8434689026325941,1,0.8434689026325941,2,0.6138626299798489,13,3,4,0,7.790886148810387,7.249896124005318
GER-Bundesliga,2122,Borussia Dortmund,Nico Schulz,3,2021,129,433,D S,16,827,0,0.33515020087361336,0,0.33515020087361336,2,0.8470050990581512,3,7,2,0,4.96527785807848,3.972716450691223
GER-Bundesliga,2122,Borussia Dortmund,Raphael Guerreiro,3,2021,129,3455,D S,23,1820,4,2.9226746670901775,3,2.1648976877331734,2,2.1800683345645666,33,28,1,0,10.061878452077508,7.779171222820878
GER-Bundesliga,2122,Borussia Dortmund,Reinier,3,2021,129,8825,M S,13,142,0,0.13223899900913239,0,0.13223899900913239,0,0.0,1,0,0,0,0.17443419992923737,0.04219520092010498
GER-Bundesliga,2122,Borussia Dortmund,Roman Bürki,3,2021,129,309,GK,1,90,0,0.0,0,0.0,0,0.0,0,0,0,0,0.08570930361747742,0.08570930361747742
GER-Bundesliga,2122,Borussia Dortmund,Steffen Tigges,3,2021,129,9227,S,9,90,3,0.9922565873712301,3,0.9922565873712301,0,0.5132499933242798,4,1,0,0,1.5985657759010792,0.19551779702305794
GER-Bundesliga,2122,Borussia Dortmund,Thomas Delaney,3,2021,129,5230,S,1,15,0,0.0,0,0.0,0,0.0,0,0,0,0,0.0,0.0
GER-Bundesliga,2122,Borussia Dortmund,Thomas Meunier,3,2021,129,5680,D,17,1414,2,0.8885470051318407,2,0.8885470051318407,4,3.4830326810479164,18,16,4,0,8.981270357966423,6.700083442032337
GER-Bundesliga,2122,Borussia Dortmund,Thorgan Hazard,3,2021,129,213,D F M S,23,1347,4,2.9591288985684514,4,2.9591288985684514,1,2.722491517663002,22,23,2,0,8.433444898575544,4.5633723847568035
GER-Bundesliga,2122,Borussia Dortmund,Tom Rothe,3,2021,129,10550,D S,2,92,1,0.12742500007152557,1,0.12742500007152557,0,0.04219520092010498,2,1,1,0,0.9653292298316956,0.867920994758606
GER-Bundesliga,2122,Borussia Dortmund,Youssoufa Moukoko,3,2021,129,9133,F S,16,185,2,1.9320071041584015,2,1.9320071041584015,0,0.11611869931221008,8,2,1,0,2.9800761714577675,0.991857685148716
GER-Bundesliga,2122,Borussia M.Gladbach,Alassane Pléa,3,2021,130,3310,F M S,33,2074,10,8.969399956986308,7,6.696069641038775,6,8.780584182590246,61,55,4,0,18.875654755160213,7.468019613996148
GER-Bundesliga,2122,Borussia M.Gladbach,Breel Embolo,3,2021,130,5356,F M S,29,2164,9,8.977553504519165,9,8.977553504519165,3,4.565343668684363,48,34,3,0,15.063872310332954,4.299400392919779
GER-Bundesliga,2122,Borussia M.Gladbach,Christoph Kramer,3,2021,130,187,M S,18,729,0,0.49622979015111923,0,0.49622979015111923,0,0.3907603081315756,3,3,1,0,3.096239112317562,2.6231541112065315
GER-Bundesliga,2122,Borussia M.Gladbach,Conor Noß,3,2021,130,8087,S,3,46,0,0.0634843036532402,0,0.0634843036532402,0,0.03641790151596069,1,1,0,0,0.0999022051692009,0.0634843036532402
GER-Bundesliga,2122,Borussia M.Gladbach,Denis Zakaria,3,2021,130,6147,D M S,16,1393,2,1.2198681775480509,2,1.2198681775480509,1,1.244775790721178,18,10,4,0,5.411436799913645,3.9367365818470716
GER-Bundesliga,2122,Borussia M.Gladbach,Florian Neuhaus,3,2021,130,7065,M S,29,2139,4,4.650173935107887,4,4.650173935107887,4,2.1986050941050053,48,20,2,0,14.505538944154978,9.765537633560598
GER-Bundesliga,2122,Borussia M.Gladbach,Hannes Wolf,3,2021,130,8171,M S,7,302,0,0.34408019855618477,0,0.34408019855618477,0,0.3199786879122257,6,2,2,0,1.3688332801684737,0.8656480154022574
GER-Bundesliga,2122,Borussia M.Gladbach,Joe Scally,3,2021,130,9674,D M S,30,1900,1,1.477865507826209,1,1.477865507826209,2,1.8954661954194307,18,18,4,0,7.013944670557976,4.37972629070282
GER-Bundesliga,2122,Borussia M.Gladbach,Jonas Hofmann,3,2021,130,320,M S,26,2090,12,7.792510159313679,12,7.792510159313679,5,6.240602105855942,54,68,1,0,16.553138615563512,6.862448101863265
GER-Bundesliga,2122,Borussia M.Gladbach,Keanan Bennetts,3,2021,130,7832,S,4,43,0,0.05132070183753967,0,0.05132070183753967,0,0.0,1,0,1,0,0.05132070183753967,0.0
GER-Bundesliga,2122,Borussia M.Gladbach,Kouadio Kone,3,2021,130,7482,M S,27,2216,2,1.8501644246280193,2,1.8501644246280193,0,0.47913060523569584,29,12,10,0,10.358625330030918,8.66764159873128
GER-Bundesliga,2122,Borussia M.Gladbach,Lars Stindl,3,2021,130,208,F M S,26,1646,4,6.084341371431947,4,4.568787405267358,5,3.8757196851074696,43,30,10,0,10.940669178962708,5.080143753439188
GER-Bundesliga,2122,Borussia M.Gladbach,Louis Beyer,3,2021,130,6557,D S,17,1382,0,0.7618473842740059,0,0.7618473842740059,0,0.19038290344178677,7,5,5,0,5.486054031178355,5.403213633224368
GER-Bundesliga,2122,Borussia M.Gladbach,Luca Netz,3,2021,130,8401,D M S,24,1412,0,1.6344571094959974,0,1.6344571094959974,4,1.5507191084325314,14,18,1,0,6.249289566650987,4.28535976447165
GER-Bundesliga,2122,Borussia M.Gladbach,László Bénes,3,2021,130,5258,M S,13,227,0,0.798285311087966,0,0.798285311087966,0,0.5345250908285379,7,5,0,0,1.6336046066135168,0.8551879953593016
GER-Bundesliga,2122,Borussia M.Gladbach,Marcus Thuram,3,2021,130,5992,F M S,21,965,3,5.358774844557047,3,5.358774844557047,0,1.3611742965877056,32,14,2,0,8.458614377304912,2.7620125729590654
GER-Bundesliga,2122,Borussia M.Gladbach,Marvin Friedrich,3,2021,130,370,D S,21,1774,0,1.3727693259716034,0,1.3727693259716034,0,1.8205729722976685,19,4,3,1,6.097911059856415,5.375207304954529
GER-Bundesliga,2122,Borussia M.Gladbach,Matthias Ginter,3,2021,130,315,D S,28,2359,1,2.305671526119113,1,2.305671526119113,0,1.8382709603756666,31,17,2,0,8.558214247226715,7.024555534124374
GER-Bundesliga,2122,Borussia M.Gladbach,Nico Elvedi,3,2021,130,212,D,28,2433,1,1.3310376219451427,1,1.3310376219451427,0,0.3559510987251997,13,4,3,1,6.272547960281372,6.272547960281372
GER-Bundesliga,2122,Borussia M.Gladbach,Patrick Herrmann,3,2021,130,420,D M S,23,710,0,1.5285479985177517,0,1.5285479985177517,4,1.2689724937081337,13,18,1,0,6.079391933977604,3.971484610810876
GER-Bundesliga,2122,Borussia M.Gladbach,Ramy Bensebaini,3,2021,130,3349,D S,23,2021,4,3.769176473841071,2,2.2536230999976397,1,1.0502803064882755,30,13,6,0,7.532217752188444,6.546700754202902
GER-Bundesliga,2122,Borussia M.Gladbach,Stefan Lainer,3,2021,130,7831,D M S,21,1497,1,0.5220086015760899,1,0.5220086015760899,2,2.555904906243086,10,13,2,0,7.867721138522029,5.563105959445238
GER-Bundesliga,2122,Borussia M.Gladbach,Tobias Sippel,3,2021,130,214,GK,1,90,0,0.0,0,0.0,0,0.0,0,0,0,0,0.1124579980969429,0.1124579980969429
GER-Bundesliga,2122,Borussia M.Gladbach,Tony Jantschke,3,2021,130,201,D,3,232,0,0.07027699798345566,0,0.07027699798345566,0,0.0,1,0,0,0,0.37252260744571686,0.37252260744571686
GER-Bundesliga,2122,Borussia M.Gladbach,Torben Müsel,3,2021,130,7318,S,1,1,0,0.0,0,0.0,0,0.0,0,0,0,0,0.0,0.0
GER-Bundesliga,2122,Borussia M.Gladbach,Yann Sommer,3,2021,130,199,GK,33,2970,0,0.0,0,0.0,1,0.4003770053386688,0,1,2,0,4.35244488529861,3.952068915590644
GER-Bundesliga,2122,Eintracht Frankfurt,Ajdin Hrustic,3,2021,132,9023,M S,23,937,2,1.0181386088952422,2,1.0181386088952422,0,0.9392116768285632,29,10,2,0,3.6715754121541977,2.8692983388900757
GER-Bundesliga,2122,Eintracht Frankfurt,Almamy Touré,3,2021,132,3431,D M S,10,507,0,0.31436069868505,0,0.31436069868505,0,0.0,6,0,2,0,0.37578350212424994,0.1932985009625554
GER-Bundesliga,2122,Eintracht Frankfurt,Aymen Barkok,3,2021,132,5235,M S,5,160,0,0.027267100289463997,0,0.027267100289463997,0,0.02641269937157631,2,1,0,0,0.13355630077421665,0.11782249994575977
GER-Bundesliga,2122,Eintracht Frankfurt,Christopher Lenz,3,2021,132,7876,D S,15,647,0,0.13648160360753536,0,0.13648160360753536,1,0.9584658164530993,6,12,6,0,2.654875848442316,2.375956093892455
GER-Bundesliga,2122,Eintracht Frankfurt,Daichi Kamada,3,2021,132,6145,F M S,32,2143,4,4.559652765281498,4,4.559652765281498,3,2.5776959881186485,36,31,0,0,12.27233811840415,5.827365634962916
GER-Bundesliga,2122,Eintracht Frankfurt,Danny da Costa,3,2021,132,249,D S,11,729,0,0.08631239831447601,0,0.08631239831447601,0,0.1313452012836933,2,2,2,0,1.4291315749287605,1.4291315749287605
GER-Bundesliga,2122,Eintracht Frankfurt,Diant Ramaj,3,2021,132,9753,GK,1,90,0,0.0,0,0.0,0,0.0,0,0,0,0,0.09052430093288422,0.09052430093288422
GER-Bundesliga,2122,Eintracht Frankfurt,Djibril Sow,3,2021,132,2624,M S,31,2432,2,0.6721826894208789,2,0.6721826894208789,3,0.8636866882443428,16,19,5,0,9.0075918789953,7.823016952723265
GER-Bundesliga,2122,Eintracht Frankfurt,Erik Durm,3,2021,132,2640,D,7,478,0,0.008908290416002274,0,0.008908290416002274,1,0.47397229075431824,1,3,1,0,1.403986793011427,1.3400364965200424
GER-Bundesliga,2122,Eintracht Frankfurt,Evan Ndicka,3,2021,132,7049,D,32,2860,4,2.4935600822791457,4,2.4935600822791457,4,1.6919805156067014,26,13,3,0,5.538773568347096,4.729540001600981
GER-Bundesliga,2122,Eintracht Frankfurt,Filip Kostic,3,2021,132,64,D F M S,31,2527,4,2.989067698828876,4,2.989067698828876,9,10.045913204550743,51,89,2,0,10.390051510185003,4.4584759045392275
GER-Bundesliga,2122,Eintracht Frankfurt,Gonçalo Paciência,3,2021,132,7051,F S,18,487,3,3.2108756117522717,2,1.695321710780263,0,0.10896560177206993,29,5,3,0,2.4007111974060535,1.0107179023325443
GER-Bundesliga,2122,Eintracht Frankfurt,Jens Grahl,3,2021,132,256,GK,1,90,0,0.0,0,0.0,0,0.0,0,0,0,0,0.0,0.0
GER-Bundesliga,2122,Eintracht Frankfurt,Jens Petter Hauge,3,2021,132,8974,F M S,26,1023,2,2.228058759123087,2,2.228058759123087,2,0.8011055085808039,19,12,4,0,4.761600369587541,2.7230096012353897
GER-Bundesliga,2122,Eintracht Frankfurt,Jesper Lindstrom,3,2021,132,9752,F M S,29,2006,5,7.227052100002766,5,7.227052100002766,4,5.835591521114111,54,48,0,0,13.39888788945973,2.6190137825906277
GER-Bundesliga,2122,Eintracht Frankfurt,Kevin Trapp,3,2021,132,3286,GK,32,2880,0,0.0,0,0.0,0,0.0,0,0,2,0,2.654068922623992,2.654068922623992
GER-Bundesliga,2122,Eintracht Frankfurt,Kristijan Jakic,3,2021,132,9986,M S,26,1880,1,1.6898993141949177,1,1.6898993141949177,0,0.4234932065010071,30,8,6,0,3.8861567843705416,2.8650437016040087
GER-Bundesliga,2122,Eintracht Frankfurt,Makoto Hasebe,3,2021,132,282,D M S,18,1176,0,0.0,0,0.0,0,0.54428631067276,0,3,1,0,4.634778417646885,4.133094921708107
GER-Bundesliga,2122,Eintracht Frankfurt,Martin Hinteregger,3,2021,132,2668,D S,27,2218,1,1.3954239031299949,1,1.3954239031299949,0,0.348642997443676,15,7,6,0,3.5752491541206837,3.25006166100502
GER-Bundesliga,2122,Eintracht Frankfurt,Ragnar Ache,3,2021,132,8869,M S,13,236,0,0.538628900423646,0,0.538628900423646,1,0.5343139916658401,10,3,0,0,0.9965827036648989,0.4456375986337662
GER-Bundesliga,2122,Eintracht Frankfurt,Sam Lammers,3,2021,132,8870,F S,15,519,1,1.0651042889803648,1,1.0651042889803648,0,0.1184225995093584,13,2,1,0,1.0624016877263784,0.27781400084495544
GER-Bundesliga,2122,Eintracht Frankfurt,Santos Borré,3,2021,132,5113,F M S,31,2409,8,7.775672052055597,8,7.775672052055597,4,3.38389147631824,53,29,5,0,12.947347894310951,3.406561693176627
GER-Bundesliga,2122,Eintracht Frankfurt,Sebastian Rode,3,2021,132,228,M S,17,776,1,0.8968863133341074,1,0.8968863133341074,0,1.1871344037353992,6,12,1,0,5.473810974508524,3.9971294589340687
GER-Bundesliga,2122,Eintracht Frankfurt,Stefan Ilsanker,3,2021,132,5242,D M S,12,253,0,0.22920740395784378,0,0.22920740395784378,0,0.0,4,0,1,0,0.14454719796776772,0.12628879956901073
GER-Bundesliga,2122,Eintracht Frankfurt,Timothy Chandler,3,2021,132,359,D M S,17,1225,0,0.4200951065868139,0,0.4200951065868139,0,0.49094659462571144,13,10,4,0,1.1910125892609358,0.6936497054994106
GER-Bundesliga,2122,Eintracht Frankfurt,Tuta,3,2021,132,7524,D,26,2197,4,2.7060751542448997,4,2.7060751542448997,0,0.14498340152204037,15,4,2,1,3.5845465920865536,3.426265887916088
GER-Bundesliga,2122,FC Cologne,Anthony Modeste,3,2021,134,137,F S,32,2639,20,16.31857554614544,19,15.560875460505486,3,3.3105535116046667,107,20,3,0,18.018614757806063,1.7279817881062627
GER-Bundesliga,2122,FC Cologne,Benno Schmitz,3,2021,134,5253,D S,31,2454,0,0.42701480630785227,0,0.42701480630785227,5,4.052147035486996,12,36,5,0,11.118147007189691,7.913878270424902
GER-Bundesliga,2122,FC Cologne,Dejan Ljubicic,3,2021,134,9797,M S,30,1986,3,2.0698206974193454,3,2.0698206974193454,1,2.684839501976967,29,28,4,0,8.83650955464691,4.950047122314572
GER-Bundesliga,2122,FC Cologne,Ellyes Skhiri,3,2021,134,3347,M S,22,1812,4,3.439081411808729,4,3.439081411808729,1,0.8656356446444988,23,15,3,0,5.8587647676467896,3.595196321606636
GER-Bundesliga,2122,FC Cologne,Florian Kainz,3,2021,134,5231,M S,32,2406,4,3.3779715206474066,4,3.3779715206474066,4,6.0432399194687605,38,48,2,1,15.681867752224207,10.055031429976225
GER-Bundesliga,2122,FC Cologne,Jan Thielmann,3,2021,134,8205,F M S,29,1152,3,1.924869854003191,3,1.924869854003191,3,2.112501297146082,15,23,6,0,5.904162116348743,2.201936399564147
GER-Bundesliga,2122,FC Cologne,Jannes Horn,3,2021,134,2627,D S,11,465,0,0.06040619965642691,0,0.06040619965642691,0,0.4698166027665138,3,6,2,0,0.8891475033015013,0.4064980000257492
GER-Bundesliga,2122,FC Cologne,Jonas Hector,3,2021,134,131,D M,30,2559,0,1.3495396198704839,0,1.3495396198704839,6,4.7077358001843095,17,36,3,0,10.984632156789303,7.984538744203746
GER-Bundesliga,2122,FC Cologne,Jorge Meré,3,2021,134,2210,D S,8,494,0,0.0,0,0.0,0,0.02230440080165863,0,1,2,0,2.3943649353459477,2.3720605364069343
GER-Bundesliga,2122,FC Cologne,Julian Chabot,3,2021,134,7937,D S,4,207,0,0.0,0,0.0,0,0.0,0,0,1,0,0.6083539873361588,0.6083539873361588
GER-Bundesliga,2122,FC Cologne,Kingsley Ehizibue,3,2021,134,7785,D S,16,659,0,0.15447379741817713,0,0.15447379741817713,1,0.8474895972758532,6,9,2,0,1.797625983133912,1.072808999568224
GER-Bundesliga,2122,FC Cologne,Kingsley Schindler,3,2021,134,7788,D S,18,309,1,0.46554058231413364,1,0.46554058231413364,2,1.1030539013445377,3,5,1,0,2.7898273542523384,1.2701656073331833
GER-Bundesliga,2122,FC Cologne,Louis Schaub,3,2021,134,7897,M S,28,603,1,1.2781943045556545,1,1.2781943045556545,2,1.3413059953600168,14,10,0,0,3.570244897156954,1.4443796034902334
GER-Bundesliga,2122,FC Cologne,Luca Kilian,3,2021,134,7807,D S,31,2280,1,1.7286614030599594,1,1.7286614030599594,0,0.1080763004720211,5,2,3,0,4.26878028921783,4.218930888921022
GER-Bundesliga,2122,FC Cologne,Mark Uth,3,2021,134,88,F M S,30,2067,5,6.125489094294608,5,6.125489094294608,8,6.6842978335917,70,55,3,0,13.01998495683074,4.933890033513308
GER-Bundesliga,2122,FC Cologne,Marvin Schwäbe,3,2021,134,4376,GK,21,1890,0,0.0,0,0.0,0,0.0,0,0,1,0,1.7158477939665318,1.7158477939665318
GER-Bundesliga,2122,FC Cologne,Mathias Olesen,3,2021,134,10157,S,3,10,0,0.0,0,0.0,0,0.08482299745082855,0,1,0,0,0.08482299745082855,0.0
GER-Bundesliga,2122,FC Cologne,Noah Katterbach,3,2021,134,8083,S,1,12,0,0.0,0,0.0,0,0.0,0,0,0,0,0.0,0.0
GER-Bundesliga,2122,FC Cologne,Ondrej Duda,3,2021,134,5240,F M S,31,1640,2,3.4093410847708583,2,3.4093410847708583,0,1.790094818919897,42,19,5,0,8.226730212569237,3.660894088447094
GER-Bundesliga,2122,FC Cologne,Rafael Czichos,3,2021,134,7786,D S,17,1402,0,0.19034690037369728,0,0.19034690037369728,1,0.34755290299654007,2,2,4,0,3.8175528310239315,3.5162067227065563
GER-Bundesliga,2122,FC Cologne,Salih Özcan,3,2021,134,5294,M S,31,2307,2,2.1006440753117204,2,2.1006440753117204,0,1.3818518090993166,27,19,5,0,8.67395819351077,6.741195624694228
GER-Bundesliga,2122,FC Cologne,Sebastian Andersson,3,2021,134,7880,F S,26,1247,3,5.116826355457306,3,5.116826355457306,1,1.028148103505373,35,11,3,0,6.620396960526705,0.8678002096712589
GER-Bundesliga,2122,FC Cologne,Tim Lemperle,3,2021,134,8407,S,13,119,2,2.0364901162683964,2,2.0364901162683964,0,0.5323588028550148,7,6,0,0,2.697301149368286,0.421058701351285
GER-Bundesliga,2122,FC Cologne,Timo Horn,3,2021,134,127,GK,13,1170,0,0.0,0,0.0,0,0.0,0,0,0,0,1.3124181851744652,1.3124181851744652
GER-Bundesliga,2122,FC Cologne,Timo Hübers,3,2021,134,6403,D,20,1746,1,1.8176306085661054,1,1.8176306085661054,0,0.0,9,0,7,0,3.30898773111403,3.30898773111403
GER-Bundesliga,2122,FC Cologne,Tomás Ostrák,3,2021,134,9798,S,5,19,0,0.04294190090149641,0,0.04294190090149641,1,0.6356077129021287,2,2,0,0,0.7125566145405173,0.0340070016682148
GER-Bundesliga,2122,Freiburg,Baptiste Santamaria,3,2021,135,5654,S,1,20,0,0.0,0,0.0,0,0.0,0,0,0,0,0.09634549915790558,0.09634549915790558
GER-Bundesliga,2122,Freiburg,Benjamin Uphoff,3,2021,135,72,GK,2,180,0,0.0,0,0.0,0,0.0,0,0,0,0,0.13270699977874756,0.13270699977874756
GER-Bundesliga,2122,Freiburg,Christian Günter,3,2021,135,4243,D,34,3060,2,0.9305782490409911,2,0.9305782490409911,9,7.634102204814553,25,69,1,0,9.451995788142085,5.646295582875609
GER-Bundesliga,2122,Freiburg,Dominique Heintz,3,2021,135,129,D S,8,505,0,0.6154549717903137,0,0.6154549717903137,0,0.009626549668610096,1,1,0,0,1.888019566424191,1.878393016755581
GER-Bundesliga,2122,Freiburg,Ermedin Demirovic,3,2021,135,6496,F S,31,852,2,3.7472460232675076,2,3.7472460232675076,3,1.8191473968327045,25,10,4,0,6.193144336342812,1.0300002209842205
GER-Bundesliga,2122,Freiburg,Hugo Siquet,3,2021,135,10286,S,1,21,0,0.0,0,0.0,0,0.0,0,0,0,0,0.0,0.0
GER-Bundesliga,2122,Freiburg,Janik Haberer,3,2021,135,4271,M S,26,789,3,0.8193956920877099,3,0.8193956920877099,0,0.08481720089912415,13,1,1,0,2.063313760794699,1.4896913673728704
GER-Bundesliga,2122,Freiburg,Jonathan Schmid,3,2021,135,81,D S,13,571,0,0.195683597587049,0,0.195683597587049,1,0.9689782075583935,5,8,0,0,2.8882808312773705,2.5123694855719805
GER-Bundesliga,2122,Freiburg,Keven Schlotterbeck,3,2021,135,7401,D S,12,302,0,0.04731319844722748,0,0.04731319844722748,0,0.016840100288391113,1,1,1,0,0.9734976068139076,0.9566575959324837
GER-Bundesliga,2122,Freiburg,Kevin Schade,3,2021,135,9156,F M S,21,813,4,2.6034708190709352,4,2.6034708190709352,1,1.1424069851636887,19,8,2,0,2.7538541946560144,0.2672900017350912
GER-Bundesliga,2122,Freiburg,Kiliann Sildillia,3,2021,135,9270,D S,7,157,0,0.0,0,0.0,0,0.18148120492696762,0,2,1,0,0.6666654944419861,0.6666654944419861
GER-Bundesliga,2122,Freiburg,Lucas Höler,3,2021,135,6475,F M S,34,2611,7,10.049275354482234,7,10.049275354482234,2,5.470116049051285,60,38,2,0,17.548882061615586,6.69177670031786
GER-Bundesliga,2122,Freiburg,Lukas Kübler,3,2021,135,5263,D S,29,2358,2,1.8020601719617844,2,1.8020601719617844,0,0.8049653973430395,13,13,2,0,4.735525083728135,2.5517567163333297
GER-Bundesliga,2122,Freiburg,Manuel Gulde,3,2021,135,5292,D S,20,1225,0,0.0,0,0.0,0,0.04884419962763786,0,1,2,0,1.1371936835348606,1.1371936835348606
GER-Bundesliga,2122,Freiburg,Mark Flekken,3,2021,135,7047,GK,32,2880,0,0.0,0,0.0,0,0.017605699598789215,0,1,0,0,3.4323646873235703,3.4323646873235703
GER-Bundesliga,2122,Freiburg,Maximilian Eggestein,3,2021,135,125,M S,31,2212,1,1.004754500463605,1,1.004754500463605,2,1.4004961969330907,23,26,2,0,6.916817880235612,4.965829840861261
GER-Bundesliga,2122,Freiburg,Nico Schlotterbeck,3,2021,135,7485,D,32,2795,4,4.528474688529968,4,4.528474688529968,1,1.5906410031020641,34,12,5,0,7.930851340293884,6.865741662681103
GER-Bundesliga,2122,Freiburg,Nicolas Höfler,3,2021,135,4250,M,30,2609,2,2.0230711111798882,2,2.0230711111798882,4,2.3829314578324556,32,18,5,0,9.75550114363432,8.995490249246359
GER-Bundesliga,2122,Freiburg,Nils Petersen,3,2021,135,4248,F S,22,540,5,2.7844520839862525,5,2.7844520839862525,1,0.8746505938470364,15,7,0,0,3.0623033749870956,0.354057889431715
GER-Bundesliga,2122,Freiburg,Noah Weißhaupt,3,2021,135,9732,S,10,81,0,0.0,0,0.0,0,0.5429550977423787,0,3,0,0,0.9286980899050832,0.8410019874572754
GER-Bundesliga,2122,Freiburg,Philipp Lienhart,3,2021,135,2611,D,32,2872,5,4.316328343003988,5,4.316328343003988,0,0.6969405859708786,19,4,2,0,6.930432674475014,6.7404354782775044
GER-Bundesliga,2122,Freiburg,Roland Sallai,3,2021,135,1277,F M S,31,1571,4,5.911251103505492,4,5.911251103505492,4,4.639351196587086,47,18,1,0,10.187231222167611,2.667420806363225
GER-Bundesliga,2122,Freiburg,Vincent Vermeij,3,2021,135,10496,S,1,2,0,0.0,0,0.0,0,0.0,0,0,0,0,0.0,0.0
GER-Bundesliga,2122,Freiburg,Vincenzo Grifo,3,2021,135,5266,F M S,34,2812,9,10.031307935714722,4,5.4848987720906734,7,8.531831916421652,69,63,0,0,13.54622152633965,7.771419569849968
GER-Bundesliga,2122,Freiburg,Woo-Yeong Jeong,3,2021,135,7267,F M S,32,1811,5,6.645955413579941,5,6.645955413579941,2,1.9295140989124775,51,24,1,0,10.348907114937901,3.118131233379245
GER-Bundesliga,2122,Freiburg,Yannik Keitel,3,2021,135,8206,M S,12,501,0,0.991228174418211,0,0.991228174418211,0,0.10727239772677422,10,3,1,0,1.5760316774249077,1.256546288728714
GER-Bundesliga,2122,Greuther Fuerth,Abdourahmane Barry,3,2021,267,9720,D S,8,194,0,0.019868800416588783,0,0.019868800416588783,0,0.11513690277934074,1,2,2,0,0.4525304064154625,0.4525304064154625
GER-Bundesliga,2122,Greuther Fuerth,Adrian Fein,3,2021,267,8976,S,3,26,0,0.021025100722908974,0,0.021025100722908974,0,0.04852759838104248,1,1,0,0,0.4972625970840454,0.44873499870300293
GER-Bundesliga,2122,Greuther Fuerth,Afimico Pululu,3,2021,267,10252,S,8,48,0,0.058392301201820374,0,0.058392301201820374,0,0.0,1,0,0,0,0.11882520094513893,0.06043289974331856
GER-Bundesliga,2122,Greuther Fuerth,Andreas Linde,3,2021,267,10312,GK,12,1080,0,0.0,0,0.0,0,0.0,0,0,0,0,1.0121397022157907,1.0121397022157907
GER-Bundesliga,2122,Greuther Fuerth,Branimir Hrgota,3,2021,267,216,F M S,34,2809,9,9.19154967367649,4,5.402739968150854,5,3.207376878708601,65,35,4,0,9.977127959951758,2.9613883839920163
GER-Bundesliga,2122,Greuther Fuerth,Cedric Itten,3,2021,267,9954,F S,12,635,2,2.6648639580234885,2,2.6648639580234885,0,0.10380420088768005,15,3,1,0,1.3264947002753615,0.051070600748062134
GER-Bundesliga,2122,Greuther Fuerth,Dickson Abiama,3,2021,267,9719,F S,24,696,0,1.6354082897305489,0,1.6354082897305489,1,1.581666812300682,18,8,3,0,3.4284704737365246,0.4237401019781828
GER-Bundesliga,2122,Greuther Fuerth,Gian-Luca Itter,3,2021,267,5300,D M S,24,1444,0,0.19316420331597328,0,0.19316420331597328,1,1.224189487285912,5,10,3,0,2.781505389139056,2.1714542731642723
GER-Bundesliga,2122,Greuther Fuerth,Gideon Jung,3,2021,267,168,D S,5,136,0,0.0,0,0.0,0,0.0,0,0,0,0,0.19670139998197556,0.19670139998197556
GER-Bundesliga,2122,Greuther Fuerth,Hans Nunoo Sarpei,3,2021,267,7179,D M S,8,642,0,0.059581450186669827,0,0.059581450186669827,0,0.0,3,0,2,0,1.1955035272985697,1.1858688276261091
GER-Bundesliga,2122,Greuther Fuerth,Håvard Nielsen,3,2021,267,5269,F M S,26,1364,2,2.3132567014545202,2,2.3132567014545202,0,0.20277810096740723,28,4,2,0,3.1799078080803156,1.5787995168939233
GER-Bundesliga,2122,Greuther Fuerth,Jamie Leweling,3,2021,267,9718,F M S,33,1962,5,3.8492322945967317,5,3.8492322945967317,1,1.6021407693624496,44,16,3,0,6.335215521976352,1.5782537907361984
GER-Bundesliga,2122,Greuther Fuerth,Jeremy Dudziak,3,2021,267,4240,F M S,22,1150,2,2.367935113608837,2,2.367935113608837,0,1.1620840057730675,16,13,1,0,4.362445238977671,1.0603727884590626
GER-Bundesliga,2122,Greuther Fuerth,Jessic Ngankam,3,2021,267,8396,F S,6,345,2,1.7918057180941105,2,1.7918057180941105,1,0.3694080114364624,9,1,0,0,1.5436567328870296,0.05586649850010872
GER-Bundesliga,2122,Greuther Fuerth,Jetro Willems,3,2021,267,6143,D M S,24,1637,1,0.8097230736166239,1,0.8097230736166239,0,1.5601177141070366,11,12,5,0,3.1937208846211433,2.2164570186287165
GER-Bundesliga,2122,Greuther Fuerth,Julian Green,3,2021,267,4323,M S,24,1047,0,0.4895337000489235,0,0.4895337000489235,0,0.5802287012338638,19,10,2,0,1.3433346883393824,0.687173193320632
GER-Bundesliga,2122,Greuther Fuerth,Justin Hoogma,3,2021,267,6678,D,3,270,0,0.057394400238990784,0,0.057394400238990784,0,0.02004910074174404,1,1,1,0,0.5227087922394276,0.5026597864925861
GER-Bundesliga,2122,Greuther Fuerth,Marco Meyerhöfer,3,2021,267,9717,D M S,26,2276,1,1.1540144057944417,1,1.1540144057944417,0,0.6900568939745426,10,17,0,0,5.567309595644474,3.9245178941637278
GER-Bundesliga,2122,Greuther Fuerth,Marius Funk,3,2021,267,9721,GK,8,720,0,0.0,0,0.0,0,0.0965160895138979,0,3,0,0,0.24934099987149239,0.1615036018192768
GER-Bundesliga,2122,Greuther Fuerth,Max Christiansen,3,2021,267,245,M S,27,2059,0,0.3286662413738668,0,0.3286662413738668,0,0.4939281577244401,10,12,5,0,3.791784904897213,3.3821825925260782
GER-Bundesliga,2122,Greuther Fuerth,Maximilian Bauer,3,2021,267,9716,D S,26,1675,0,0.18600278813391924,0,0.18600278813391924,0,0.05127039924263954,5,1,5,0,1.6551500940695405,1.6551500940695405
GER-Bundesliga,2122,Greuther Fuerth,Nick Viergever,3,2021,267,9953,D,24,2136,0,0.23249100148677826,0,0.23249100148677826,0,0.569678008556366,2,1,2,0,2.4475574530661106,1.8778794445097446
GER-Bundesliga,2122,Greuther Fuerth,Nils Seufert,3,2021,267,8797,M S,4,93,0,0.0,0,0.0,0,0.0,0,0,0,0,0.38760998845100403,0.38760998845100403
GER-Bundesliga,2122,Greuther Fuerth,Paul Seguin,3,2021,267,2625,M S,27,2112,0,0.4775180732831359,0,0.4775180732831359,3,1.6488861218094826,11,21,9,0,4.788907653652132,3.1987521648406982
GER-Bundesliga,2122,Greuther Fuerth,Sascha Burchert,3,2021,267,2670,GK,14,1260,0,0.0,0,0.0,0,0.037961799651384354,0,1,0,0,0.8674043100327253,0.8674043100327253
GER-Bundesliga,2122,Greuther Fuerth,Sebastian Griesbeck,3,2021,267,8801,D M S,30,2447,1,0.8043859843164682,1,0.8043859843164682,0,0.12237319722771645,7,2,7,0,1.5881178975105286,1.3772229999303818
GER-Bundesliga,2122,Greuther Fuerth,Simon Asta,3,2021,267,6597,D M S,13,782,0,0.19480520114302635,0,0.19480520114302635,0,0.5486753042787313,3,3,1,0,1.9584026522934437,1.214922385290265
GER-Bundesliga,2122,Greuther Fuerth,Timothy Tillman,3,2021,267,7042,M S,29,2030,1,2.0667156893759966,1,2.0667156893759966,2,2.534813730046153,24,29,3,0,5.322402074933052,1.8233620766550303
GER-Bundesliga,2122,Greuther Fuerth,Tobias Raschl,3,2021,267,8114,M S,10,599,0,0.12905879877507687,0,0.12905879877507687,1,0.051402200013399124,5,2,0,0,0.3909865878522396,0.2256363034248352
GER-Bundesliga,2122,Hertha Berlin,Alexander Schwolow,3,2021,122,5262,GK,25,2175,0,0.0,0,0.0,0,0.056954801082611084,0,1,1,0,2.0037718657404184,1.946816885843873
GER-Bundesliga,2122,Hertha Berlin,Anton Kade,3,2021,122,10288,S,4,65,0,0.29408198595046997,0,0.29408198595046997,0,0.0,1,0,0,0,0.29408198595046997,0.0
GER-Bundesliga,2122,Hertha Berlin,Cimo Röcker,3,2021,122,10026,S,1,20,0,0.0,0,0.0,0,0.350926011800766,0,1,0,0,0.0,0.0
GER-Bundesliga,2122,Hertha Berlin,Davie Selke,3,2021,122,4280,F S,25,992,4,4.574638462625444,3,3.816861472092569,0,0.5887731816619635,25,7,1,0,4.758341424167156,0.9662123806774616
GER-Bundesliga,2122,Hertha Berlin,Dedryck Boyata,3,2021,122,4468,D S,23,1902,0,0.7945772726088762,0,0.7945772726088762,0,0.14853280410170555,10,4,1,1,3.6646125093102455,3.5903420075774193
GER-Bundesliga,2122,Hertha Berlin,Dennis Jastrzembski,3,2021,122,7028,D S,8,213,0,0.10213000327348709,0,0.10213000327348709,0,0.7722221873700619,1,4,1,0,0.8767889905720949,0.026121700182557106
GER-Bundesliga,2122,Hertha Berlin,Deyovaisio Zeefuik,3,2021,122,8805,D S,11,566,0,0.0,0,0.0,0,0.3679848909378052,0,4,1,0,2.2836440056562424,1.9753789156675339
GER-Bundesliga,2122,Hertha Berlin,Dodi Lukebakio,3,2021,122,5706,F M S,22,1035,2,4.1744687501341105,1,3.4166916627436876,2,2.4949581176042557,21,12,2,0,7.240768361836672,2.8179984018206596
GER-Bundesliga,2122,Hertha Berlin,Dong-Jun Lee,3,2021,122,10363,F S,4,113,0,0.4351674094796181,0,0.4351674094796181,0,0.0,3,0,0,0,0.05990640074014664,0.0
GER-Bundesliga,2122,Hertha Berlin,Fredrik Bjørkan,3,2021,122,10358,D S,9,331,0,0.0,0,0.0,0,0.05899299867451191,0,2,1,0,1.0652109161019325,1.0062179192900658
GER-Bundesliga,2122,Hertha Berlin,Ishak Belfodil,3,2021,122,3834,F S,26,1642,5,4.197264865040779,4,3.4394878894090652,2,2.699621770530939,32,22,1,0,7.166795060969889,2.7054526284337044
GER-Bundesliga,2122,Hertha Berlin,Javairo Dilrosun,3,2021,122,7122,M S,2,140,0,0.037263501435518265,0,0.037263501435518265,0,0.0,1,0,0,0,0.037263501435518265,0.0
GER-Bundesliga,2122,Hertha Berlin,Jordan Torunarigha,3,2021,122,5238,D S,7,489,0,0.13946039974689484,0,0.13946039974689484,1,0.06408810056746006,2,2,1,0,0.6463548000901937,0.5822670012712479
GER-Bundesliga,2122,Hertha Berlin,Julian Eitschberger,3,2021,122,10544,D,1,47,0,0.0,0,0.0,0,0.0,0,0,0,0,0.3216170072555542,0.3216170072555542
GER-Bundesliga,2122,Hertha Berlin,Jurgen Ekkelenkamp,3,2021,122,9993,M S,21,691,3,2.256017690524459,3,2.256017690524459,0,0.7021867921575904,14,8,1,0,2.870030105113983,1.0984941944479942
GER-Bundesliga,2122,Hertha Berlin,Kevin-Prince Boateng,3,2021,122,1819,F M S,18,698,0,0.25659020338207483,0,0.25659020338207483,0,0.30279809795320034,10,7,7,0,3.149518263526261,2.724050129763782
GER-Bundesliga,2122,Hertha Berlin,Krzysztof Piatek,3,2021,122,7090,F S,9,348,1,2.1545790676027536,1,2.1545790676027536,0,0.0,12,0,0,0,2.229025149717927,0.2062302976846695
GER-Bundesliga,2122,Hertha Berlin,Linus Gechter,3,2021,122,9991,D M S,13,699,1,0.5950837060809135,1,0.5950837060809135,0,0.3063295055180788,5,4,0,0,2.000971984118223,1.9326237849891186
GER-Bundesliga,2122,Hertha Berlin,Luca Wollschläger,3,2021,122,10573,S,2,13,0,0.0422447994351387,0,0.0422447994351387,0,0.03084770031273365,1,1,0,0,0.07309249974787235,0.0
GER-Bundesliga,2122,Hertha Berlin,Lucas Tousart,3,2021,122,3743,D M S,30,1951,2,1.4497562507167459,2,1.4497562507167459,0,0.9532134961336851,23,12,3,0,3.449976032599807,2.50373859051615
GER-Bundesliga,2122,Hertha Berlin,Lukas Klünter,3,2021,122,403,D S,5,182,0,0.0,0,0.0,0,0.6252753138542175,0,2,1,0,0.7413027174770832,0.18153070285916328
GER-Bundesliga,2122,Hertha Berlin,Marc-Oliver Kempf,3,2021,122,4291,D S,24,1892,3,2.055416990071535,3,2.055416990071535,1,1.3899225406348705,20,9,3,1,4.3493418507277966,3.8318234924227
GER-Bundesliga,2122,Hertha Berlin,Marcel Laurenz Lotka,3,2021,122,9549,GK S,10,885,0,0.0,0,0.0,0,0.0,0,0,1,0,0.4914736095815897,0.4914736095815897
GER-Bundesliga,2122,Hertha Berlin,Marco Richter,3,2021,122,6357,D F M S,30,1706,5,3.805230471305549,5,3.805230471305549,1,2.7308399891480803,44,17,6,0,8.316547573544085,3.704845384694636
GER-Bundesliga,2122,Hertha Berlin,Marten Winkler,3,2021,122,10511,S,1,21,0,0.0,0,0.0,0,0.0,0,0,0,0,0.5529839992523193,0.5529839992523193
GER-Bundesliga,2122,Hertha Berlin,Marvin Plattenhardt,3,2021,122,23,D M S,21,1642,0,0.47507000155746937,0,0.47507000155746937,3,4.481527606956661,7,39,3,0,4.654231633991003,3.9476804360747337
GER-Bundesliga,2122,Hertha Berlin,Matheus Cunha,3,2021,122,7080,F,1,68,0,0.17374500632286072,0,0.17374500632286072,1,0.8883569836616516,2,1,0,0,0.11108700186014175,0.022188900038599968
GER-Bundesliga,2122,Hertha Berlin,Maximilian Mittelstädt,3,2021,122,419,D M S,24,1487,0,0.3860027026385069,0,0.3860027026385069,5,2.793548194691539,11,22,3,0,4.888967890292406,2.7783244056627154
GER-Bundesliga,2122,Hertha Berlin,Myziane Maolida,3,2021,122,5736,F M S,14,778,1,1.4192189034074545,1,1.4192189034074545,1,0.24637450277805328,14,4,0,0,2.1411378756165504,0.4883088003844023
GER-Bundesliga,2122,Hertha Berlin,Márton Dárdai,3,2021,122,8398,D S,12,770,0,0.18275880254805088,0,0.18275880254805088,1,0.4427169859409332,4,2,2,0,0.44880321342498064,0.42811760772019625
GER-Bundesliga,2122,Hertha Berlin,Niklas Stark,3,2021,122,418,D M S,26,2028,1,0.9199988152831793,1,0.9199988152831793,0,0.42871970776468515,11,4,3,0,3.7425847789272666,3.2940832814201713
GER-Bundesliga,2122,Hertha Berlin,Peter Pekarík,3,2021,122,443,D M S,27,2249,0,0.7019787048920989,0,0.7019787048920989,0,0.5292979953810573,10,13,1,0,5.865829735063016,4.749539486132562
GER-Bundesliga,2122,Hertha Berlin,Santiago Ascacibar,3,2021,122,6289,M S,28,2388,0,1.2529001161456108,0,1.2529001161456108,1,0.46789810061454773,13,11,5,0,7.104157496243715,6.448499895632267
GER-Bundesliga,2122,Hertha Berlin,Stevan Jovetic,3,2021,122,1524,F M S,18,1021,6,5.074164189398289,6,5.074164189398289,1,1.4073795210570097,44,15,4,0,5.936674462631345,2.524213008582592
GER-Bundesliga,2122,Hertha Berlin,Suat Serdar,3,2021,122,307,F M S,30,2265,3,2.8073733365163207,3,2.8073733365163207,0,2.1780065335333347,33,23,6,0,7.842217258177698,3.7126050125807524
GER-Bundesliga,2122,Hertha Berlin,Vladimir Darida,3,2021,122,27,M S,25,1813,2,1.6593727162107825,2,1.6593727162107825,5,3.1827957332134247,24,34,6,0,6.252319358289242,2.7743013203144073
GER-Bundesliga,2122,Hoffenheim,Andrej Kramaric,3,2021,120,956,F M S,32,2713,6,12.476518963463604,6,12.476518963463604,9,7.466075788252056,93,41,2,0,25.301694069057703,9.698374869301915
GER-Bundesliga,2122,Hoffenheim,Angelo Stiller,3,2021,120,9725,M S,26,1680,2,0.8550984188914299,2,0.8550984188914299,1,1.5762554928660393,15,15,1,0,10.522518062964082,8.75502672791481
GER-Bundesliga,2122,Hoffenheim,Benjamin Hübner,3,2021,120,251,D,5,381,1,1.028080204501748,1,1.028080204501748,0,0.0,8,0,2,0,1.59205861389637,1.5627513080835342
GER-Bundesliga,2122,Hoffenheim,Christoph Baumgartner,3,2021,120,7422,F M S,29,1907,7,8.593666635453701,7,8.593666635453701,2,4.433347932994366,42,21,5,0,16.31896586716175,6.641672778874636
GER-Bundesliga,2122,Hoffenheim,David Raum,3,2021,120,9724,D M S,32,2769,3,1.8066987711936235,3,1.8066987711936235,11,12.221860196441412,24,82,5,0,19.698824740946293,11.042737022042274
GER-Bundesliga,2122,Hoffenheim,Dennis Geiger,3,2021,120,6081,M S,20,1403,2,1.066880501806736,2,1.066880501806736,2,1.949195023626089,15,21,6,0,6.073609422892332,4.700627138838172
GER-Bundesliga,2122,Hoffenheim,Diadie Samassékou,3,2021,120,7868,M S,24,1685,2,0.7115394035354257,2,0.7115394035354257,0,1.1401211116462946,15,9,7,0,8.617697034962475,7.760160846635699
GER-Bundesliga,2122,Hoffenheim,Ermin Bicakcic,3,2021,120,84,S,1,3,0,0.0,0,0.0,0,0.0,0,0,0,0,0.0,0.0
GER-Bundesliga,2122,Hoffenheim,Fisnik Asllani,3,2021,120,10113,S,2,7,0,0.0,0,0.0,0,0.0,0,0,0,0,0.03323009982705116,0.03323009982705116
GER-Bundesliga,2122,Hoffenheim,Florian Grillitsch,3,2021,120,116,D M S,18,1495,0,1.4643763033673167,0,1.4643763033673167,0,0.6584164872765541,8,10,7,0,8.240888833999634,6.600121695548296
GER-Bundesliga,2122,Hoffenheim,Georginio Rutter,3,2021,120,6937,F M S,33,1595,8,7.002919633872807,8,7.002919633872807,2,3.1405570842325687,53,15,2,0,12.401521407067776,4.473396316170692
GER-Bundesliga,2122,Hoffenheim,Håvard Nordtveit,3,2021,120,202,D S,11,285,0,0.046768199652433395,0,0.046768199652433395,0,0.0779011994600296,1,1,1,0,0.6056899018585682,0.5277887023985386
GER-Bundesliga,2122,Hoffenheim,Ihlas Bebou,3,2021,120,6271,D F M S,28,2135,7,9.829367075115442,7,9.829367075115442,2,1.8705202108249068,43,20,0,0,15.228937588632107,4.538647627457976
GER-Bundesliga,2122,Hoffenheim,Jacob Bruun Larsen,3,2021,120,5355,D F M S,25,791,4,2.4951894003897905,4,2.4951894003897905,0,1.817023502662778,18,14,1,0,6.948103481903672,3.969728171825409
GER-Bundesliga,2122,Hoffenheim,Justin Che,3,2021,120,10426,S,2,36,0,0.05086519941687584,0,0.05086519941687584,0,0.0,1,0,0,0,0.05086519941687584,0.0
GER-Bundesliga,2122,Hoffenheim,Kasim Nuhu,3,2021,120,7024,S,3,3,0,0.25672298669815063,0,0.25672298669815063,0,0.0,1,0,0,0,0.3063009977340698,0.3063009977340698
GER-Bundesliga,2122,Hoffenheim,Kevin Akpoguma,3,2021,120,6327,D M S,26,1544,2,1.5234963148832321,2,1.5234963148832321,3,3.246852658689022,11,12,5,0,9.002083671279252,5.8245637295767665
GER-Bundesliga,2122,Hoffenheim,Kevin Vogt,3,2021,120,133,D S,30,2571,0,0.043746499344706535,0,0.043746499344706535,2,0.3602252993732691,3,7,7,0,11.326698016375303,11.033198921009898
GER-Bundesliga,2122,Hoffenheim,Marco John,3,2021,120,9108,S,2,38,0,0.0,0,0.0,0,0.0,0,0,0,0,1.0680400133132935,1.0680400133132935
GER-Bundesliga,2122,Hoffenheim,Mijat Gacinovic,3,2021,120,290,M S,4,107,0,0.08355209976434708,0,0.08355209976434708,0,0.0,1,0,1,0,0.6724780276417732,0.588925626128912
GER-Bundesliga,2122,Hoffenheim,Munas Dabbur,3,2021,120,8140,F M S,27,1323,3,3.829580817371607,3,3.829580817371607,4,2.340910041704774,33,18,5,0,9.08194137364626,4.700680010020733
GER-Bundesliga,2122,Hoffenheim,Nick Proschwitz,3,2021,120,10594,S,1,25,0,0.33090099692344666,0,0.33090099692344666,0,0.0,1,0,0,0,0.33090099692344666,0.0
GER-Bundesliga,2122,Hoffenheim,Oliver Baumann,3,2021,120,73,GK,33,2970,0,0.0,0,0.0,0,0.0,0,0,1,0,7.5881915763020515,7.5881915763020515
GER-Bundesliga,2122,Hoffenheim,Pavel Kaderábek,3,2021,120,74,D M S,19,1197,1,2.4042199850082397,1,2.4042199850082397,2,2.922263717278838,11,20,5,0,6.684410285204649,5.371675204485655
GER-Bundesliga,2122,Hoffenheim,Philipp Pentke,3,2021,120,7869,GK,1,90,0,0.0,0,0.0,0,0.0,0,0,0,0,0.15835900604724884,0.15835900604724884
GER-Bundesliga,2122,Hoffenheim,Robert Skov,3,2021,120,7867,M S,12,346,0,0.5923068914562464,0,0.5923068914562464,1,1.5522422026842833,12,9,1,0,2.656421422958374,1.0606823079288006
GER-Bundesliga,2122,Hoffenheim,Sargis Adamyan,3,2021,120,7900,F M S,13,312,1,0.6286221165210009,1,0.6286221165210009,0,0.6774339862167835,3,4,0,0,2.0609363298863173,1.2331302221864462
GER-Bundesliga,2122,Hoffenheim,Sebastian Rudy,3,2021,120,90,M S,21,748,3,2.09952390845865,3,2.09952390845865,1,0.27582861110568047,14,6,5,0,5.259256921708584,3.149313770234585
GER-Bundesliga,2122,Hoffenheim,Stefan Posch,3,2021,120,5329,D S,28,2207,2,1.0835140785202384,2,1.0835140785202384,0,0.5497298054397106,14,5,5,0,4.817674541845918,4.326704040169716
GER-Bundesliga,2122,Hoffenheim,Tom Bischof,3,2021,120,10289,S,1,11,0,0.0,0,0.0,0,0.0,0,0,0,0,0.0,0.0
GER-Bundesliga,2122,Hoffenheim,Umut Tohumcu,3,2021,120,10595,S,1,3,0,0.0,0,0.0,0,0.0,0,0,0,0,0.0,0.0
GER-Bundesliga,2122,Mainz 05,Aarón Martín,3,2021,125,5133,D M S,28,2300,1,0.7781184893101454,1,0.7781184893101454,1,4.818249434232712,17,47,7,0,6.237796011380851,4.141918811015785
GER-Bundesliga,2122,Mainz 05,Alexander Hack,3,2021,125,52,D S,28,2085,3,2.8987611634656787,3,2.8987611634656787,1,0.9673040173947811,21,10,6,1,3.8396049607545137,3.735394863411784
GER-Bundesliga,2122,Mainz 05,Anderson-Lenda Lucoqui,3,2021,125,8788,D M S,13,740,1,0.4587747994810343,1,0.4587747994810343,0,0.4108024090528488,8,6,2,0,1.2983938083052635,0.4527960056439042
GER-Bundesliga,2122,Mainz 05,Anton Stach,3,2021,125,9910,M S,29,1857,1,2.02553120162338,1,2.02553120162338,6,4.120082991197705,48,32,6,0,7.924478895962238,5.052265904843807
GER-Bundesliga,2122,Mainz 05,Daniel Brosinski,3,2021,125,38,D S,11,379,0,0.006708549801260233,0,0.006708549801260233,0,0.7944283112883568,1,8,0,0,0.9120239056646824,0.6189807113260031
GER-Bundesliga,2122,Mainz 05,David Nemeth,3,2021,125,10003,D S,6,307,0,0.0,0,0.0,0,0.0,0,0,0,0,0.9047420024871826,0.9047420024871826
GER-Bundesliga,2122,Mainz 05,Delano Burgzorg,3,2021,125,10368,S,3,19,1,0.25704599916934967,1,0.25704599916934967,0,0.0,2,0,0,0,0.25704599916934967,0.0
GER-Bundesliga,2122,Mainz 05,Dominik Kohr,3,2021,125,269,M S,22,1637,0,1.6439665853977203,0,1.6439665853977203,3,1.218794910237193,18,9,6,2,5.82495457585901,4.644774317741394
GER-Bundesliga,2122,Mainz 05,Finn Dahmen,3,2021,125,6596,GK,2,180,0,0.0,0,0.0,0,0.0,0,0,0,0,0.0,0.0
GER-Bundesliga,2122,Mainz 05,Jae-Sung Lee,3,2021,125,9783,F M S,27,1477,4,3.10207118652761,4,3.10207118652761,3,2.16888468246907,27,20,3,0,8.387246564030647,3.951258823275566
GER-Bundesliga,2122,Mainz 05,Jean-Paul Boëtius,3,2021,125,7107,F M S,33,1793,2,1.4996108189225197,2,1.4996108189225197,2,2.9028078876435757,25,25,3,0,7.553630979731679,6.097225543111563
GER-Bundesliga,2122,Mainz 05,Jeremiah St. Juste,3,2021,125,7813,D S,8,598,1,0.7672575134783983,1,0.7672575134783983,0,0.14090339746326208,12,3,0,0,1.132953904569149,0.9618285298347473
GER-Bundesliga,2122,Mainz 05,Jonathan Burkardt,3,2021,125,7108,F M S,34,2678,11,13.56547305174172,10,12.807697089388967,3,2.9118185080587864,81,33,0,0,17.720215886831284,3.3237849306315184
GER-Bundesliga,2122,Mainz 05,Karim Onisiwo,3,2021,125,2631,F S,31,2404,5,9.148744232952595,5,9.148744232952595,8,7.506144778802991,68,40,0,0,18.24086206406355,4.685138429515064
GER-Bundesliga,2122,Mainz 05,Kevin Stöger,3,2021,125,7058,M S,23,357,1,1.2540068179368973,1,1.2540068179368973,1,1.3713400913402438,16,14,3,0,2.893176283687353,1.6733535900712013
GER-Bundesliga,2122,Mainz 05,Leandro Barreiro Martins,3,2021,125,7109,M S,31,1796,1,2.4234909806400537,1,2.4234909806400537,2,1.2663136795163155,32,13,3,0,7.395055461674929,3.9946337193250656
GER-Bundesliga,2122,Mainz 05,Marcus Ingvartsen,3,2021,125,7883,F M S,28,765,6,2.6860411763191223,5,1.9282642006874084,0,0.530752994120121,23,6,2,0,3.690174223855138,1.6171334655955434
GER-Bundesliga,2122,Mainz 05,Merveille Papela,3,2021,125,9178,S,5,71,0,0.015733899548649788,0,0.015733899548649788,0,0.0,1,0,0,0,0.015733899548649788,0.0
GER-Bundesliga,2122,Mainz 05,Moussa Niakhate,3,2021,125,5989,D S,30,2564,4,4.0508731454610825,2,2.535316213965416,0,0.528808806091547,13,11,1,0,4.614455781877041,4.273897904902697
GER-Bundesliga,2122,Mainz 05,Niklas Tauer,3,2021,125,8847,D M S,11,489,0,0.3453199863433838,0,0.3453199863433838,0,0.0,2,0,1,1,1.406259287148714,1.0609393008053303
GER-Bundesliga,2122,Mainz 05,Paul Nebel,3,2021,125,8846,M S,10,213,0,0.2767469882965088,0,0.2767469882965088,1,0.24081509932875633,3,4,3,0,0.8255385011434555,0.4923485070466995
GER-Bundesliga,2122,Mainz 05,Robin Zentner,3,2021,125,449,GK,32,2880,0,0.0,0,0.0,0,0.0,0,0,1,0,2.7025455804541707,2.7025455804541707
GER-Bundesliga,2122,Mainz 05,Romario Rösch,3,2021,125,6747,S,1,1,0,0.0,0,0.0,0,0.0,0,0,0,0,0.0,0.0
GER-Bundesliga,2122,Mainz 05,Silvan Widmer,3,2021,125,1139,D M,33,2932,4,2.8540811045095325,4,2.8540811045095325,5,2.720317146740854,22,21,1,0,10.920925449579954,7.1982338316738605
GER-Bundesliga,2122,Mainz 05,Stefan Bell,3,2021,125,40,D,33,2881,2,1.81678537838161,2,1.81678537838161,0,2.254038630053401,21,10,9,0,9.450072809122503,8.826266812160611
GER-Bundesliga,2122,Mainz 05,Stephan Fürstner,3,2021,125,9784,S,1,1,0,0.0,0,0.0,0,0.0,0,0,0,0,0.0,0.0
GER-Bundesliga,2122,Mainz 05,Ádám Szalai,3,2021,125,360,F S,12,230,1,1.0011144913733006,1,1.0011144913733006,0,0.3288959860801697,9,4,1,0,1.2043385282158852,0.34873440861701965
GER-Bundesliga,2122,RasenBallsport Leipzig,Amadou Haidara,3,2021,136,7501,M S,20,1322,3,1.312832497060299,3,1.312832497060299,1,0.5987329930067062,15,8,2,0,7.5146058443933725,6.875147204846144
GER-Bundesliga,2122,RasenBallsport Leipzig,André Silva,3,2021,136,6170,F S,33,2091,11,14.702838402241468,8,12.429504919797182,3,3.356619156897068,58,16,1,0,18.845169039443135,6.542913584038615
GER-Bundesliga,2122,RasenBallsport Leipzig,Angelino,3,2021,136,1040,D M S,29,2302,2,1.2132789231836796,2,1.2132789231836796,5,6.127184420824051,13,53,3,0,10.616054650396109,6.946275345981121
GER-Bundesliga,2122,RasenBallsport Leipzig,Benjamin Henrichs,3,2021,136,435,D M S,22,1125,3,1.2586835846304893,3,1.2586835846304893,3,2.8862227126955986,15,15,3,0,9.159379057586193,5.5230377949774265
GER-Bundesliga,2122,RasenBallsport Leipzig,Brian Brobbey,3,2021,136,9789,F S,9,111,0,0.3393757939338684,0,0.3393757939338684,2,0.7184385266155005,4,3,0,0,0.940558223053813,0.16008490324020386
GER-Bundesliga,2122,RasenBallsport Leipzig,Christopher Nkunku,3,2021,136,3300,F M S,34,2750,20,15.58956778421998,19,14.831789795309305,13,9.910539161413908,82,63,2,0,28.34562087804079,6.817460434511304
GER-Bundesliga,2122,RasenBallsport Leipzig,Dani Olmo,3,2021,136,8292,F M S,19,732,3,2.53422867693007,3,2.53422867693007,3,2.3242641938850284,22,12,2,0,5.570254515856504,0.9137106873095036
GER-Bundesliga,2122,RasenBallsport Leipzig,Dominik Szoboszlai,3,2021,136,9788,F M S,31,1521,6,4.873207777738571,6,4.115431305021048,8,6.286031836643815,41,40,2,0,12.533347002230585,5.606860972940922
GER-Bundesliga,2122,RasenBallsport Leipzig,Emil Forsberg,3,2021,136,5249,F M S,31,1713,6,7.489840863272548,2,4.458736984059215,2,3.7754140021279454,42,24,2,0,14.62699569016695,8.094009159132838
GER-Bundesliga,2122,RasenBallsport Leipzig,Hee-Chan Hwang,3,2021,136,8845,S,2,44,0,0.07500140368938446,0,0.07500140368938446,0,0.0,1,0,0,0,0.09988520294427872,0.024883799254894257
GER-Bundesliga,2122,RasenBallsport Leipzig,Hugo Novoa Ramos,3,2021,136,9293,M S,8,124,1,0.908531604334712,1,0.908531604334712,0,0.1434556022286415,2,2,0,0,1.064951304346323,0.03135659918189049
GER-Bundesliga,2122,RasenBallsport Leipzig,Ilaix Moriba,3,2021,136,9243,S,2,27,0,0.042364701628685,0,0.042364701628685,0,0.0,1,0,0,0,0.0672701969742775,0.024905499070882797
GER-Bundesliga,2122,RasenBallsport Leipzig,Joscha Wosz,3,2021,136,8962,S,1,6,0,0.0,0,0.0,0,0.0,0,0,0,0,0.0,0.0
GER-Bundesliga,2122,RasenBallsport Leipzig,Josep Martínez,3,2021,136,9052,GK,1,90,0,0.0,0,0.0,0,0.0,0,0,0,0,0.16401199996471405,0.16401199996471405
GER-Bundesliga,2122,RasenBallsport Leipzig,Josko Gvardiol,3,2021,136,9790,D S,29,2416,2,2.2798387967050076,2,2.2798387967050076,2,2.2497203089296818,23,11,7,0,12.324218582361937,10.66670199856162
GER-Bundesliga,2122,RasenBallsport Leipzig,Kevin Kampl,3,2021,136,188,M S,27,1943,0,0.42105099372565746,0,0.42105099372565746,1,1.6222961731255054,8,16,4,0,10.256810586899519,9.272289352491498
GER-Bundesliga,2122,RasenBallsport Leipzig,Konrad Laimer,3,2021,136,6109,M S,26,1253,4,2.6460048370063305,4,2.6460048370063305,4,3.0193448811769485,15,18,2,0,12.71952809393406,8.453888689167798
GER-Bundesliga,2122,RasenBallsport Leipzig,Lukas Klostermann,3,2021,136,5358,D M S,23,1642,0,0.3798017995432019,0,0.3798017995432019,1,0.5810260809957981,6,4,1,0,5.181306775659323,4.678016752004623
GER-Bundesliga,2122,RasenBallsport Leipzig,Marcel Halstenberg,3,2021,136,5254,D S,8,508,1,0.31773490086197853,1,0.31773490086197853,0,0.6867334879934788,5,4,0,0,3.2672053277492523,2.515456974506378
GER-Bundesliga,2122,RasenBallsport Leipzig,Mohamed Simakan,3,2021,136,7551,D S,28,2018,1,0.7999007031321526,1,0.7999007031321526,0,0.6795000806450844,11,7,5,0,5.677771847695112,5.203398760408163
GER-Bundesliga,2122,RasenBallsport Leipzig,Nordi Mukiele,3,2021,136,5659,D M S,28,1855,1,2.2328059803694487,1,2.2328059803694487,3,2.508465178310871,22,14,3,0,9.563441548496485,6.938381060957909
GER-Bundesliga,2122,RasenBallsport Leipzig,Philipp Tschauner,3,2021,136,107,S,1,1,0,0.0,0,0.0,0,0.0,0,0,0,0,0.0,0.0
GER-Bundesliga,2122,RasenBallsport Leipzig,Péter Gulácsi,3,2021,136,5241,GK,33,2970,0,0.0,0,0.0,0,0.0,0,0,1,0,7.034800864756107,7.034800864756107
GER-Bundesliga,2122,RasenBallsport Leipzig,Sidney Raebiger,3,2021,136,9544,S,1,1,0,0.0,0,0.0,0,0.0,0,0,0,0,0.0,0.0
GER-Bundesliga,2122,RasenBallsport Leipzig,Solomon Bonnah,3,2021,136,10135,S,1,2,0,0.0,0,0.0,0,0.0,0,0,0,0,0.0,0.0
GER-Bundesliga,2122,RasenBallsport Leipzig,Tyler Adams,3,2021,136,7352,D M S,24,1334,0,0.1287791971117258,0,0.1287791971117258,1,0.45412541180849075,2,7,5,0,6.526537517085671,5.961885208263993
GER-Bundesliga,2122,RasenBallsport Leipzig,Willi Orban,3,2021,136,5257,D,30,2651,2,2.5537855103611946,2,2.5537855103611946,1,1.1574654895812273,19,6,1,0,10.755756597034633,9.317247963510454
GER-Bundesliga,2122,RasenBallsport Leipzig,Yussuf Poulsen,3,2021,136,5250,F M S,25,1068,6,6.543039811775088,6,6.543039811775088,0,1.774728313088417,28,8,2,0,9.449145374819636,2.0531902611255646
GER-Bundesliga,2122,Union Berlin,Andras Schafer,3,2021,240,7410,M S,8,223,1,0.7005224116146564,1,0.7005224116146564,1,0.1706806980073452,7,4,2,0,1.8386879824101925,1.068553376942873
GER-Bundesliga,2122,Union Berlin,Andreas Luthe,3,2021,240,5260,GK,27,2430,0,0.0,0,0.0,0,0.0,0,0,3,0,2.521680290810764,2.521680290810764
GER-Bundesliga,2122,Union Berlin,Andreas Voglsammer,3,2021,240,9128,F S,32,852,2,2.553826807998121,2,2.553826807998121,1,1.4462131168693304,33,10,1,0,4.71531849168241,1.0656181760132313
GER-Bundesliga,2122,Union Berlin,Anthony Ujah,3,2021,240,119,S,3,30,0,0.19598959386348724,0,0.19598959386348724,0,0.063748300075531,3,1,0,0,0.21184199303388596,0.0
GER-Bundesliga,2122,Union Berlin,Bastian Oczipka,3,2021,240,285,D M S,18,922,0,0.5230361986905336,0,0.5230361986905336,1,2.0193020943552256,5,16,1,0,3.130345044657588,2.1736169066280127
GER-Bundesliga,2122,Union Berlin,Cedric Teuchert,3,2021,240,6522,S,6,96,0,0.24101710319519043,0,0.24101710319519043,0,0.04401959851384163,3,2,0,0,0.2214887998998165,0.0
GER-Bundesliga,2122,Union Berlin,Christopher Trimmel,3,2021,240,7875,D M S,25,2006,2,1.809804992750287,2,1.809804992750287,0,2.6905943360179663,20,31,5,0,9.280324034392834,5.768513157963753
GER-Bundesliga,2122,Union Berlin,Frederik Rönnow,3,2021,240,7048,GK,7,630,0,0.0,0,0.0,0,0.0,0,0,1,0,1.1022042818367481,1.1022042818367481
GER-Bundesliga,2122,Union Berlin,Genki Haraguchi,3,2021,240,35,M S,30,1793,2,2.5431207306683064,2,2.5431207306683064,6,1.9237008253112435,29,25,2,0,6.986822672188282,3.105253767222166
GER-Bundesliga,2122,Union Berlin,Grischa Prömel,3,2021,240,4340,M S,29,2440,8,8.0711326636374,8,8.0711326636374,1,1.1743153808638453,37,13,4,0,9.605559203773737,3.9282875321805477
GER-Bundesliga,2122,Union Berlin,Julian Ryerson,3,2021,240,7997,D M S,28,1407,2,1.2863139044493437,2,1.2863139044493437,0,1.933844307437539,17,18,3,0,6.546603260561824,3.9780221693217754
GER-Bundesliga,2122,Union Berlin,Keita Endo,3,2021,240,8951,S,4,51,0,0.08077740110456944,0,0.08077740110456944,0,0.026890000328421593,2,1,0,0,0.0806995015591383,0.053809501230716705
GER-Bundesliga,2122,Union Berlin,Kevin Behrens,3,2021,240,9712,F S,24,456,2,3.3563550896942616,2,3.3563550896942616,2,1.6161433979868889,16,8,1,0,4.8231024742126465,1.0475060027092695
GER-Bundesliga,2122,Union Berlin,Kevin Möhwald,3,2021,240,7044,M S,16,335,0,0.4588719727471471,0,0.4588719727471471,0,0.7767099812626839,9,3,2,0,2.3465757137164474,1.1526638306677341
GER-Bundesliga,2122,Union Berlin,Levin Öztunali,3,2021,240,118,M S,18,552,0,0.7153697079047561,0,0.7153697079047561,0,0.3351187985390425,7,6,0,0,1.8822014927864075,1.0749299302697182
GER-Bundesliga,2122,Union Berlin,Max Kruse,3,2021,240,155,F M,30,2445,12,10.581552218645811,7,6.792668826878071,5,6.662425800226629,50,43,1,0,17.130861222743988,5.98236401937902
GER-Bundesliga,2122,Union Berlin,Niko Gießelmann,3,2021,240,7056,D M S,28,2102,3,4.023096015676856,3,4.023096015676856,6,1.8451508013531566,27,28,3,0,8.44873495772481,4.145501472055912
GER-Bundesliga,2122,Union Berlin,Paul Jäckel,3,2021,240,6595,D S,24,2044,0,0.11144149862229824,0,0.11144149862229824,0,0.7142130061984062,3,6,5,0,4.523250095546246,4.426806893199682
GER-Bundesliga,2122,Union Berlin,Rani Khedira,3,2021,240,5251,M,32,2769,0,1.3246008791029453,0,1.3246008791029453,1,0.8371935123577714,13,9,6,0,5.731601282954216,4.4451966024935246
GER-Bundesliga,2122,Union Berlin,Robin Knoche,3,2021,240,161,D,33,2970,0,0.5254961820319295,0,0.5254961820319295,0,0.13700230419635773,10,3,6,0,9.54852120578289,9.465177223086357
GER-Bundesliga,2122,Union Berlin,Sheraldo Becker,3,2021,240,7882,F M S,28,1773,4,2.784585020504892,4,2.784585020504892,6,8.289485907182097,38,42,4,0,12.657193036749959,3.9168817959725857
GER-Bundesliga,2122,Union Berlin,Sven Michel,3,2021,240,7799,F S,13,320,3,1.3760786028578877,3,1.3760786028578877,1,1.1095850188285112,9,5,2,0,2.9682284891605377,0.8217598125338554
GER-Bundesliga,2122,Union Berlin,Taiwo Awoniyi,3,2021,240,7814,F S,31,2227,15,14.85024681314826,13,13.334689881652594,1,2.319056000560522,67,27,1,0,17.147334314882755,4.154074305668473
GER-Bundesliga,2122,Union Berlin,Timo Baumgartl,3,2021,240,71,D,25,2169,1,1.76564871519804,1,1.76564871519804,2,1.3793817153200507,13,8,5,0,5.547213569283485,5.156827509403229
GER-Bundesliga,2122,VfB Stuttgart,Alexis Tibidi,3,2021,133,10111,M S,13,362,0,0.3391859047114849,0,0.3391859047114849,0,0.47538630943745375,4,4,1,0,1.4889854863286018,0.6912760874256492
GER-Bundesliga,2122,VfB Stuttgart,Atakan Karazor,3,2021,133,8878,D M S,24,1911,0,0.6076681087724864,0,0.6076681087724864,1,1.1711350083351135,8,17,7,1,7.450540907680988,6.274263220839202
GER-Bundesliga,2122,VfB Stuttgart,Borna Sosa,3,2021,133,7075,D M,28,2501,1,1.079838002100587,1,1.079838002100587,8,6.907984648831189,26,61,4,0,12.652582090348005,8.924460940063
GER-Bundesliga,2122,VfB Stuttgart,Chris Führich,3,2021,133,6449,D F M S,25,1745,3,3.045403235591948,3,3.045403235591948,2,5.535232685506344,30,33,3,0,9.24845870770514,4.265608872286975
GER-Bundesliga,2122,VfB Stuttgart,Clinton Mola,3,2021,133,9479,D S,3,115,0,0.0,0,0.0,0,0.0,0,0,0,0,0.5401580035686493,0.5401580035686493
GER-Bundesliga,2122,VfB Stuttgart,Daniel Didavi,3,2021,133,300,F M S,10,269,0,0.8447935953736305,0,0.8447935953736305,1,0.9539590254426003,8,6,1,0,1.9367047641426325,0.6588411927223206
GER-Bundesliga,2122,VfB Stuttgart,Enzo Millot,3,2021,133,8645,S,6,41,0,0.0,0,0.0,1,0.2923099994659424,0,1,0,0,0.4051465019583702,0.11283650249242783
GER-Bundesliga,2122,VfB Stuttgart,Erik Thommy,3,2021,133,2676,D S,11,250,0,0.31185249518603086,0,0.31185249518603086,0,0.8126952052116394,10,9,0,0,1.4312824727967381,0.9063766747713089
GER-Bundesliga,2122,VfB Stuttgart,Fabian Bredlow,3,2021,133,7030,GK,4,360,0,0.0,0,0.0,0,0.0,0,0,0,0,0.5360388914123178,0.5360388914123178
GER-Bundesliga,2122,VfB Stuttgart,Florian Müller,3,2021,133,5328,GK,30,2700,0,0.0,0,0.0,0,0.0,0,0,0,0,3.231026285327971,3.231026285327971
GER-Bundesliga,2122,VfB Stuttgart,Hamadi Al Ghaddioui,3,2021,133,8810,F S,10,500,2,2.132164813578129,2,2.132164813578129,2,0.9650881066918373,12,8,2,0,3.88725021854043,0.9538518972694874
GER-Bundesliga,2122,VfB Stuttgart,Hiroki Ito,3,2021,133,9715,D M S,29,2349,1,0.39750039856880903,1,0.39750039856880903,1,1.4228137247264385,11,15,2,0,7.342304402962327,6.825584605336189
GER-Bundesliga,2122,VfB Stuttgart,Konstantinos Mavropanos,3,2021,133,6722,D,31,2714,4,3.1930612344294786,4,3.1930612344294786,0,0.4735652953386307,32,10,3,0,9.195237257517874,7.8119925782084465
GER-Bundesliga,2122,VfB Stuttgart,Lilian Egloff,3,2021,133,8987,S,4,25,0,0.0,0,0.0,0,0.09028729796409607,0,1,0,0,0.09028729796409607,0.0
GER-Bundesliga,2122,VfB Stuttgart,Matej Maglica,3,2021,133,10105,S,1,4,0,0.0,0,0.0,0,0.0,0,0,0,0,0.0,0.0
GER-Bundesliga,2122,VfB Stuttgart,Mateo Klimowicz,3,2021,133,8809,F M S,15,594,0,0.8335765060037374,0,0.8335765060037374,1,0.5347708109766245,11,4,2,0,3.192598156630993,1.923284623771906
GER-Bundesliga,2122,VfB Stuttgart,Mohamed Sankoh,3,2021,133,9494,S,1,4,0,0.260140985250473,0,0.260140985250473,0,0.0,1,0,0,0,0.260140985250473,0.0
GER-Bundesliga,2122,VfB Stuttgart,Naouirou Ahamada,3,2021,133,9274,S,3,54,0,0.0,0,0.0,0,0.0,0,0,0,0,0.09028729796409607,0.09028729796409607
GER-Bundesliga,2122,VfB Stuttgart,Nikolas Nartey,3,2021,133,6415,D M S,8,399,0,0.0578823983669281,0,0.0578823983669281,0,0.1895287986844778,1,4,1,0,0.9351495895534754,0.7325177965685725
GER-Bundesliga,2122,VfB Stuttgart,Omar Marmoush,3,2021,133,8393,F M S,23,1626,3,5.139557292684913,3,4.381780566647649,5,2.20558899641037,50,32,3,0,8.34425073955208,3.6774073326960206
GER-Bundesliga,2122,VfB Stuttgart,Omer Faruk Beyaz,3,2021,133,9987,S,4,63,0,0.16567540355026722,0,0.16567540355026722,0,0.0,3,0,0,0,0.1947443950921297,0.02906930074095726
GER-Bundesliga,2122,VfB Stuttgart,Orel Mangala,3,2021,133,6088,M S,28,1878,1,2.2277317233383656,1,2.2277317233383656,3,2.769866868853569,17,29,4,0,5.571071475744247,2.106621597893536
GER-Bundesliga,2122,VfB Stuttgart,Pascal Stenzel,3,2021,133,326,D S,16,892,0,0.29284580145031214,0,0.29284580145031214,0,0.23350600339472294,8,5,1,0,4.165897917933762,3.9596501290798187
GER-Bundesliga,2122,VfB Stuttgart,Philipp Förster,3,2021,133,9076,F M S,20,973,2,3.303239868953824,2,3.303239868953824,1,0.8286173827946186,29,8,4,0,8.136332713067532,5.000165726989508
GER-Bundesliga,2122,VfB Stuttgart,Philipp Klement,3,2021,133,409,M S,6,338,1,0.24190489947795868,1,0.24190489947795868,0,1.0493379794061184,5,7,0,0,2.686147753149271,2.0548326782882214
GER-Bundesliga,2122,VfB Stuttgart,Roberto Massimo,3,2021,133,8806,D F M S,19,874,2,2.4654428269714117,2,2.4654428269714117,0,1.3525429368019104,20,12,0,0,4.453876508399844,1.0949730826541781
GER-Bundesliga,2122,VfB Stuttgart,Sasa Kalajdzic,3,2021,133,8812,F S,15,1218,6,7.140694715082645,5,5.625141762197018,1,2.7993601858615875,38,21,2,0,8.273087918758392,2.3186736777424812
GER-Bundesliga,2122,VfB Stuttgart,Silas Wamangituka,3,2021,133,8807,F M S,9,265,0,0.09267409890890121,0,0.09267409890890121,0,0.0,1,0,0,0,0.17784610018134117,0.08517200127243996
GER-Bundesliga,2122,VfB Stuttgart,Tanguy Coulibaly,3,2021,133,8813,D F M S,21,1079,0,0.9418787993490696,0,0.9418787993490696,1,0.8998237065970898,13,8,8,0,2.46413279697299,0.6861554924398661
GER-Bundesliga,2122,VfB Stuttgart,Tiago Tomás,3,2021,133,10367,F M S,14,1091,4,4.450327903032303,4,4.450327903032303,0,1.4763433579355478,28,7,2,0,5.825986988842487,0.8252208866178989
GER-Bundesliga,2122,VfB Stuttgart,Wahidullah Faghir,3,2021,133,10054,S,6,112,1,0.2892862930893898,1,0.2892862930893898,0,0.0,5,0,0,0,0.3417985923588276,0.05251229926943779
GER-Bundesliga,2122,VfB Stuttgart,Waldemar Anton,3,2021,133,106,D M,29,2599,2,2.1223028153181076,2,2.1223028153181076,1,1.7390545830130577,24,8,6,1,10.14396454859525,8.934055748395622
GER-Bundesliga,2122,VfB Stuttgart,Wataru Endo,3,2021,133,8808,M,33,2908,4,5.176797037944198,4,5.176797037944198,2,1.7754452619701624,45,22,4,0,13.924090676940978,10.54654433671385
GER-Bundesliga,2122,Wolfsburg,Admir Mehmedi,3,2021,131,194,S,1,1,0,0.0,0,0.0,0,0.0,0,0,0,0,0.0,0.0
GER-Bundesliga,2122,Wolfsburg,Aster Vranckx,3,2021,131,9935,M S,24,1129,2,2.5283166151493788,2,2.5283166151493788,0,1.3256795704364777,25,11,2,0,3.5953569691628218,1.1401068065315485
GER-Bundesliga,2122,Wolfsburg,Bartosz Bialek,3,2021,131,8855,F S,12,156,0,0.3397495932877064,0,0.3397495932877064,0,0.09909979999065399,6,2,0,0,0.39195649418979883,0.08739629853516817
GER-Bundesliga,2122,Wolfsburg,Bote Baku,3,2021,131,6708,D F M S,34,2457,3,1.8441971950232983,3,1.8441971950232983,5,5.965575540438294,36,38,4,0,13.33978321030736,10.264870326034725
GER-Bundesliga,2122,Wolfsburg,Daniel Ginczek,3,2021,131,426,S,2,10,0,0.09624390304088593,0,0.09624390304088593,0,0.0,1,0,0,0,0.09624390304088593,0.0
GER-Bundesliga,2122,Wolfsburg,Felix Nmecha,3,2021,131,9202,M S,16,289,0,0.8295466993004084,0,0.8295466993004084,0,0.0,9,0,2,0,1.2781178783625364,0.6180234923958778
GER-Bundesliga,2122,Wolfsburg,Gian-Luca Waldschmidt,3,2021,131,294,M S,14,721,1,1.5995969995856285,1,1.5995969995856285,0,0.5356287080794573,17,5,2,0,2.199951616115868,0.5410008924081922
GER-Bundesliga,2122,Wolfsburg,John Brooks,3,2021,131,22,D S,31,2619,1,0.6488265981897712,1,0.6488265981897712,0,1.0563526935875416,11,7,3,0,6.931017023511231,6.575816405005753
GER-Bundesliga,2122,Wolfsburg,Jonas Wind,3,2021,131,10394,F M,14,1196,5,4.852447297424078,5,4.852447297424078,1,2.4527035411447287,36,14,0,0,9.425340011715889,3.8577542286366224
GER-Bundesliga,2122,Wolfsburg,Josip Brekalo,3,2021,131,5353,S,1,19,0,0.0,0,0.0,1,0.14134499430656433,0,1,0,0,0.1821019947528839,0.04075679928064346
GER-Bundesliga,2122,Wolfsburg,Josuha Guilavogui,3,2021,131,150,D M S,15,944,0,0.4492831965908408,0,0.4492831965908408,0,0.16257919929921627,8,3,4,0,1.6767941303551197,1.533811429515481
GER-Bundesliga,2122,Wolfsburg,Jérôme Roussillon,3,2021,131,3339,D S,26,1780,1,1.0984279047697783,1,1.0984279047697783,0,1.626402685418725,12,15,5,0,6.321892138570547,3.79729163646698
GER-Bundesliga,2122,Wolfsburg,Kevin Mbabu,3,2021,131,983,D S,24,1379,0,0.34723779559135437,0,0.34723779559135437,0,1.7119646044448018,5,21,4,0,3.703231326304376,3.186026773415506
GER-Bundesliga,2122,Wolfsburg,Kevin Paredes,3,2021,131,10395,S,2,8,0,0.0,0,0.0,0,0.0,0,0,0,0,0.0,0.0
GER-Bundesliga,2122,Wolfsburg,Koen Casteels,3,2021,131,159,GK,28,2520,0,0.0,0,0.0,0,0.0,0,0,1,0,2.4659309862181544,2.4659309862181544
GER-Bundesliga,2122,Wolfsburg,Lukas Nmecha,3,2021,131,6544,F M S,25,1637,8,9.073013249784708,8,9.073013249784708,0,2.333377905189991,52,14,5,0,12.664575710892677,3.2212457107380033
GER-Bundesliga,2122,Wolfsburg,Maxence Lacroix,3,2021,131,8853,D,29,2508,0,1.0028163557872176,0,1.0028163557872176,0,0.7029376104474068,17,7,3,3,7.348980750888586,6.630478587001562
GER-Bundesliga,2122,Wolfsburg,Maximilian Arnold,3,2021,131,153,M,34,3004,4,1.3701619771309197,4,1.3701619771309197,2,4.52910222671926,39,58,4,0,10.245886800810695,8.710277826525271
GER-Bundesliga,2122,Wolfsburg,Maximilian Philipp,3,2021,131,4247,F M S,22,972,1,1.0985637810081244,1,1.0985637810081244,4,0.8779888935387135,15,17,2,0,3.426296563819051,2.239631097763777
GER-Bundesliga,2122,Wolfsburg,Micky van de Ven,3,2021,131,10050,D S,5,187,0,0.0,0,0.0,1,0.6503440141677856,0,1,0,0,0.754754014313221,0.10441000014543533
GER-Bundesliga,2122,Wolfsburg,Paulo Otávio,3,2021,131,8213,D S,7,367,0,0.45444749668240547,0,0.45444749668240547,1,0.5309791909530759,4,3,0,0,1.6880398727953434,1.1359382085502148
GER-Bundesliga,2122,Wolfsburg,Pavao Pervan,3,2021,131,7053,GK,6,540,0,0.0,0,0.0,0,0.0,0,0,0,0,0.9366966132074594,0.9366966132074594
GER-Bundesliga,2122,Wolfsburg,Renato Steffen,3,2021,131,6484,D F M S,20,978,0,1.1786343939602375,0,1.1786343939602375,1,1.1323859980329871,13,13,6,0,4.636890482157469,3.245008820667863
GER-Bundesliga,2122,Wolfsburg,Sebastiaan Bornauw,3,2021,131,7791,D S,27,2015,1,1.657631915062666,1,1.657631915062666,0,0.1821218989789486,13,3,3,0,4.487196687608957,3.9324435340240598
GER-Bundesliga,2122,Wolfsburg,Wout Weghorst,3,2021,131,7052,F S,18,1551,6,8.663456968963146,5,7.147902958095074,1,1.8277892172336578,38,17,2,0,9.159813089296222,1.7764059882611036
GER-Bundesliga,2122,Wolfsburg,Xaver Schlager,3,2021,131,7783,M S,14,1056,0,0.3882692977786064,0,0.3882692977786064,1,0.218022002838552,10,5,2,0,4.221053403802216,3.95722196996212
GER-Bundesliga,2122,Wolfsburg,Yannick Gerhardt,3,2021,131,140,D F M S,27,1571,1,1.905566617846489,1,1.905566617846489,3,1.7456326577812433,14,11,2,0,5.943927252665162,3.108817433938384
GER-Bundesliga,2223,Augsburg,Aaron Zehnter,3,2022,121,10863,S,1,1,0,0.0,0,0.0,0,0.0,0,0,0,0,0.0,0.0
GER-Bundesliga,2223,Augsburg,André Hahn,3,2022,121,412,D F M S,7,382,2,0.30461249127984047,2,0.30461249127984047,0,0.06533119827508926,7,1,1,0,0.8064089696854353,0.4914739057421684
GER-Bundesliga,2223,Augsburg,Arne Engels,3,2022,121,11323,M,18,1460,0,0.4481054097414017,0,0.4481054097414017,3,2.4704787489026785,17,24,5,0,3.7416284289211035,2.508486784994602
GER-Bundesliga,2223,Augsburg,Arne Maier,3,2022,121,5298,D M S,30,2000,5,1.9074955079704523,5,1.9074955079704523,1,1.5759431831538677,28,21,3,0,5.386207904666662,2.6259657125920057
GER-Bundesliga,2223,Augsburg,Carlos Gruezo,3,2022,121,69,M S,13,967,0,0.026374599896371365,0,0.026374599896371365,0,0.22044220194220543,2,6,5,0,1.5679318085312843,1.3211149126291275
GER-Bundesliga,2223,Augsburg,Daniel Caligiuri,3,2022,121,157,D M S,13,261,1,0.24437029659748077,1,0.24437029659748077,0,0.28146539255976677,6,4,1,0,0.3280097972601652,0.06699209846556187
GER-Bundesliga,2223,Augsburg,David Colina,3,2022,121,11325,S,7,136,1,0.43998798727989197,1,0.43998798727989197,0,0.06158380024135113,1,2,0,0,0.5709785651415586,0.09402547217905521
GER-Bundesliga,2223,Augsburg,Dion Beljo,3,2022,121,11324,F M S,18,1164,3,1.4669535979628563,3,1.4669535979628563,2,2.154107490554452,12,14,2,0,4.491503283381462,0.8704428151249886
GER-Bundesliga,2223,Augsburg,Elvis Rexhbecaj,3,2022,121,6445,M S,31,2566,0,0.33429855294525623,0,0.33429855294525623,0,1.2082694992423058,16,13,6,0,3.8194191930815578,2.499745972454548
GER-Bundesliga,2223,Augsburg,Ermedin Demirovic,3,2022,121,6496,F M,30,2415,8,8.07651238143444,7,7.318736102432013,4,3.547700279392302,62,28,7,1,10.457560524344444,1.3924938049167395
GER-Bundesliga,2223,Augsburg,Felix Uduokhai,3,2022,121,6100,D S,19,1449,0,0.2810891196131706,0,0.2810891196131706,1,0.23178673535585403,4,3,3,1,1.6158726327121258,1.5346208326518536
GER-Bundesliga,2223,Augsburg,Florian Niederlechner,3,2022,121,306,F M S,30,1721,5,5.472676767036319,5,5.472676767036319,1,0.501115882769227,48,9,3,0,6.477931981906295,2.1252606473863125
GER-Bundesliga,2223,Augsburg,Frederik Winther,3,2022,121,9723,D,1,90,0,0.0,0,0.0,1,0.043960899114608765,0,1,0,0,0.09787070006132126,0.09787070006132126
GER-Bundesliga,2223,Augsburg,Fredrik Jensen,3,2022,121,7197,D F M S,20,919,2,1.9105474883690476,2,1.9105474883690476,1,0.9806190077215433,11,13,1,0,2.7763356287032366,1.3780555166304111
GER-Bundesliga,2223,Augsburg,Iago,3,2022,121,8065,D M S,22,1616,0,0.5045134099200368,0,0.5045134099200368,2,1.5134401302784681,9,10,4,1,4.3672290202230215,3.115460731089115
GER-Bundesliga,2223,Augsburg,Irvin Cardona,3,2022,121,5724,S,10,292,1,2.658486820757389,1,2.658486820757389,0,0.09321249276399612,9,3,2,0,2.751698937267065,0.0
GER-Bundesliga,2223,Augsburg,Jeffrey Gouweleeuw,3,2022,121,2665,D,32,2797,0,1.346700431779027,0,1.346700431779027,1,1.6698649385944009,15,11,12,0,2.683119592256844,2.035366779193282
GER-Bundesliga,2223,Augsburg,Julian Baumgartlinger,3,2022,121,42,M S,16,520,0,0.17029069643467665,0,0.17029069643467665,0,0.11622369661927223,3,2,1,0,1.2726374808698893,1.1233885940164328
GER-Bundesliga,2223,Augsburg,Kelvin Yeboah,3,2022,121,10318,F S,13,326,1,1.3547090254724026,1,1.3547090254724026,1,0.3252255991101265,12,5,0,0,1.9232772588729858,0.5414285883307457
GER-Bundesliga,2223,Augsburg,Lukas Petkov,3,2022,121,9127,S,7,126,0,0.03407829999923706,0,0.03407829999923706,0,0.0,2,0,1,0,0.03407829999923706,0.0
GER-Bundesliga,2223,Augsburg,Mads Pedersen,3,2022,121,7809,D M S,28,1835,0,0.2617388470098376,0,0.2617388470098376,0,0.731495875865221,9,15,6,0,2.106668382883072,1.2319271564483643
GER-Bundesliga,2223,Augsburg,Maximilian Bauer,3,2022,121,9716,D S,27,1841,0,1.2504343139007688,0,1.2504343139007688,1,0.44647486321628094,8,4,8,0,3.578761273995042,3.5541260205209255
GER-Bundesliga,2223,Augsburg,Mërgim Berisha,3,2022,121,11092,F S,23,1693,9,8.744452925398946,6,5.71334701962769,4,3.7399580562487245,56,21,7,1,6.598840083926916,0.3061359953135252
GER-Bundesliga,2223,Augsburg,Nathanael Mbuku,3,2022,121,7719,S,2,25,0,0.0,0,0.0,0,0.0,0,0,0,0,0.02461780048906803,0.02461780048906803
GER-Bundesliga,2223,Augsburg,Niklas Dorsch,3,2022,121,6411,M S,11,471,0,0.0,0,0.0,0,0.31455934047698975,0,1,1,0,0.4861020967364311,0.4861020967364311
GER-Bundesliga,2223,Augsburg,Noah Joel Sarenren Bazee,3,2022,121,2659,S,2,12,0,0.0,0,0.0,0,0.03810739889740944,0,1,0,0,0.03810739889740944,0.0
GER-Bundesliga,2223,Augsburg,Rafal Gikiewicz,3,2022,121,5293,GK,23,2070,0,0.0,0,0.0,0,0.0,0,0,3,0,0.8435589075088501,0.8435589075088501
GER-Bundesliga,2223,Augsburg,Raphael Framberger,3,2022,121,4336,D M S,3,182,0,0.0,0,0.0,0,0.09089010208845139,0,1,0,0,0.17520979791879654,0.17520979791879654
GER-Bundesliga,2223,Augsburg,Reece Oxford,3,2022,121,543,D S,3,93,0,0.0,0,0.0,0,0.07660800218582153,0,1,0,0,0.07660800218582153,0.0
GER-Bundesliga,2223,Augsburg,Renato Veiga,3,2022,121,11383,D S,13,632,0,0.2196661764755845,0,0.2196661764755845,0,0.1612498201429844,8,2,3,0,0.8151247007772326,0.7065835222601891
GER-Bundesliga,2223,Augsburg,Ricardo Pepi,3,2022,121,10253,F S,4,92,0,0.059269800782203674,0,0.059269800782203674,0,0.033113899640738964,1,2,0,0,0.18476079404354095,0.1071769967675209
GER-Bundesliga,2223,Augsburg,Robert Gumny,3,2022,121,8803,D S,29,2019,1,0.39685156755149364,1,0.39685156755149364,2,1.0906317457556725,9,9,5,1,2.1613413710147142,1.43391408957541
GER-Bundesliga,2223,Augsburg,Ruben Vargas,3,2022,121,7810,F M S,23,1146,3,0.8962412793189287,3,0.8962412793189287,4,2.1243868889287114,21,16,4,0,2.8856554022058845,0.824656150303781
GER-Bundesliga,2223,Augsburg,Tomas Koubek,3,2022,121,6292,GK,11,990,0,0.0,0,0.0,0,0.0,0,0,0,0,0.6914921347051859,0.6914921347051859
GER-Bundesliga,2223,Bayer Leverkusen,Adam Hlozek,3,2022,119,10774,F M S,29,1291,5,2.6669578161090612,5,2.6669578161090612,3,2.6284044701606035,30,18,2,0,7.671263899188489,3.3072979166172445
GER-Bundesliga,2223,Bayer Leverkusen,Amine Adli,3,2022,119,8211,F M S,26,1446,5,5.577013881877065,5,5.577013881877065,3,1.5646598255261779,37,20,2,2,9.384396608918905,4.138404821977019
GER-Bundesliga,2223,Bayer Leverkusen,Andrey Lunev,3,2022,119,3150,GK,1,90,0,0.0,0,0.0,0,0.0,0,0,0,0,0.07124389708042145,0.07124389708042145
GER-Bundesliga,2223,Bayer Leverkusen,Ayman Azhil,3,2022,119,8116,S,1,1,0,0.0,0,0.0,0,0.0,0,0,0,0,0.0,0.0
GER-Bundesliga,2223,Bayer Leverkusen,Callum Hudson-Odoi,3,2022,119,6456,F M S,14,610,0,0.16214790008962154,0,0.16214790008962154,1,0.6222708076238632,4,12,0,0,2.0590027030557394,1.4365442022681236
GER-Bundesliga,2223,Bayer Leverkusen,Charles Aránguiz,3,2022,119,454,M S,10,497,1,0.23023970425128937,1,0.23023970425128937,0,0.21189780440181494,5,3,1,0,2.5478187948465347,2.17503559589386
GER-Bundesliga,2223,Bayer Leverkusen,Daley Sinkgraven,3,2022,119,7899,D M S,12,345,0,0.179864096455276,0,0.179864096455276,2,1.7516733082011342,5,6,1,0,2.5453466214239597,0.8132128929719329
GER-Bundesliga,2223,Bayer Leverkusen,Edmond Tapsoba,3,2022,119,8317,D M S,33,2874,1,2.565204307436943,0,1.0496511161327362,0,1.0476770903915167,15,5,5,0,13.109413214027882,12.333076603710651
GER-Bundesliga,2223,Bayer Leverkusen,Exequiel Palacios,3,2022,119,8325,M S,25,1665,4,2.7983853723853827,1,0.5250557949766517,2,1.5065587665885687,20,15,4,0,10.362398341298103,9.40145754814148
GER-Bundesliga,2223,Bayer Leverkusen,Florian Wirtz,3,2022,119,8397,F M S,17,1089,1,0.583570022135973,1,0.583570022135973,6,4.696660354733467,7,39,4,0,9.336530420929193,5.08792663551867
GER-Bundesliga,2223,Bayer Leverkusen,Jeremie Frimpong,3,2022,119,9328,D M S,34,2727,8,8.343600986525416,8,8.343600986525416,7,5.546072905883193,38,45,4,0,18.800267400220037,6.1089749513193965
GER-Bundesliga,2223,Bayer Leverkusen,Joel Pohjanpalo,3,2022,119,5222,S,1,1,0,0.0,0,0.0,0,0.0,0,0,0,0,0.0,0.0
GER-Bundesliga,2223,Bayer Leverkusen,Jonathan Tah,3,2022,119,183,D S,33,2493,1,1.1917415522038937,1,1.1917415522038937,0,0.6195285189896822,10,6,6,0,8.047265270724893,7.760596519336104
GER-Bundesliga,2223,Bayer Leverkusen,Karim Bellarabi,3,2022,119,186,M S,8,78,0,0.0,0,0.0,0,0.0,0,0,0,0,0.3166132941842079,0.3166132941842079
GER-Bundesliga,2223,Bayer Leverkusen,Kerem Demirbay,3,2022,119,5273,M S,25,1549,4,2.4878762275911868,4,2.4878762275911868,3,2.8742984011769295,31,32,5,0,9.032792079262435,5.607281791046262
GER-Bundesliga,2223,Bayer Leverkusen,Lukas Hradecky,3,2022,119,281,GK,33,2970,0,0.0,0,0.0,0,0.0,0,0,0,1,3.032255125232041,3.032255125232041
GER-Bundesliga,2223,Bayer Leverkusen,Mitchel Bakker,3,2022,119,8310,D S,28,1656,3,1.5494726430624723,3,1.5494726430624723,2,1.960865007713437,17,17,4,1,7.690754035487771,5.3029226791113615
GER-Bundesliga,2223,Bayer Leverkusen,Moussa Diaby,3,2022,119,6556,F M,33,2736,9,10.234066966921091,9,9.476291004568338,8,8.54252471961081,80,58,4,0,20.56936350464821,4.606570445932448
GER-Bundesliga,2223,Bayer Leverkusen,Nadiem Amiri,3,2022,119,82,F M S,25,951,4,2.1176350452005863,3,1.359858339652419,1,1.001922182738781,24,15,6,0,4.330404385924339,3.094477749429643
GER-Bundesliga,2223,Bayer Leverkusen,Noah Mbamba-Muanda,3,2022,119,11355,S,1,1,0,0.0,0,0.0,0,0.0,0,0,0,0,0.0,0.0
GER-Bundesliga,2223,Bayer Leverkusen,Odilon Kossounou,3,2022,119,9714,D S,24,1518,0,0.10565309785306454,0,0.10565309785306454,1,0.14192240312695503,3,3,3,0,3.917286849580705,3.7647726675495505
GER-Bundesliga,2223,Bayer Leverkusen,Patrik Schick,3,2022,119,1236,F S,14,936,3,5.551570445299149,3,5.551570445299149,1,0.4347322918474674,34,10,0,0,8.173204828053713,2.6731401160359383
GER-Bundesliga,2223,Bayer Leverkusen,Paulinho,3,2022,119,7067,F S,4,81,1,0.5969429910182953,1,0.5969429910182953,0,0.0,2,0,0,0,0.6138509903103113,0.01690799929201603
GER-Bundesliga,2223,Bayer Leverkusen,Piero Hincapié,3,2022,119,9911,D M S,30,2470,1,1.3324642069637775,1,1.3324642069637775,1,1.3067817650735378,16,10,9,3,8.78414343483746,7.831875195726752
GER-Bundesliga,2223,Bayer Leverkusen,Robert Andrich,3,2022,119,7877,M S,29,2414,2,1.495253399014473,2,1.495253399014473,2,1.1337046343833208,30,18,7,0,8.447318887338042,7.092177907004952
GER-Bundesliga,2223,Bayer Leverkusen,Sardar Azmoun,3,2022,119,2774,F M S,23,898,4,4.1958376076072454,4,4.1958376076072454,1,2.982987130060792,28,14,1,0,7.2221479173749685,0.7968364469707012
GER-Bundesliga,2223,Bayer Leverkusen,Timothy Fosu-Mensah,3,2022,119,549,M S,11,177,0,0.06298249959945679,0,0.06298249959945679,0,0.5267039984464645,3,4,1,0,1.1963598150759935,1.0355872064828873
GER-Bundesliga,2223,Bayern Munich,Alphonso Davies,3,2022,117,7345,D M S,26,2054,1,2.2144710374996066,1,2.2144710374996066,4,3.4712795857340097,19,43,0,0,20.467795314267278,15.926782006397843
GER-Bundesliga,2223,Bayern Munich,Arijon Ibrahimovic,3,2022,117,10248,S,1,12,0,0.5974339842796326,0,0.5974339842796326,0,0.0419234000146389,2,1,0,0,1.175029993057251,0.5849249958992004
GER-Bundesliga,2223,Bayern Munich,Benjamin Pavard,3,2022,117,3363,D S,30,2433,4,2.2471003998070955,4,2.2471003998070955,1,2.9406278133392334,34,20,6,0,20.861329324543476,19.75163858383894
GER-Bundesliga,2223,Bayern Munich,Bouna Sarr,3,2022,117,3393,S,1,1,0,0.0,0,0.0,0,0.0,0,0,0,0,0.0,0.0
GER-Bundesliga,2223,Bayern Munich,Daley Blind,3,2022,117,548,D S,4,126,0,0.0419234000146389,0,0.0419234000146389,0,0.10187599807977676,1,2,0,0,1.304740995168686,1.225990042090416
GER-Bundesliga,2223,Bayern Munich,Dayotchanculle Upamecano,3,2022,117,5243,D S,29,2341,0,1.0878540985286236,0,1.0878540985286236,1,0.2807500045746565,7,6,6,1,20.613805655390024,20.393855664879084
GER-Bundesliga,2223,Bayern Munich,Eric Maxim Choupo-Moting,3,2022,117,339,F S,19,1127,10,8.34479707479477,10,7.587020091712475,2,2.4134399238973856,31,16,0,0,15.240264654159546,5.789523597806692
GER-Bundesliga,2223,Bayern Munich,Gabriel Vidovic,3,2022,117,10558,S,1,16,0,0.0,0,0.0,1,0.15919600427150726,0,2,0,0,0.17979900538921356,0.020603500306606293
GER-Bundesliga,2223,Bayern Munich,Jamal Musiala,3,2022,117,8418,M S,33,2234,12,9.34594888612628,12,9.34594888612628,10,7.170549068599939,66,52,1,0,27.62527047097683,15.357557548210025
GER-Bundesliga,2223,Bayern Munich,Joshua Kimmich,3,2022,117,223,D M S,33,2823,5,1.9719654498621821,4,1.2141887722536922,6,7.107447650283575,28,85,3,1,29.105611484497786,24.704093173146248
GER-Bundesliga,2223,Bayern Munich,Josip Stanisic,3,2022,117,9458,D S,14,560,0,0.0,0,0.0,0,0.511153195053339,0,4,1,0,6.927464487031102,6.416308822110295
GER-Bundesliga,2223,Bayern Munich,João Cancelo,3,2022,117,2379,D M S,15,1018,1,0.740132313221693,1,0.740132313221693,4,3.0123420655727386,12,13,3,0,11.520749151706696,8.435149043798447
GER-Bundesliga,2223,Bayern Munich,Kingsley Coman,3,2022,117,226,M S,24,1422,8,6.010770929977298,8,6.010770929977298,5,5.7907725758850574,49,41,0,1,18.717868223786354,8.904668807983398
GER-Bundesliga,2223,Bayern Munich,Leon Goretzka,3,2022,117,335,M S,27,1754,3,4.879844713956118,3,4.879844713956118,2,2.9064023923128843,40,21,5,0,18.998094856739044,14.380298979580402
GER-Bundesliga,2223,Bayern Munich,Leroy Sané,3,2022,117,337,M S,32,1997,8,9.470278967171907,8,9.470278967171907,7,5.158201150596142,79,35,4,0,23.99955504760146,11.749857423827052
GER-Bundesliga,2223,Bayern Munich,Lucas Hernández,3,2022,117,2276,D S,7,484,0,0.0,0,0.0,0,0.10382699966430664,0,1,1,0,2.4258759170770645,2.4258759170770645
GER-Bundesliga,2223,Bayern Munich,Manuel Neuer,3,2022,117,217,GK,12,1080,0,0.09729409962892532,0,0.09729409962892532,0,0.0,2,0,0,0,4.543590784072876,4.543590784072876
GER-Bundesliga,2223,Bayern Munich,Marcel Sabitzer,3,2022,117,5248,M S,15,622,1,1.0313598802313209,1,1.0313598802313209,1,0.2817846015095711,15,6,2,0,5.416687596589327,4.288550337776542
GER-Bundesliga,2223,Bayern Munich,Mathys Tel,3,2022,117,9780,M S,22,356,5,3.4526608996093273,5,3.4526608996093273,0,0.6357373185455799,20,6,2,0,5.112999714910984,1.1535096727311611
GER-Bundesliga,2223,Bayern Munich,Matthijs de Ligt,3,2022,117,7902,D S,31,2407,3,1.305196895264089,3,1.305196895264089,1,0.7707531871274114,24,6,4,0,17.066274592652917,16.740963304415345
GER-Bundesliga,2223,Bayern Munich,Noussair Mazraoui,3,2022,117,10696,D S,19,1073,1,0.8621763680130243,1,0.8621763680130243,4,3.82255975715816,8,19,0,0,13.49953356012702,9.97263415157795
GER-Bundesliga,2223,Bayern Munich,Paul Wanner,3,2022,117,10245,S,2,19,0,0.0,0,0.0,0,0.048703599721193314,0,1,1,0,0.0,0.0
GER-Bundesliga,2223,Bayern Munich,Ryan Gravenberch,3,2022,117,10697,M S,24,527,0,0.7752301301807165,0,0.7752301301807165,0,0.36440723948180676,11,9,1,0,5.134856633841991,4.252635369077325
GER-Bundesliga,2223,Bayern Munich,Sadio Mané,3,2022,117,838,F M S,25,1449,7,11.784473165869713,6,10.26893113553524,5,4.721706811338663,54,25,2,0,19.7928506731987,6.392940312623978
GER-Bundesliga,2223,Bayern Munich,Serge Gnabry,3,2022,117,993,F M S,34,1950,14,11.549345068633556,13,10.791569046676159,5,5.648855604231358,82,36,0,0,24.274701070040464,10.335147313773632
GER-Bundesliga,2223,Bayern Munich,Sven Ulreich,3,2022,117,231,GK,3,270,0,0.0,0,0.0,0,0.0,0,0,0,0,2.159881640225649,2.159881640225649
GER-Bundesliga,2223,Bayern Munich,Thomas Müller,3,2022,117,224,F M S,27,1681,7,9.138495799154043,7,9.138495799154043,8,8.518348589539528,46,39,0,0,25.59187649935484,11.05475202202797
GER-Bundesliga,2223,Bayern Munich,Yann Sommer,3,2022,117,199,GK,29,2610,0,0.0,0,0.0,0,0.0,0,0,1,0,9.617172475904226,9.617172475904226
GER-Bundesliga,2223,Bochum,Anthony Losilla,3,2022,268,9705,M,31,2734,2,2.4770336523652077,2,2.4770336523652077,2,2.012193087488413,27,14,6,1,5.3180101076141,3.194928647018969
GER-Bundesliga,2223,Bochum,Christopher Antwi-Adjei,3,2022,268,7798,F M S,29,2000,3,2.1013984084129333,3,2.1013984084129333,6,4.173747691325843,29,33,2,0,9.383619488216937,4.400247389450669
GER-Bundesliga,2223,Bochum,Cristian Gamboa,3,2022,268,855,D M S,19,1496,0,0.09727543126791716,0,0.09727543126791716,0,0.4879088029265404,8,9,2,0,2.4310883581638336,2.254247364588082
GER-Bundesliga,2223,Bochum,Danilo Soares,3,2022,268,247,D M,23,1792,0,0.03176289610564709,0,0.03176289610564709,0,1.299712123349309,2,12,6,0,4.382229285314679,3.5892174392938614
GER-Bundesliga,2223,Bochum,Dominique Heintz,3,2022,268,129,D S,11,803,0,0.2686733826994896,0,0.2686733826994896,0,0.1345563344657421,4,3,1,0,1.2932956703007221,1.032269571442157
GER-Bundesliga,2223,Bochum,Erhan Masovic,3,2022,268,9709,D M S,29,2165,4,2.7671921802684665,4,2.7671921802684665,0,0.7689862418919802,16,9,3,0,3.4918717006221414,2.5324914064258337
GER-Bundesliga,2223,Bochum,Gerrit Holtmann,3,2022,268,5270,F M S,23,923,1,1.9286248944699764,1,1.9286248944699764,1,0.9806143054738641,30,10,0,0,2.917423890903592,0.5224944744259119
GER-Bundesliga,2223,Bochum,Ivan Ordets,3,2022,268,7632,D S,30,2456,0,1.6155919637531042,0,1.6155919637531042,0,0.9841010523959994,18,7,4,0,2.3139213398098946,1.732987073250115
GER-Bundesliga,2223,Bochum,Jacek Góralski,3,2022,268,11019,M S,4,143,0,0.0,0,0.0,0,0.046372201293706894,0,2,0,0,0.23137900233268738,0.1850070059299469
GER-Bundesliga,2223,Bochum,Jannes Horn,3,2022,268,2627,D S,2,58,0,0.0,0,0.0,0,0.0,0,0,1,0,0.0,0.0
GER-Bundesliga,2223,Bochum,Jordi Osei-Tutu,3,2022,268,6723,D F M S,20,738,0,0.7449084091931581,0,0.7449084091931581,0,0.1610347032546997,12,5,3,0,1.6405659839510918,0.8293641693890095
GER-Bundesliga,2223,Bochum,Keven Schlotterbeck,3,2022,268,7401,D S,15,730,2,1.3780421577394009,2,1.3780421577394009,0,0.4997709393501282,8,4,3,0,0.9017440155148506,0.2017890140414238
GER-Bundesliga,2223,Bochum,Kevin Stöger,3,2022,268,7058,M S,32,2628,5,4.000088684260845,2,1.7267590463161469,3,5.305860780179501,47,66,3,0,10.61543259397149,6.861154751852155
GER-Bundesliga,2223,Bochum,Konstantinos Stafylidis,3,2022,268,368,D M S,19,1039,0,0.23837630916386843,0,0.23837630916386843,2,0.992935081012547,13,7,4,0,1.2401448972523212,0.6883647106587887
GER-Bundesliga,2223,Bochum,Manuel Riemann,3,2022,268,9702,GK,34,3060,0,0.01967640034854412,0,0.01967640034854412,0,0.11334839835762978,1,2,3,0,6.019377781078219,5.906032023951411
GER-Bundesliga,2223,Bochum,Moritz Broschinski,3,2022,268,11336,S,11,184,2,1.2682920284569263,2,1.2682920284569263,0,0.012319772504270077,6,1,1,0,0.7764762826263905,0.17749127745628357
GER-Bundesliga,2223,Bochum,Patrick Osterhage,3,2022,268,9711,M S,23,1009,0,0.24434618093073368,0,0.24434618093073368,0,0.2897718846797943,6,5,3,0,1.296768233180046,0.8393440395593643
GER-Bundesliga,2223,Bochum,Philipp Förster,3,2022,268,9076,M S,25,1306,3,1.3651106618344784,3,1.3651106618344784,7,4.021769605576992,17,27,4,0,5.595948418602347,3.7540037501603365
GER-Bundesliga,2223,Bochum,Philipp Hofmann,3,2022,268,10736,F S,34,2663,8,8.852028047665954,8,8.852028047665954,2,2.597704393789172,52,25,5,0,10.911799021065235,2.271575433202088
GER-Bundesliga,2223,Bochum,Pierre Kunde,3,2022,268,7073,M S,12,365,1,0.3449650974944234,1,0.3449650974944234,0,0.2024424746632576,4,4,0,0,0.7458442570641637,0.19843677803874016
GER-Bundesliga,2223,Bochum,Saidy Janko,3,2022,268,5994,D M S,20,1125,0,0.03516799956560135,0,0.03516799956560135,0,0.11534169875085354,1,2,1,0,2.0198651012033224,1.9917225018143654
GER-Bundesliga,2223,Bochum,Silvère Ganvoula,3,2022,268,9707,S,16,204,0,0.3378532282076776,0,0.3378532282076776,0,0.32496269792318344,8,5,1,0,1.0496272924356163,0.40724981389939785
GER-Bundesliga,2223,Bochum,Simon Zoller,3,2022,268,139,F M S,27,1481,3,4.253587335348129,3,4.253587335348129,2,0.8861771766096354,31,11,5,0,5.685781069099903,0.9288454409688711
GER-Bundesliga,2223,Bochum,Takuma Asano,3,2022,268,6087,F M S,25,1742,3,6.078744154423475,3,6.078744154423475,2,2.3218653481453657,51,22,1,0,8.61979965120554,1.970587301068008
GER-Bundesliga,2223,Bochum,Tim Oermann,3,2022,268,10862,D S,4,191,0,0.0,0,0.0,0,0.0,0,0,0,0,0.0,0.0
GER-Bundesliga,2223,Bochum,Vasilios Lampropoulos,3,2022,268,9704,D S,15,618,0,0.2495747972279787,0,0.2495747972279787,0,0.08717530220746994,6,1,2,0,0.7879841141402721,0.7008088119328022
GER-Bundesliga,2223,Borussia Dortmund,Alexander Meyer,3,2022,129,6290,GK,7,630,0,0.0,0,0.0,0,0.0,0,0,0,0,1.3360484018921852,1.3360484018921852
GER-Bundesliga,2223,Borussia Dortmund,Anthony Modeste,3,2022,129,137,F S,19,794,2,3.454763725399971,2,3.454763725399971,1,0.8842783905565739,21,6,4,0,4.190358635038137,0.753995705395937
GER-Bundesliga,2223,Borussia Dortmund,Antonios Papadopoulos,3,2022,129,9750,S,1,11,0,0.011480499990284443,0,0.011480499990284443,0,0.0,1,0,0,0,0.0,0.0
GER-Bundesliga,2223,Borussia Dortmund,Donyell Malen,3,2022,129,9749,F M S,26,1754,9,10.436273377388716,9,10.436273377388716,6,5.750813579186797,62,29,0,0,19.17952760308981,5.9087957832962275
GER-Bundesliga,2223,Borussia Dortmund,Emre Can,3,2022,129,604,D M S,27,1890,2,1.5949499029666185,1,0.8371729273349047,1,1.4878265084698796,17,20,8,0,13.2627736274153,11.818389678373933
GER-Bundesliga,2223,Borussia Dortmund,Felix Passlack,3,2022,129,2663,S,3,57,0,0.0,0,0.0,0,0.490369101986289,0,2,0,0,2.0391283836215734,1.5487593412399292
GER-Bundesliga,2223,Borussia Dortmund,Giovanni Reyna,3,2022,129,8191,M S,22,596,7,4.03692801296711,6,3.279151037335396,2,1.4485626854002476,25,11,2,0,5.849157366901636,2.9040713123977184
GER-Bundesliga,2223,Borussia Dortmund,Gregor Kobel,3,2022,129,5288,GK,27,2430,0,0.0,0,0.0,0,0.0,0,0,0,0,6.736781107261777,6.736781107261777
GER-Bundesliga,2223,Borussia Dortmund,Jamie Bynoe-Gittens,3,2022,129,10542,F M S,15,514,3,2.581368736922741,3,2.581368736922741,1,0.5960651729255915,24,2,0,0,4.752277040854096,1.7946272119879723
GER-Bundesliga,2223,Borussia Dortmund,Jude Bellingham,3,2022,129,8824,M S,31,2691,8,8.504038363695145,7,7.74626162648201,4,4.233295059762895,65,34,8,0,24.581586927175522,17.165961924940348
GER-Bundesliga,2223,Borussia Dortmund,Julian Brandt,3,2022,129,261,F M S,32,2436,9,5.173838408663869,9,5.173838408663869,8,8.180333945900202,42,72,2,0,21.539732083678246,12.517931933514774
GER-Bundesliga,2223,Borussia Dortmund,Julian Ryerson,3,2022,129,7997,D S,30,2474,1,1.126702019944787,1,1.126702019944787,0,2.377535879611969,26,22,4,0,11.521786760538816,10.113925835117698
GER-Bundesliga,2223,Borussia Dortmund,Julien Duranville,3,2022,129,11585,S,1,25,0,0.020404910668730736,0,0.020404910668730736,0,0.10653351992368698,1,2,0,0,0.12693843245506287,0.0
GER-Bundesliga,2223,Borussia Dortmund,Justin Njinmah,3,2022,129,10585,S,1,19,0,0.0,0,0.0,0,0.0,0,0,0,0,0.0,0.0
GER-Bundesliga,2223,Borussia Dortmund,Karim Adeyemi,3,2022,129,10772,F M S,24,1415,6,5.589663118124008,6,4.831886380910873,5,4.353858232498169,38,28,9,0,12.93917460553348,4.774575125426054
GER-Bundesliga,2223,Borussia Dortmund,Mahmoud Dahoud,3,2022,129,205,M S,9,328,0,0.24552150070667267,0,0.24552150070667267,0,0.38032230734825134,6,4,1,0,2.4283393565565348,1.947038745507598
GER-Bundesliga,2223,Borussia Dortmund,Marco Pasalic,3,2022,129,11215,S,1,9,0,0.024389000609517097,0,0.024389000609517097,0,0.0,1,0,0,0,0.04337469860911369,0.018985699862241745
GER-Bundesliga,2223,Borussia Dortmund,Marco Reus,3,2022,129,319,F M S,25,1349,6,6.243561610579491,5,5.485784620046616,4,2.9453289173543453,37,20,4,0,11.390875043347478,5.265230825170875
GER-Bundesliga,2223,Borussia Dortmund,Marius Wolf,3,2022,129,2693,D M S,25,1565,1,1.0406534112989902,1,1.0406534112989902,1,3.3516891915351152,23,22,2,0,9.93736912496388,6.8867241479456425
GER-Bundesliga,2223,Borussia Dortmund,Mats Hummels,3,2022,129,373,D S,30,2026,1,1.9146205745637417,1,1.9146205745637417,0,1.3432590467855334,17,12,5,0,13.291533194482327,11.913589134812355
GER-Bundesliga,2223,Borussia Dortmund,Nico Schlotterbeck,3,2022,129,7485,D S,28,2256,4,2.2176283886656165,4,2.2176283886656165,5,2.331596754491329,18,15,3,0,11.664632644504309,10.503425013273954
GER-Bundesliga,2223,Borussia Dortmund,Niklas Süle,3,2022,129,75,D S,29,2114,2,2.632200049236417,2,2.632200049236417,3,2.3738548597320914,34,17,2,0,14.629823207855225,12.636048391461372
GER-Bundesliga,2223,Borussia Dortmund,Raphael Guerreiro,3,2022,129,3455,D M S,27,2309,4,2.9275588197633624,4,2.9275588197633624,12,7.812236609868705,33,58,4,0,17.449738286435604,12.848744481801987
GER-Bundesliga,2223,Borussia Dortmund,Salih Özcan,3,2022,129,5294,M S,26,1570,0,0.9669527672231197,0,0.9669527672231197,1,0.649039376527071,3,10,6,0,9.854258436709642,8.718065526336432
GER-Bundesliga,2223,Borussia Dortmund,Soumaila Coulibaly,3,2022,129,10467,S,1,42,0,0.0,0,0.0,0,0.0,0,0,0,0,0.06924170255661011,0.06924170255661011
GER-Bundesliga,2223,Borussia Dortmund,Sébastien Haller,3,2022,129,6144,F S,19,1248,9,9.811639262363315,9,9.053862584754825,3,2.9800966046750546,34,16,1,0,11.782302178442478,2.9406321942806244
GER-Bundesliga,2223,Borussia Dortmund,Thomas Meunier,3,2022,129,5680,D S,10,582,0,0.23376819770783186,0,0.23376819770783186,0,1.08432237803936,5,7,2,0,4.566876752302051,3.7620590403676033
GER-Bundesliga,2223,Borussia Dortmund,Thorgan Hazard,3,2022,129,213,D M S,14,440,0,1.6576167549937963,0,1.6576167549937963,0,1.010751306079328,8,11,1,0,2.9991787243634462,0.8723939917981625
GER-Bundesliga,2223,Borussia Dortmund,Tom Rothe,3,2022,129,10550,S,2,20,0,0.0984577015042305,0,0.0984577015042305,0,0.0,1,0,0,0,0.0,0.0
GER-Bundesliga,2223,Borussia Dortmund,Youssoufa Moukoko,3,2022,129,9133,F S,26,1122,7,7.62364936619997,7,7.62364936619997,3,1.8148007467389107,35,12,0,0,10.050564967095852,2.3641314674168825
GER-Bundesliga,2223,Borussia M.Gladbach,Alassane Pléa,3,2022,130,3310,F M S,29,1783,2,4.397832648828626,1,2.882279308512807,9,4.707967482507229,29,32,5,0,12.788641722872853,6.581245504319668
GER-Bundesliga,2223,Borussia M.Gladbach,Christoph Kramer,3,2022,130,187,D M S,28,2247,0,0.43211029935628176,0,0.43211029935628176,0,2.153275579214096,6,15,4,0,9.80018537864089,8.801280420273542
GER-Bundesliga,2223,Borussia M.Gladbach,Florian Neuhaus,3,2022,130,7065,M S,23,1408,1,1.7601174786686897,1,1.7601174786686897,0,2.6257726550102234,28,15,2,0,8.51011537015438,4.909894483163953
GER-Bundesliga,2223,Borussia M.Gladbach,Hannes Wolf,3,2022,130,8171,M S,18,425,1,1.4649172388017178,1,1.4649172388017178,1,0.3275195760652423,8,6,0,0,2.5546592846512794,0.853125381283462
GER-Bundesliga,2223,Borussia M.Gladbach,Jan Olschowsky,3,2022,130,11130,GK,4,360,0,0.0,0,0.0,0,0.0,0,0,0,0,0.5856650173664093,0.5856650173664093
GER-Bundesliga,2223,Borussia M.Gladbach,Joe Scally,3,2022,130,9674,D S,28,2226,0,0.6349932085722685,0,0.6349932085722685,0,2.0152131840586662,8,13,2,0,7.852450342848897,6.896413326263428
GER-Bundesliga,2223,Borussia M.Gladbach,Jonas Hofmann,3,2022,130,320,M S,31,2703,12,7.324288273230195,12,6.566511252894998,9,11.074682033620775,45,99,2,0,18.388078302145004,7.284908747300506
GER-Bundesliga,2223,Borussia M.Gladbach,Jonas Omlin,3,2022,130,8678,GK,15,1290,0,0.0,0,0.0,0,0.10093392431735992,0,2,0,0,2.201643444597721,2.100709518417716
GER-Bundesliga,2223,Borussia M.Gladbach,Julian Weigl,3,2022,130,372,M S,23,1892,1,0.9302280703559518,0,0.1725317994132638,0,0.5656399503350258,8,6,6,0,7.779653295874596,7.725211024284363
GER-Bundesliga,2223,Borussia M.Gladbach,Ko Itakura,3,2022,130,10727,D S,24,1983,0,0.5706223398447037,0,0.5706223398447037,2,0.23493347689509392,11,4,1,2,6.179506425745785,6.030138230882585
GER-Bundesliga,2223,Borussia M.Gladbach,Kouadio Kone,3,2022,130,7482,M,30,2636,1,0.8235916122794151,1,0.8235916122794151,1,1.2853310443460941,26,20,12,0,13.008390493690968,11.459222538396716
GER-Bundesliga,2223,Borussia M.Gladbach,Lars Stindl,3,2022,130,208,M S,29,1761,8,5.814497446641326,8,5.814497446641326,7,5.840890821069479,50,40,9,0,14.786454452201724,6.406254107132554
GER-Bundesliga,2223,Borussia M.Gladbach,Luca Netz,3,2022,130,8401,D S,20,691,1,0.9112387504428625,1,0.9112387504428625,3,1.2129683569073677,4,5,0,0,3.2269129119813442,1.7279492877423763
GER-Bundesliga,2223,Borussia M.Gladbach,Marcus Thuram,3,2022,130,5992,F S,30,2524,13,16.923396602272987,13,16.923396602272987,6,3.983339882455766,91,29,3,0,22.03937479108572,4.194450257346034
GER-Bundesliga,2223,Borussia M.Gladbach,Marvin Friedrich,3,2022,130,370,D S,23,1234,1,0.8531193770468235,1,0.8531193770468235,0,0.3776967730373144,9,5,2,0,5.258757753297687,5.171820469200611
GER-Bundesliga,2223,Borussia M.Gladbach,Nathan N'Goumou Minpol,3,2022,130,7612,F M S,20,688,1,1.1990367900580168,1,1.1990367900580168,0,0.20888326317071915,13,3,0,0,3.078505851328373,1.789853623136878
GER-Bundesliga,2223,Borussia M.Gladbach,Nico Elvedi,3,2022,130,212,D,32,2831,3,2.208632368594408,3,2.208632368594408,0,0.2827197015285492,18,5,2,0,10.999466136097908,10.89331953972578
GER-Bundesliga,2223,Borussia M.Gladbach,Oscar Fraulo,3,2022,130,10728,S,2,5,0,0.0,0,0.0,0,0.0,0,0,0,0,0.024247264489531517,0.024247264489531517
GER-Bundesliga,2223,Borussia M.Gladbach,Patrick Herrmann,3,2022,130,420,S,21,125,1,0.2661339044570923,1,0.2661339044570923,0,0.4147176072001457,6,4,2,0,1.5661383867263794,1.0635679811239243
GER-Bundesliga,2223,Borussia M.Gladbach,Ramy Bensebaini,3,2022,130,3349,D,28,2495,6,5.465372884646058,4,3.949821198359132,1,1.6643879432231188,40,13,5,1,10.593360023573041,7.985617047175765
GER-Bundesliga,2223,Borussia M.Gladbach,Rocco Reitz,3,2022,130,8826,S,1,2,0,0.0,0,0.0,0,0.0,0,0,0,0,0.0,0.0
GER-Bundesliga,2223,Borussia M.Gladbach,Semir Telalovic,3,2022,130,11332,S,3,3,0,0.024247264489531517,0,0.024247264489531517,0,0.0,1,0,0,0,0.024247264489531517,0.0
GER-Bundesliga,2223,Borussia M.Gladbach,Stefan Lainer,3,2022,130,7831,D S,17,819,0,0.911996278911829,0,0.911996278911829,0,1.0357914343476295,6,8,2,0,4.927086777985096,3.378446452319622
GER-Bundesliga,2223,Borussia M.Gladbach,Tobias Sippel,3,2022,130,214,GK S,6,510,0,0.0,0,0.0,0,0.0,0,0,1,0,1.0768810138106346,1.0768810138106346
GER-Bundesliga,2223,Borussia M.Gladbach,Tony Jantschke,3,2022,130,201,D S,8,99,0,0.0,0,0.0,0,0.0,0,0,0,0,0.57704097032547,0.57704097032547
GER-Bundesliga,2223,Borussia M.Gladbach,Yvandro Borges Sanches,3,2022,130,10729,S,3,18,0,0.010712400078773499,0,0.010712400078773499,0,0.0,1,0,0,0,0.010712400078773499,0.0
GER-Bundesliga,2223,Eintracht Frankfurt,Almamy Touré,3,2022,132,3431,D S,7,403,0,0.7782582882791758,0,0.7782582882791758,1,0.5230220556259155,3,1,1,0,1.3155819103121758,0.7743782922625542
GER-Bundesliga,2223,Eintracht Frankfurt,Ansgar Knauff,3,2022,132,8989,D S,24,1284,1,1.006381593644619,1,1.006381593644619,1,1.4539695186540484,15,8,2,0,4.798351685516536,2.471011712215841
GER-Bundesliga,2223,Eintracht Frankfurt,Aurélio Buta,3,2022,132,11311,D S,18,1339,3,0.7913053203374147,3,0.7913053203374147,2,3.1968461498618126,9,18,3,0,6.491749152541161,3.201746217906475
GER-Bundesliga,2223,Eintracht Frankfurt,Christopher Lenz,3,2022,132,7876,D S,24,1278,0,0.44843044877052307,0,0.44843044877052307,2,2.7751849070191383,12,24,1,0,7.177272088825703,5.683356866240501
GER-Bundesliga,2223,Eintracht Frankfurt,Daichi Kamada,3,2022,132,6145,M S,32,2279,9,8.885730244219303,6,6.612399263307452,6,3.55752938054502,44,34,3,0,17.701268509030342,10.873036798089743
GER-Bundesliga,2223,Eintracht Frankfurt,Dario Gebuhr,3,2022,132,11511,S,1,17,0,0.0,0,0.0,0,0.0,0,0,0,0,0.0,0.0
GER-Bundesliga,2223,Eintracht Frankfurt,Diant Ramaj,3,2022,132,9753,GK,1,90,0,0.0,0,0.0,0,0.0,0,0,0,0,0.0,0.0
GER-Bundesliga,2223,Eintracht Frankfurt,Djibril Sow,3,2022,132,2624,M S,32,2664,4,1.9447151282802224,4,1.9447151282802224,0,1.1121019199490547,28,18,9,0,14.30460869986564,11.94368753861636
GER-Bundesliga,2223,Eintracht Frankfurt,Eric Junior Dina Ebimbe,3,2022,132,7562,D M S,19,1053,3,3.2817071303725243,3,3.2817071303725243,1,1.6191091164946556,26,9,4,0,7.845243468880653,3.876341201364994
GER-Bundesliga,2223,Eintracht Frankfurt,Evan Ndicka,3,2022,132,7049,D,30,2694,1,1.5021085226908326,1,1.5021085226908326,0,0.21527200192213058,18,3,4,0,8.221431259065866,8.159191533923149
GER-Bundesliga,2223,Eintracht Frankfurt,Faride Alidou,3,2022,132,10695,S,15,143,0,0.09436840191483498,0,0.09436840191483498,1,0.45305000245571136,2,3,0,0,1.5022531151771545,0.9548341259360313
GER-Bundesliga,2223,Eintracht Frankfurt,Filip Kostic,3,2022,132,64,D,1,77,0,0.017621999606490135,0,0.017621999606490135,0,0.091041699051857,1,1,1,0,0.030319400131702423,0.012697399593889713
GER-Bundesliga,2223,Eintracht Frankfurt,Hrvoje Smolcic,3,2022,132,10861,D S,9,459,0,0.2030751034617424,0,0.2030751034617424,0,0.0,3,0,0,0,2.5725164338946342,2.5725164338946342
GER-Bundesliga,2223,Eintracht Frankfurt,Jesper Lindstrom,3,2022,132,9752,M S,27,1729,7,5.696989983320236,7,5.696989983320236,2,2.896976849064231,45,18,2,0,10.873751252889633,3.7506067249923944
GER-Bundesliga,2223,Eintracht Frankfurt,Kevin Trapp,3,2022,132,3286,GK,33,2970,0,0.0,0,0.0,0,0.0,0,0,3,0,3.1955743301659822,3.1955743301659822
GER-Bundesliga,2223,Eintracht Frankfurt,Kristijan Jakic,3,2022,132,9986,D M S,24,1451,1,0.8977809008210897,1,0.8977809008210897,0,0.6532729091122746,8,7,4,0,4.8774712746962905,4.138799605425447
GER-Bundesliga,2223,Eintracht Frankfurt,Luca Pellegrini,3,2022,132,4970,D S,9,561,0,0.5536708999425173,0,0.5536708999425173,0,0.7803259948268533,14,9,1,0,0.9495817134156823,0.4801012109965086
GER-Bundesliga,2223,Eintracht Frankfurt,Lucas Alario,3,2022,132,6338,F S,20,290,1,1.3475146889686584,1,1.3475146889686584,0,0.058938201516866684,11,1,0,0,2.426865501329303,1.0743135064840317
GER-Bundesliga,2223,Eintracht Frankfurt,Makoto Hasebe,3,2022,132,282,D S,18,1317,0,0.0,0,0.0,0,0.35587285459041595,0,2,1,0,2.753947287797928,2.43730428814888
GER-Bundesliga,2223,Eintracht Frankfurt,Marcel Wenig,3,2022,132,11107,S,1,1,0,0.0,0,0.0,0,0.0,0,0,0,0,0.0,0.0
GER-Bundesliga,2223,Eintracht Frankfurt,Mario Götze,3,2022,132,422,M,32,2766,3,3.3162593068554997,3,3.3162593068554997,1,4.618421275168657,26,42,6,0,20.433497086167336,14.922903863247484
GER-Bundesliga,2223,Eintracht Frankfurt,Paxten Aaronson,3,2022,132,11410,S,7,151,0,0.18307969719171524,0,0.18307969719171524,0,0.03839769586920738,4,1,1,0,0.3182397484779358,0.19955416023731232
GER-Bundesliga,2223,Eintracht Frankfurt,Philipp Max,3,2022,132,267,D S,10,702,0,0.5249998066574335,0,0.5249998066574335,1,2.3867448698729277,9,18,1,0,2.8184308912605047,1.380582144483924
GER-Bundesliga,2223,Eintracht Frankfurt,Randal Kolo Muani,3,2022,132,5743,F M S,32,2671,15,14.64113382063806,13,13.125744855031371,11,7.074136344715953,77,41,4,1,21.198371678590775,3.378522824496031
GER-Bundesliga,2223,Eintracht Frankfurt,Santos Borré,3,2022,132,5113,F M S,32,1030,2,4.612951306626201,1,3.8551732879132032,2,2.2984054759144783,25,15,5,0,8.010373005643487,4.617487646639347
GER-Bundesliga,2223,Eintracht Frankfurt,Sebastian Rode,3,2022,132,228,M S,27,1440,4,0.7823091875761747,4,0.7823091875761747,1,0.7808642480522394,9,12,6,0,7.431947812438011,6.188614975661039
GER-Bundesliga,2223,Eintracht Frankfurt,Timothy Chandler,3,2022,132,359,S,6,74,0,0.0,0,0.0,0,0.030308399349451065,0,1,0,0,0.9535116106271744,0.9232036024332047
GER-Bundesliga,2223,Eintracht Frankfurt,Tuta,3,2022,132,7524,D S,31,2717,2,2.1293888464570045,2,2.1293888464570045,1,0.7720028860494494,17,5,8,0,10.755547817796469,9.43330561183393
GER-Bundesliga,2223,FC Cologne,Benno Schmitz,3,2022,134,5253,D S,31,2456,1,0.4100085962563753,1,0.4100085962563753,0,1.833229087293148,10,19,6,0,7.680772051215172,5.947262067347765
GER-Bundesliga,2223,FC Cologne,Davie Selke,3,2022,134,4280,F S,30,1163,6,4.711787615902722,5,3.954010640271008,1,1.906898356974125,34,13,3,0,4.684815908782184,0.7492938954383135
GER-Bundesliga,2223,FC Cologne,Dejan Ljubicic,3,2022,134,9797,M S,27,1728,5,3.079336908645928,4,2.321560231037438,1,1.985349452123046,35,27,3,0,7.993325859308243,4.242061257362366
GER-Bundesliga,2223,FC Cologne,Denis Huseinbasic,3,2022,134,11074,F M S,24,754,4,3.1466346383094788,4,3.1466346383094788,1,0.3550259303301573,16,5,3,0,4.030383285135031,0.7662929929792881
GER-Bundesliga,2223,FC Cologne,Dimitris Limnios,3,2022,134,8876,S,2,33,0,0.013928248547017574,0,0.013928248547017574,0,0.0905420184135437,1,2,0,0,0.017422782257199287,0.0
GER-Bundesliga,2223,FC Cologne,Ellyes Skhiri,3,2022,134,3347,M,32,2859,7,5.808995292522013,7,5.808995292522013,1,1.712702731601894,32,25,5,0,10.647969525307417,7.378694258630276
GER-Bundesliga,2223,FC Cologne,Eric Martel,3,2022,134,9053,M S,29,2033,1,1.642373476177454,1,1.642373476177454,1,0.8461567042395473,28,7,6,0,3.9152358528226614,2.890046799555421
GER-Bundesliga,2223,FC Cologne,Florian Dietz,3,2022,134,10848,F S,11,395,1,2.3856642432510853,1,2.3856642432510853,0,0.2618653029203415,17,4,1,0,2.542707994580269,0.0
GER-Bundesliga,2223,FC Cologne,Florian Kainz,3,2022,134,5231,M S,32,2421,6,5.869831685908139,3,3.596501019783318,10,10.14009902253747,54,70,4,1,15.10276055894792,7.218805201351643
GER-Bundesliga,2223,FC Cologne,Jan Thielmann,3,2022,134,8205,F M S,23,826,2,1.5090388637036085,2,1.5090388637036085,2,1.4637641627341509,13,10,5,0,4.475083563476801,1.7293729539960623
GER-Bundesliga,2223,FC Cologne,Jonas Hector,3,2022,134,131,D M,32,2830,0,1.2536811381578445,0,1.2536811381578445,2,3.005852648988366,25,32,3,0,8.971813114359975,8.113455280661583
GER-Bundesliga,2223,FC Cologne,Julian Chabot,3,2022,134,7937,D,21,1815,0,1.1622466929256916,0,1.1622466929256916,2,2.173225771635771,14,4,3,0,3.8065885305404663,3.8065885305404663
GER-Bundesliga,2223,FC Cologne,Justin Diehl,3,2022,134,11319,S,2,12,0,0.0,0,0.0,0,0.0,0,0,0,0,0.033757299184799194,0.033757299184799194
GER-Bundesliga,2223,FC Cologne,Kingsley Ehizibue,3,2022,134,7785,D,1,64,0,0.011328699998557568,0,0.011328699998557568,0,0.0,1,0,0,0,0.08179029822349548,0.07046160101890564
GER-Bundesliga,2223,FC Cologne,Kingsley Schindler,3,2022,134,7788,D M S,29,1053,0,2.294483568519354,0,2.294483568519354,1,0.8811257928609848,11,10,4,0,5.587809706106782,2.559417525306344
GER-Bundesliga,2223,FC Cologne,Kristian Pedersen,3,2022,134,10849,D S,6,269,0,0.30140000581741333,0,0.30140000581741333,0,0.07323609851300716,1,2,1,0,0.5092042870819569,0.45297908782958984
GER-Bundesliga,2223,FC Cologne,Linton Maina,3,2022,134,6638,F M S,33,2303,3,4.7160975662991405,3,4.7160975662991405,7,7.570193352177739,35,36,1,0,12.242463361471891,2.841872029006481
GER-Bundesliga,2223,FC Cologne,Luca Kilian,3,2022,134,7807,D S,16,1118,1,1.1016450533643365,1,1.1016450533643365,0,0.19901977106928825,4,3,1,2,2.01297839358449,1.8989955224096775
GER-Bundesliga,2223,FC Cologne,Mark Uth,3,2022,134,88,S,3,35,0,0.04448670148849487,0,0.04448670148849487,0,0.0,1,0,1,0,0.4875437021255493,0.44305700063705444
GER-Bundesliga,2223,FC Cologne,Marvin Schwäbe,3,2022,134,4376,GK,34,3060,0,0.0,0,0.0,0,0.0,0,0,1,0,5.439777318388224,5.439777318388224
GER-Bundesliga,2223,FC Cologne,Mathias Olesen,3,2022,134,10157,M S,14,463,0,0.0,0,0.0,0,0.12150289863348007,0,2,1,0,0.5609476175159216,0.4394447188824415
GER-Bundesliga,2223,FC Cologne,Nikola Soldo,3,2022,134,11120,D S,7,593,0,0.6820327043533325,0,0.6820327043533325,0,0.02305000089108944,6,1,1,0,0.9792268984019756,0.9448019079864025
GER-Bundesliga,2223,FC Cologne,Ondrej Duda,3,2022,134,5240,M S,13,704,0,0.6100651063024998,0,0.6100651063024998,0,0.46209959872066975,12,8,4,0,2.3941830098629,1.7013518456369638
GER-Bundesliga,2223,FC Cologne,Sargis Adamyan,3,2022,134,7900,F S,24,594,1,4.416220685467124,1,4.416220685467124,3,1.153845027089119,21,8,3,0,5.836594196036458,1.2954558189958334
GER-Bundesliga,2223,FC Cologne,Steffen Tigges,3,2022,134,9227,F S,30,1595,6,5.619470227509737,6,5.619470227509737,1,2.0866267140954733,35,17,1,0,9.970635317265987,3.29516938328743
GER-Bundesliga,2223,FC Cologne,Tim Lemperle,3,2022,134,8407,S,12,95,0,0.1499760001897812,0,0.1499760001897812,0,0.662684977054596,2,3,0,0,1.2163401879370213,0.6830402053892612
GER-Bundesliga,2223,FC Cologne,Timo Hübers,3,2022,134,6403,D S,29,2555,3,1.793745718896389,3,1.793745718896389,0,0.10884079895913601,15,2,8,0,7.382432838901877,7.347853546962142
GER-Bundesliga,2223,Freiburg,Christian Günter,3,2022,135,4243,D M S,33,2752,1,1.7878065453842282,1,1.7878065453842282,4,4.898587743751705,27,61,5,0,9.596133073791862,5.097803715616465
GER-Bundesliga,2223,Freiburg,Daniel-Kofi Kyereh,3,2022,135,10739,F M S,12,564,2,2.88252479583025,2,2.88252479583025,0,0.17738290131092072,12,3,2,0,4.313074983656406,1.522851487621665
GER-Bundesliga,2223,Freiburg,Hugo Siquet,3,2022,135,10286,S,2,13,0,0.0,0,0.0,0,0.0,0,0,0,0,0.0,0.0
GER-Bundesliga,2223,Freiburg,Jonathan Schmid,3,2022,135,81,S,3,38,0,0.14447499811649323,0,0.14447499811649323,0,0.08484269678592682,1,1,0,0,0.29346001148223877,0.14898499846458435
GER-Bundesliga,2223,Freiburg,Kenneth Schmidt,3,2022,135,10498,D S,5,251,0,0.0,0,0.0,0,0.0,0,0,1,0,0.303751427680254,0.303751427680254
GER-Bundesliga,2223,Freiburg,Kevin Schade,3,2022,135,9156,M S,8,166,1,0.18783430196344852,1,0.18783430196344852,0,0.0,4,0,0,0,0.4267046134918928,0.333389014005661
GER-Bundesliga,2223,Freiburg,Kiliann Sildillia,3,2022,135,9270,D M S,27,1978,0,0.7158408928662539,0,0.7158408928662539,2,1.3326725186780095,10,10,2,1,5.065217800438404,3.6133141480386257
GER-Bundesliga,2223,Freiburg,Kimberly Ezekwem,3,2022,135,11483,S,1,6,0,0.0,0,0.0,0,0.0,0,0,0,0,0.0,0.0
GER-Bundesliga,2223,Freiburg,Lucas Höler,3,2022,135,6475,F M S,26,1502,5,3.6032575387507677,5,3.6032575387507677,2,1.6405130699276924,30,13,1,0,3.798353884369135,1.4409705605357885
GER-Bundesliga,2223,Freiburg,Lukas Kübler,3,2022,135,5263,D S,22,1648,2,1.1012414703145623,2,1.1012414703145623,1,0.1311960630118847,9,6,1,0,2.7091146502643824,2.28114303201437
GER-Bundesliga,2223,Freiburg,Manuel Gulde,3,2022,135,5292,D S,15,643,1,0.5734108686447144,1,0.5734108686447144,0,0.17317043244838715,2,2,2,0,1.3315233793109655,1.3315233793109655
GER-Bundesliga,2223,Freiburg,Mark Flekken,3,2022,135,7047,GK,34,3060,0,0.0,0,0.0,0,0.5663741230964661,0,4,0,0,4.181364476680756,3.9041163437068462
GER-Bundesliga,2223,Freiburg,Matthias Ginter,3,2022,135,315,D,34,3060,4,2.430537860840559,4,2.430537860840559,1,0.7070831768214703,21,13,3,0,4.725313579663634,4.177657328546047
GER-Bundesliga,2223,Freiburg,Maximilian Eggestein,3,2022,135,125,M S,31,2457,1,0.6381404902786016,1,0.6381404902786016,2,1.6137695387005806,16,24,6,0,7.011526858434081,5.197655914351344
GER-Bundesliga,2223,Freiburg,Merlin Röhl,3,2022,135,11331,S,3,52,0,0.0,0,0.0,1,0.9473840594291687,0,3,0,0,0.7184529304504395,0.46850669384002686
GER-Bundesliga,2223,Freiburg,Michael Gregoritsch,3,2022,135,171,F S,30,2200,10,9.705382015556097,10,9.705382015556097,4,3.3593770395964384,66,25,6,0,16.562423076480627,4.920723516494036
GER-Bundesliga,2223,Freiburg,Nicolas Höfler,3,2022,135,4250,M,32,2828,0,1.586585677228868,0,1.586585677228868,1,1.1058760862797499,21,5,9,1,8.141749340109527,7.000836486928165
GER-Bundesliga,2223,Freiburg,Nils Petersen,3,2022,135,4248,S,27,231,1,1.4284525010734797,1,1.4284525010734797,0,0.020656900480389595,9,1,1,0,2.9619711749255657,1.5439123697578907
GER-Bundesliga,2223,Freiburg,Noah Weißhaupt,3,2022,135,9732,D M S,18,398,0,0.3457532227039337,0,0.3457532227039337,1,1.193778244778514,2,8,0,0,1.7486506178975105,0.5518267825245857
GER-Bundesliga,2223,Freiburg,Philipp Lienhart,3,2022,135,2611,D S,29,2500,1,1.054093362763524,1,1.054093362763524,0,0.1202089972794056,17,3,3,0,5.848429725505412,5.443973291665316
GER-Bundesliga,2223,Freiburg,Ritsu Doan,3,2022,135,8791,F M S,33,2465,5,7.099370298907161,5,7.099370298907161,4,4.073547758162022,57,27,3,0,11.465518349781632,2.979630371555686
GER-Bundesliga,2223,Freiburg,Robert Wagner,3,2022,135,10474,S,4,28,0,0.5085555911064148,0,0.5085555911064148,0,0.0,2,0,1,0,0.6299700811505318,0.16146337985992432
GER-Bundesliga,2223,Freiburg,Roland Sallai,3,2022,135,1277,D F M S,19,996,1,3.211693041957915,1,3.211693041957915,3,1.432769381441176,32,16,6,0,4.082279880531132,0.7020894680172205
GER-Bundesliga,2223,Freiburg,Vincenzo Grifo,3,2022,135,5266,F M S,33,2461,15,11.618569439277053,8,5.556354703381658,5,6.470908637158573,66,55,2,0,12.240157168358564,6.598483877256513
GER-Bundesliga,2223,Freiburg,Woo-Yeong Jeong,3,2022,135,7267,F M S,26,622,1,2.3447846341878176,1,2.3447846341878176,1,1.0569153632968664,13,6,2,0,3.8197363168001175,1.5174751058220863
GER-Bundesliga,2223,Freiburg,Yannik Keitel,3,2022,135,8206,M S,22,681,0,0.09819328226149082,0,0.09819328226149082,2,0.16480697505176067,4,4,4,0,1.7110280748456717,1.6146709080785513
GER-Bundesliga,2223,Hertha Berlin,Agustín Rogel,3,2022,122,7103,D S,20,1416,0,0.8356790170073509,0,0.8356790170073509,1,0.06285110116004944,5,1,7,0,0.4485121015459299,0.4485121015459299
GER-Bundesliga,2223,Hertha Berlin,Chidera Ejuke,3,2022,122,8694,F M S,20,874,0,1.5092752296477556,0,1.5092752296477556,3,1.5222751833498478,24,10,0,0,5.453871883451939,2.6058313474059105
GER-Bundesliga,2223,Hertha Berlin,Derry Scherhant,3,2022,122,10860,M S,10,262,1,0.2723037004470825,1,0.2723037004470825,0,0.24201600253582,4,1,0,0,1.414537988603115,1.032769987359643
GER-Bundesliga,2223,Hertha Berlin,Dodi Lukebakio,3,2022,122,5706,F M S,32,2417,11,8.96133531164378,6,5.172451974824071,3,4.295584134757519,64,28,8,0,9.813450296409428,2.6042105183005333
GER-Bundesliga,2223,Hertha Berlin,Filip Uremovic,3,2022,122,6797,D S,22,1740,0,1.2444611145183444,0,1.2444611145183444,0,0.4669527933001518,9,4,6,1,2.417475624475628,2.1183761046268046
GER-Bundesliga,2223,Hertha Berlin,Ibrahim Maza,3,2022,122,11484,S,2,61,1,0.5629153847694397,1,0.5629153847694397,0,0.0,1,0,0,0,1.0719477087259293,0.5090322941541672
GER-Bundesliga,2223,Hertha Berlin,Ivan Sunjic,3,2022,122,10726,M S,18,989,0,0.3220673054456711,0,0.3220673054456711,0,0.1665801964700222,6,4,4,0,1.9094921071082354,1.4408858120441437
GER-Bundesliga,2223,Hertha Berlin,Jean-Paul Boëtius,3,2022,122,7107,M S,21,1048,0,0.3401148924604058,0,0.3401148924604058,0,0.8573997933417559,5,13,3,0,2.883164616767317,2.1692807325161994
GER-Bundesliga,2223,Hertha Berlin,Jessic Ngankam,3,2022,122,8396,F M S,18,819,4,4.386376990005374,3,3.62860001437366,1,0.9200831986963749,19,8,5,0,4.644164379686117,0.7615670002996922
GER-Bundesliga,2223,Hertha Berlin,Jonjoe Kenny,3,2022,122,1084,D S,29,2242,0,0.19267609994858503,0,0.19267609994858503,1,1.8915132358670235,6,16,3,0,6.129555940628052,4.212192125618458
GER-Bundesliga,2223,Hertha Berlin,Julian Eitschberger,3,2022,122,10544,S,1,1,0,0.0,0,0.0,0,0.0,0,0,0,0,0.0,0.0
GER-Bundesliga,2223,Hertha Berlin,Kevin-Prince Boateng,3,2022,122,1819,M S,16,452,0,0.2930310145020485,0,0.2930310145020485,0,0.1278839036822319,6,3,3,0,1.3589556170627475,1.1352983554825187
GER-Bundesliga,2223,Hertha Berlin,Lucas Tousart,3,2022,122,3743,M,33,2952,5,3.382630677893758,5,3.382630677893758,2,2.40074950363487,42,18,1,0,6.3994100401178,2.3205474354326725
GER-Bundesliga,2223,Hertha Berlin,Marc-Oliver Kempf,3,2022,122,4291,D,31,2720,1,2.352677183225751,1,2.352677183225751,0,1.1688228230923414,17,9,5,0,2.763959938660264,2.0357254054397345
GER-Bundesliga,2223,Hertha Berlin,Marco Richter,3,2022,122,6357,D F M S,29,1854,6,3.884881011210382,6,3.884881011210382,5,3.2578333280980587,50,21,8,0,7.805021950043738,3.8960724463686347
GER-Bundesliga,2223,Hertha Berlin,Marvin Plattenhardt,3,2022,122,23,D M S,31,2418,0,0.3055188450962305,0,0.3055188450962305,2,3.8877655677497387,8,30,3,0,3.5888708792626858,3.4204713329672813
GER-Bundesliga,2223,Hertha Berlin,Maximilian Mittelstädt,3,2022,122,419,D M S,17,835,0,0.1615078980103135,0,0.1615078980103135,0,1.0575019903481007,6,12,5,0,3.5115132853388786,2.4998185709118843
GER-Bundesliga,2223,Hertha Berlin,Myziane Maolida,3,2022,122,5736,F S,3,91,0,0.0,0,0.0,0,0.13727900385856628,0,1,0,0,0.13727900385856628,0.0
GER-Bundesliga,2223,Hertha Berlin,Márton Dárdai,3,2022,122,8398,D M S,17,954,1,0.06976000219583511,1,0.06976000219583511,0,0.13617869652807713,2,4,2,0,1.2504708655178547,1.1211314760148525
GER-Bundesliga,2223,Hertha Berlin,Oliver Christensen,3,2022,122,9992,GK,33,2970,0,0.0,0,0.0,0,0.0,0,0,2,0,2.650002060458064,2.650002060458064
GER-Bundesliga,2223,Hertha Berlin,Pascal Klemens,3,2022,122,11392,D,1,90,0,0.0,0,0.0,0,0.0,0,0,0,0,0.5048757791519165,0.5048757791519165
GER-Bundesliga,2223,Hertha Berlin,Peter Pekarík,3,2022,122,443,D S,5,197,0,0.0,0,0.0,0,0.019584471359848976,0,1,0,0,0.4234655797481537,0.40388110280036926
GER-Bundesliga,2223,Hertha Berlin,Stevan Jovetic,3,2022,122,1524,F S,17,868,4,1.9667596966028214,4,1.9667596966028214,2,0.85405451990664,27,14,0,0,3.420882146805525,1.046367907896638
GER-Bundesliga,2223,Hertha Berlin,Suat Serdar,3,2022,122,307,M S,32,2048,4,2.5604766458272934,4,2.5604766458272934,2,1.6089566946029663,24,18,7,0,4.841636413708329,2.061656695790589
GER-Bundesliga,2223,Hertha Berlin,Tjark Ernst,3,2022,122,10410,GK,1,90,0,0.0,0,0.0,0,0.0,0,0,0,0,0.04642825201153755,0.04642825201153755
GER-Bundesliga,2223,Hertha Berlin,Tolga Cigerci,3,2022,122,258,M S,11,696,0,0.1927287895232439,0,0.1927287895232439,1,0.2375660054385662,9,5,2,0,1.1408729124814272,0.9637418240308762
GER-Bundesliga,2223,Hertha Berlin,Tony Rölke,3,2022,122,11602,S,1,14,0,0.0,0,0.0,0,0.0,0,0,0,0,0.0,0.0
GER-Bundesliga,2223,Hertha Berlin,Veit Stange,3,2022,122,11535,S,1,4,0,0.0,0,0.0,0,0.0,0,0,0,0,0.0,0.0
GER-Bundesliga,2223,Hertha Berlin,Vladimir Darida,3,2022,122,27,S,3,26,0,0.0,0,0.0,0,0.0,0,0,0,0,0.0,0.0
GER-Bundesliga,2223,Hertha Berlin,Wilfried Kanga,3,2022,122,6251,F S,23,1422,2,4.186748491600156,2,4.186748491600156,0,1.9164285031147301,25,21,3,0,7.606491172686219,1.9221277628093958
GER-Bundesliga,2223,Hoffenheim,Andrej Kramaric,3,2022,120,956,F M S,32,2413,12,12.65513789653778,8,8.108478620648384,3,1.6903651049360633,63,31,3,0,16.094462648034096,8.000660603865981
GER-Bundesliga,2223,Hoffenheim,Angelino,3,2022,120,1040,D M S,33,2626,0,0.9366727452725172,0,0.9366727452725172,8,8.13685683440417,20,48,2,0,12.903466511517763,7.8783500315621495
GER-Bundesliga,2223,Hoffenheim,Angelo Stiller,3,2022,120,9725,M S,20,677,1,0.24482049513608217,1,0.24482049513608217,1,0.8041299879550934,7,2,0,0,3.2991620153188705,2.648747604340315
GER-Bundesliga,2223,Hoffenheim,Christoph Baumgartner,3,2022,120,7422,F M,33,2628,7,7.250016514211893,7,7.250016514211893,3,4.0532108983024955,65,23,7,0,14.899143129587173,5.3768909545615315
GER-Bundesliga,2223,Hoffenheim,Dennis Geiger,3,2022,120,6081,M,27,2019,1,0.16566114127635956,1,0.16566114127635956,3,2.4861039081588387,5,35,9,0,7.273835579864681,5.599420048296452
GER-Bundesliga,2223,Hoffenheim,Diadie Samassékou,3,2022,120,7868,M S,2,31,0,0.0,0,0.0,0,0.0,0,0,1,0,0.00703067984431982,0.00703067984431982
GER-Bundesliga,2223,Hoffenheim,Eduardo Quaresma,3,2022,120,11001,D S,4,82,0,0.0,0,0.0,0,0.0,0,0,0,0,0.5079216994345188,0.5079216994345188
GER-Bundesliga,2223,Hoffenheim,Ermin Bicakcic,3,2022,120,84,S,9,236,0,0.0,0,0.0,0,0.0,0,0,0,0,0.36578961089253426,0.36578961089253426
GER-Bundesliga,2223,Hoffenheim,Finn Becker,3,2022,120,10731,D M S,13,505,0,0.3409315627068281,0,0.3409315627068281,0,0.29796668887138367,6,4,0,0,2.4122296646237373,1.9029208049178123
GER-Bundesliga,2223,Hoffenheim,Fisnik Asllani,3,2022,120,10113,S,8,138,0,1.5902240723371506,0,1.5902240723371506,0,0.14016930013895035,9,3,0,0,0.7949380166828632,0.31213559210300446
GER-Bundesliga,2223,Hoffenheim,Georginio Rutter,3,2022,120,6937,F S,15,1023,2,3.2202591560781,2,3.2202591560781,2,1.474237971007824,27,9,2,0,5.45018583163619,0.9381819702684879
GER-Bundesliga,2223,Hoffenheim,Grischa Prömel,3,2022,120,4340,M S,18,1458,1,2.327514637261629,1,2.327514637261629,1,0.9176380978897214,24,8,4,0,4.912098289467394,2.6223731376230717
GER-Bundesliga,2223,Hoffenheim,Ihlas Bebou,3,2022,120,6271,D F S,19,1440,7,4.819524594582617,6,4.061747618950903,0,0.9563902327790856,29,15,2,0,7.813072131946683,3.351820595562458
GER-Bundesliga,2223,Hoffenheim,Jacob Bruun Larsen,3,2022,120,5355,F S,12,311,1,1.260027188807726,1,1.260027188807726,0,0.28904660791158676,7,8,0,0,2.107599997892976,0.6564348191022873
GER-Bundesliga,2223,Hoffenheim,John Brooks,3,2022,120,22,D,15,1350,0,0.36538767348974943,0,0.36538767348974943,0,0.0,7,0,4,0,2.079701241105795,2.079701241105795
GER-Bundesliga,2223,Hoffenheim,Joshua Quarshie,3,2022,120,11207,S,1,1,0,0.0,0,0.0,0,0.0,0,0,0,0,0.06044179946184158,0.06044179946184158
GER-Bundesliga,2223,Hoffenheim,Kasper Dolberg,3,2022,120,8025,F S,13,380,1,0.33276271633803844,1,0.33276271633803844,0,0.6243885392323136,6,4,0,0,1.2663547359406948,0.30920279771089554
GER-Bundesliga,2223,Hoffenheim,Kevin Akpoguma,3,2022,120,6327,D S,28,1966,0,0.41434898041188717,0,0.41434898041188717,0,0.6481539979577065,8,5,11,0,3.9068340938538313,3.155833002179861
GER-Bundesliga,2223,Hoffenheim,Kevin Vogt,3,2022,120,133,D,22,1792,0,0.0,0,0.0,0,0.5047658076509833,0,4,8,0,5.06412497907877,4.5686035715043545
GER-Bundesliga,2223,Hoffenheim,Muhammed Damar,3,2022,120,10730,M S,6,146,0,0.04317310079932213,0,0.04317310079932213,0,0.14528260007500648,1,3,0,0,1.394998699426651,1.2740841954946518
GER-Bundesliga,2223,Hoffenheim,Munas Dabbur,3,2022,120,8140,F S,21,897,6,3.77974421903491,6,3.77974421903491,2,1.7605633363127708,22,16,3,1,7.799924962222576,2.9085478112101555
GER-Bundesliga,2223,Hoffenheim,Oliver Baumann,3,2022,120,73,GK,34,3060,0,0.0,0,0.0,0,0.00703067984431982,0,1,2,0,4.148974056355655,4.141943376511335
GER-Bundesliga,2223,Hoffenheim,Ozan Kabak,3,2022,120,7376,D S,30,2398,2,1.2696625823155046,2,1.2696625823155046,2,1.4368626717478037,23,4,8,2,6.8836584612727165,4.857320748269558
GER-Bundesliga,2223,Hoffenheim,Pavel Kaderábek,3,2022,120,74,D M S,26,1651,1,1.5393270254135132,1,1.5393270254135132,1,1.4641894437372684,8,18,1,0,5.749808196909726,3.3875669622793794
GER-Bundesliga,2223,Hoffenheim,Robert Skov,3,2022,120,7867,D M S,23,1368,3,3.2538157887756824,1,1.7382657416164875,2,2.0624763034284115,41,19,1,0,4.800878558307886,2.4559556022286415
GER-Bundesliga,2223,Hoffenheim,Sebastian Rudy,3,2022,120,90,M S,22,758,0,0.09611720778048038,0,0.09611720778048038,1,0.6947903409600258,5,13,3,0,2.7909096851944923,2.660964274778962
GER-Bundesliga,2223,Hoffenheim,Stanley N'Soki,3,2022,120,6436,D S,19,1287,1,0.5313683049753308,1,0.5313683049753308,0,0.4483819082379341,6,3,2,1,5.93269032984972,5.158309873193502
GER-Bundesliga,2223,Hoffenheim,Stefan Posch,3,2022,120,5329,D,1,18,0,0.0,0,0.0,0,0.0,0,0,0,1,0.0,0.0
GER-Bundesliga,2223,Hoffenheim,Thomas Delaney,3,2022,120,5230,M S,6,306,0,0.07486409693956375,0,0.07486409693956375,0,0.019503800198435783,1,1,0,0,0.4395939987152815,0.3452261984348297
GER-Bundesliga,2223,Hoffenheim,Tom Bischof,3,2022,120,10289,M S,11,306,0,0.9362808931618929,0,0.9362808931618929,0,1.1524579226970673,7,5,0,0,2.284682849422097,0.3431813418865204
GER-Bundesliga,2223,Hoffenheim,Umut Tohumcu,3,2022,120,10595,M S,8,261,0,0.11018069926649332,0,0.11018069926649332,0,0.06893181428313255,4,2,0,0,0.32312571071088314,0.15843009389936924
GER-Bundesliga,2223,Mainz 05,Aarón Martín,3,2022,125,5133,D S,28,1830,5,2.1844342965632677,5,1.4266573209315538,3,2.625666566193104,19,27,3,0,6.366126410663128,3.9091148050501943
GER-Bundesliga,2223,Mainz 05,Alexander Hack,3,2022,125,52,D S,19,1125,0,0.6021239012479782,0,0.6021239012479782,0,0.1241120994091034,4,4,2,1,2.979021204635501,2.872820219025016
GER-Bundesliga,2223,Mainz 05,Andreas Hanche-Olsen,3,2022,125,11309,D,17,1502,1,0.38988236989825964,1,0.38988236989825964,2,1.1407977100461721,7,5,5,0,2.177363358438015,1.9861866347491741
GER-Bundesliga,2223,Mainz 05,Angelo Fulgini,3,2022,125,6019,M S,16,513,0,0.79405059479177,0,0.79405059479177,1,0.8936613043770194,8,7,1,0,2.3068373864516616,0.6696624038740993
GER-Bundesliga,2223,Mainz 05,Anthony Caci,3,2022,125,6380,D M S,31,2052,2,0.4756427016109228,2,0.4756427016109228,1,2.8494056733325124,9,21,4,0,6.216136714443564,3.4933305028826
GER-Bundesliga,2223,Mainz 05,Anton Stach,3,2022,125,9910,M S,30,2080,1,2.024175141006708,1,2.024175141006708,4,3.7558081168681383,36,31,4,0,6.682561932131648,3.076814828440547
GER-Bundesliga,2223,Mainz 05,Aymen Barkok,3,2022,125,5235,M S,23,529,0,0.39138801116496325,0,0.39138801116496325,1,0.7371878288686275,11,7,1,0,1.786135796457529,0.7496449705213308
GER-Bundesliga,2223,Mainz 05,Brajan Gruda,3,2022,125,11310,S,2,2,0,0.0,0,0.0,0,0.0,0,0,0,0,0.022376200184226036,0.022376200184226036
GER-Bundesliga,2223,Mainz 05,Danny da Costa,3,2022,125,249,D M S,23,1247,0,0.6438299268484116,0,0.6438299268484116,2,1.4726438075304031,7,11,0,0,3.3775308337062597,1.6387583166360855
GER-Bundesliga,2223,Mainz 05,Delano Burgzorg,3,2022,125,10368,S,13,222,0,0.08938729949295521,0,0.08938729949295521,1,0.08183900266885757,4,1,2,0,0.5712936241179705,0.4000673219561577
GER-Bundesliga,2223,Mainz 05,Dominik Kohr,3,2022,125,269,D M S,30,2292,3,2.4828245490789413,3,2.4828245490789413,0,1.029463890939951,39,16,11,0,7.438419679179788,4.5542544750496745
GER-Bundesliga,2223,Mainz 05,Edimilson Fernandes,3,2022,125,1673,D S,32,2453,0,0.5788446050137281,0,0.5788446050137281,3,1.2931853868067265,15,16,4,0,3.5146729424595833,2.8318070778623223
GER-Bundesliga,2223,Mainz 05,Eniss Shabani,3,2022,125,10508,S,1,8,0,0.0,0,0.0,0,0.0,0,0,1,0,0.0,0.0
GER-Bundesliga,2223,Mainz 05,Finn Dahmen,3,2022,125,6596,GK,8,720,0,0.0,0,0.0,0,0.0,0,0,0,0,1.316108450293541,1.316108450293541
GER-Bundesliga,2223,Mainz 05,Jae-Sung Lee,3,2022,125,9783,F M S,34,1941,7,4.690953841432929,7,4.690953841432929,4,2.557208967395127,35,26,2,0,9.127817280590534,4.051347360946238
GER-Bundesliga,2223,Mainz 05,Jonathan Burkardt,3,2022,125,7108,F M S,11,540,1,3.820821888744831,1,3.0630448684096336,2,1.2732256054878235,21,7,2,0,3.7387560456991196,0.9070562198758125
GER-Bundesliga,2223,Mainz 05,Karim Onisiwo,3,2022,125,2631,F M S,31,2559,10,7.937801500782371,10,7.937801500782371,2,4.462550288066268,67,33,4,0,13.139806311577559,3.004184128716588
GER-Bundesliga,2223,Mainz 05,Leandro Barreiro Martins,3,2022,125,7109,M S,31,2161,4,4.256420814432204,4,4.256420814432204,3,2.5344324819743633,31,16,5,0,8.905741119757295,4.254139814525843
GER-Bundesliga,2223,Mainz 05,Ludovic Ajorque,3,2022,125,6905,F M S,17,1243,6,4.543117884546518,6,4.543117884546518,1,1.8128424733877182,32,13,5,0,7.654449883848429,2.897698262706399
GER-Bundesliga,2223,Mainz 05,Marcus Ingvartsen,3,2022,125,7883,F M S,28,1313,10,9.38143016025424,6,6.350403893738985,0,0.7966726366430521,36,6,2,0,7.678540274500847,2.5980356596410275
GER-Bundesliga,2223,Mainz 05,Marlon Mustapha,3,2022,125,10738,S,6,57,0,0.4974861890077591,0,0.4974861890077591,0,0.009719389490783215,3,1,1,0,0.5841747894883156,0.0769691988825798
GER-Bundesliga,2223,Mainz 05,Maxim Leitsch,3,2022,125,9703,D S,9,659,0,0.08464550320059061,0,0.08464550320059061,0,0.014026399701833725,2,1,0,0,0.827564986422658,0.8041619826108217
GER-Bundesliga,2223,Mainz 05,Nelson Weiper,3,2022,125,11143,S,9,74,2,1.6759622320532799,2,1.6759622320532799,0,0.05227850750088692,5,2,0,0,1.082453964278102,0.0
GER-Bundesliga,2223,Mainz 05,Niklas Tauer,3,2022,125,8847,S,3,83,0,0.08091890066862106,0,0.08091890066862106,0,0.0,1,0,0,0,0.10257210209965706,0.10257210209965706
GER-Bundesliga,2223,Mainz 05,Robin Zentner,3,2022,125,449,GK,26,2340,0,0.0,0,0.0,0,0.0648099035024643,0,1,1,0,1.9446534560993314,1.9446534560993314
GER-Bundesliga,2223,Mainz 05,Silvan Widmer,3,2022,125,1139,D S,26,1680,2,2.7354020038619637,2,2.7354020038619637,2,2.0287047550082207,20,15,0,0,8.177862845361233,4.287014581263065
GER-Bundesliga,2223,Mainz 05,Stefan Bell,3,2022,125,40,D S,30,2399,0,0.7811163887381554,0,0.7811163887381554,0,0.3608082067221403,7,7,9,0,2.6135575026273727,2.2802903093397617
GER-Bundesliga,2223,RasenBallsport Leipzig,Abdou Diallo,3,2022,136,4804,D M S,8,472,0,0.17099950462579727,0,0.17099950462579727,0,0.07003770023584366,4,1,2,0,1.2784720361232758,1.2084340155124664
GER-Bundesliga,2223,RasenBallsport Leipzig,Alexander Sørloth,3,2022,136,6531,S,1,2,0,0.0,0,0.0,0,0.0,0,0,1,0,0.01158090028911829,0.01158090028911829
GER-Bundesliga,2223,RasenBallsport Leipzig,Amadou Haidara,3,2022,136,7501,M S,31,1418,2,2.706375576555729,2,2.706375576555729,1,1.3238185830414295,19,12,7,0,7.044573534280062,5.077068915590644
GER-Bundesliga,2223,RasenBallsport Leipzig,André Silva,3,2022,136,6170,F S,31,1750,4,10.774427261203527,4,10.774427261203527,3,3.7528974283486605,59,26,3,0,15.438766792416573,3.591220688074827
GER-Bundesliga,2223,RasenBallsport Leipzig,Benjamin Henrichs,3,2022,136,435,D M S,30,2184,2,1.4496939424425364,2,1.4496939424425364,2,1.6054319348186255,31,20,8,0,12.054654765874147,10.33609838038683
GER-Bundesliga,2223,RasenBallsport Leipzig,Christopher Nkunku,3,2022,136,3300,F M S,25,1897,16,16.290899142622948,13,13.25986534357071,4,4.9029772616922855,74,38,4,0,19.322517298161983,4.799339268356562
GER-Bundesliga,2223,RasenBallsport Leipzig,Dani Olmo,3,2022,136,8292,F M S,23,1294,2,2.686814596876502,2,2.686814596876502,5,5.5300625106319785,43,37,2,0,9.476952152326703,3.719395002350211
GER-Bundesliga,2223,RasenBallsport Leipzig,David Raum,3,2022,136,9724,D M S,28,1686,1,0.6448879111558199,1,0.6448879111558199,2,5.142054616473615,14,35,5,0,8.364078218117356,6.27494917716831
GER-Bundesliga,2223,RasenBallsport Leipzig,Dominik Szoboszlai,3,2022,136,9788,F M S,31,2461,6,5.183287084102631,5,4.425510384142399,7,9.276841456070542,61,72,3,2,19.720009319484234,10.23229293897748
GER-Bundesliga,2223,RasenBallsport Leipzig,Emil Forsberg,3,2022,136,5249,F M S,30,1479,6,4.590440109372139,4,3.0748871117830276,4,2.7437302321195602,23,19,2,0,7.481600746512413,2.4226518739014864
GER-Bundesliga,2223,RasenBallsport Leipzig,Hugo Novoa Ramos,3,2022,136,9293,M S,7,181,1,0.6052260100841522,1,0.6052260100841522,0,0.06866550073027611,3,2,0,0,1.1590013913810253,0.5537764094769955
GER-Bundesliga,2223,RasenBallsport Leipzig,Janis Blaswich,3,2022,136,4313,GK,26,2340,0,0.0,0,0.0,0,0.03894380107522011,0,1,0,0,4.356674913316965,4.356674913316965
GER-Bundesliga,2223,RasenBallsport Leipzig,Josko Gvardiol,3,2022,136,9790,D S,30,2167,1,1.7560912743210793,1,1.7560912743210793,0,0.6161073902621865,13,12,2,0,9.578041969798505,9.14376179408282
GER-Bundesliga,2223,RasenBallsport Leipzig,Kevin Kampl,3,2022,136,188,M S,30,1366,2,0.7337436862289906,2,0.7337436862289906,2,1.1259861383587122,7,12,8,0,7.890383210033178,6.538844563066959
GER-Bundesliga,2223,RasenBallsport Leipzig,Konrad Laimer,3,2022,136,6109,M S,21,1482,3,3.229747664183378,3,3.229747664183378,0,2.0900166016072035,20,16,8,0,8.843641895800829,3.8706196919083595
GER-Bundesliga,2223,RasenBallsport Leipzig,Lukas Klostermann,3,2022,136,5358,D S,15,898,0,0.2889015795662999,0,0.2889015795662999,0,0.111005999147892,6,1,0,0,3.109500966966152,2.907434955239296
GER-Bundesliga,2223,RasenBallsport Leipzig,Marcel Halstenberg,3,2022,136,5254,D S,31,1562,1,1.6008050814270973,1,1.6008050814270973,1,2.027093281969428,9,19,2,0,8.040307074785233,6.051198270171881
GER-Bundesliga,2223,RasenBallsport Leipzig,Mohamed Simakan,3,2022,136,7551,D S,24,1462,1,2.333084085956216,1,2.333084085956216,1,1.239668756723404,12,11,2,0,4.416493048891425,3.202450942248106
GER-Bundesliga,2223,RasenBallsport Leipzig,Péter Gulácsi,3,2022,136,5241,GK,6,540,0,0.0,0,0.0,0,0.0,0,0,0,0,1.7651097681373358,1.7651097681373358
GER-Bundesliga,2223,RasenBallsport Leipzig,Sanoussy Ba,3,2022,136,10839,S,1,1,0,0.0,0,0.0,0,0.0,0,0,0,0,0.0,0.0
GER-Bundesliga,2223,RasenBallsport Leipzig,Timo Werner,3,2022,136,65,F M S,27,1965,9,9.723146203905344,9,9.723146203905344,3,2.870787415653467,61,20,2,0,14.621947288513184,3.861814394593239
GER-Bundesliga,2223,RasenBallsport Leipzig,Willi Orban,3,2022,136,5257,D,33,2955,4,3.092478398233652,4,3.092478398233652,0,0.37038328498601913,27,6,2,0,11.605796067044139,11.323103966191411
GER-Bundesliga,2223,RasenBallsport Leipzig,Xaver Schlager,3,2022,136,7783,M S,22,1504,1,0.5458100996911526,1,0.5458100996911526,1,0.973279032856226,5,8,2,0,10.896394051611423,9.585913009941578
GER-Bundesliga,2223,RasenBallsport Leipzig,Yussuf Poulsen,3,2022,136,5250,F S,19,376,2,1.9865181352943182,2,1.9865181352943182,1,1.671581469476223,13,8,1,0,3.930041965097189,1.9471512846648693
GER-Bundesliga,2223,RasenBallsport Leipzig,Ørjan Nyland,3,2022,136,250,GK,2,180,0,0.0,0,0.0,1,0.14958412945270538,0,1,0,0,0.8444308340549469,0.6948467195034027
GER-Bundesliga,2223,Schalke 04,Alex Kral,3,2022,124,8017,M S,29,2357,0,1.562538480386138,0,1.562538480386138,0,0.5070484662428498,32,11,3,0,6.027862414717674,4.629865577444434
GER-Bundesliga,2223,Schalke 04,Alexander Schwolow,3,2022,124,5262,GK S,23,2035,0,0.09960950165987015,0,0.09960950165987015,0,0.04205460101366043,1,1,1,0,1.7379816295579076,1.6959270285442472
GER-Bundesliga,2223,Schalke 04,Andreas Ivan,3,2022,124,11313,S,1,40,0,0.04527780041098595,0,0.04527780041098595,0,0.0,1,0,0,0,0.0572442002594471,0.0572442002594471
GER-Bundesliga,2223,Schalke 04,Cédric Brunner,3,2022,124,8794,D,28,2344,0,0.31480867601931095,0,0.31480867601931095,0,1.9498100448399782,10,19,5,0,3.9447230705991387,2.3983014822006226
GER-Bundesliga,2223,Schalke 04,Danny Latza,3,2022,124,43,M S,20,827,0,0.9111886546015739,0,0.9111886546015739,1,0.2813880555331707,16,4,2,0,1.7259758412837982,0.9968359656631947
GER-Bundesliga,2223,Schalke 04,Dominick Drexler,3,2022,124,7789,M S,27,1370,4,2.6568605732172728,4,2.6568605732172728,3,2.6209453642368317,16,19,3,1,7.653311584144831,3.0037743039429188
GER-Bundesliga,2223,Schalke 04,Florent Mollet,3,2022,124,5677,M S,9,399,1,0.437628909945488,1,0.437628909945488,0,0.4854036010801792,11,4,1,0,1.735672987997532,0.9345378056168556
GER-Bundesliga,2223,Schalke 04,Florian Flick,3,2022,124,9412,M S,8,501,0,0.047136399894952774,0,0.047136399894952774,0,0.01616309955716133,2,1,1,0,0.3476714976131916,0.2968528978526592
GER-Bundesliga,2223,Schalke 04,Henning Matriciani,3,2022,124,9543,D,22,1883,0,0.16095511335879564,0,0.16095511335879564,0,0.12437498569488525,3,3,1,0,3.7949037002399564,3.6549768298864365
GER-Bundesliga,2223,Schalke 04,Jere Uronen,3,2022,124,9615,D S,11,691,0,0.06505706440657377,0,0.06505706440657377,0,1.1887695714831352,4,9,2,0,0.696028208360076,0.5072013596072793
GER-Bundesliga,2223,Schalke 04,Jordan Larsson,3,2022,124,7770,M S,11,468,0,0.9179258029907942,0,0.9179258029907942,0,0.709810109809041,10,4,0,0,1.7082823887467384,0.15526259690523148
GER-Bundesliga,2223,Schalke 04,Keke Maximilian Topp,3,2022,124,11314,S,1,18,0,0.054873500019311905,0,0.054873500019311905,0,0.0,1,0,0,0,0.0,0.0
GER-Bundesliga,2223,Schalke 04,Kenan Karaman,3,2022,124,98,F M S,21,961,1,2.313896202482283,1,2.313896202482283,2,1.2160936631262302,21,8,2,0,3.4227208755910397,0.6500499919056892
GER-Bundesliga,2223,Schalke 04,Kerim Çalhanoglu,3,2022,124,9162,S,3,59,0,0.018863100558519363,0,0.018863100558519363,0,0.11599099636077881,1,3,0,0,0.3374429941177368,0.2025890052318573
GER-Bundesliga,2223,Schalke 04,Leo Greiml,3,2022,124,11077,D S,7,350,0,0.07862959802150726,0,0.07862959802150726,0,0.05479630082845688,1,1,2,0,0.23374660313129425,0.17895030230283737
GER-Bundesliga,2223,Schalke 04,Malick Thiaw,3,2022,124,8378,D,3,270,0,0.1786629967391491,0,0.1786629967391491,0,0.0,2,0,2,0,0.3071206994354725,0.3071206994354725
GER-Bundesliga,2223,Schalke 04,Marcin Kaminski,3,2022,124,6085,D S,8,631,2,0.2991238869726658,2,0.2991238869726658,0,0.0840664692223072,4,2,0,0,2.4079429283738136,2.323876477777958
GER-Bundesliga,2223,Schalke 04,Marius Bülter,3,2022,124,7879,F M S,33,2619,11,8.998790411278605,7,5.967683052644134,1,4.248066739179194,68,37,5,0,12.15662797447294,2.7311309576034546
GER-Bundesliga,2223,Schalke 04,Maya Yoshida,3,2022,124,845,D S,29,2550,0,0.9310164069756866,0,0.9310164069756866,0,0.11958560161292553,12,4,4,0,2.338767798617482,2.2403703052550554
GER-Bundesliga,2223,Schalke 04,Mehmet Can Aydin,3,2022,124,9427,D M S,16,542,0,0.3582813013345003,0,0.3582813013345003,0,0.6829575225710869,5,4,0,0,1.14112582616508,0.9457641849294305
GER-Bundesliga,2223,Schalke 04,Michael Frey,3,2022,124,4848,F S,15,877,0,1.9593377178534865,0,1.9593377178534865,3,2.0958570390939713,28,10,2,0,4.519075870513916,0.6457106284797192
GER-Bundesliga,2223,Schalke 04,Moritz Jenz,3,2022,124,9943,D,11,947,0,0.9572696089744568,0,0.9572696089744568,0,0.009424169547855854,10,1,5,0,2.2433805726468563,2.2339563705027103
GER-Bundesliga,2223,Schalke 04,Ralf Fährmann,3,2022,124,330,GK,12,1025,0,0.0,0,0.0,0,0.0,0,0,0,0,1.0106055745854974,1.0106055745854974
GER-Bundesliga,2223,Schalke 04,Rodrigo Zalazar,3,2022,124,10850,F M S,22,1338,1,3.0480029303580523,1,3.0480029303580523,6,3.8181767985224724,38,35,4,0,5.541506182402372,2.16299463622272
GER-Bundesliga,2223,Schalke 04,Sebastian Polter,3,2022,124,7881,F S,19,585,2,2.1776624247431755,2,2.1776624247431755,3,1.1765880435705185,12,9,3,0,4.040254306048155,1.105415128171444
GER-Bundesliga,2223,Schalke 04,Sepp van den Berg,3,2022,124,10721,D S,9,692,1,0.27775995433330536,1,0.27775995433330536,0,0.13108974695205688,5,2,2,0,0.8645213358104229,0.6877231746912003
GER-Bundesliga,2223,Schalke 04,Sidi Sané,3,2022,124,11200,S,1,23,0,0.0,0,0.0,0,0.0,0,0,0,0,0.0,0.0
GER-Bundesliga,2223,Schalke 04,Simon Terodde,3,2022,124,6090,F S,32,1839,5,7.261510234326124,5,6.50373325869441,0,2.744606046937406,44,22,5,0,9.771421328186989,1.4725315291434526
GER-Bundesliga,2223,Schalke 04,Soichiro Kozuki,3,2022,124,11312,M,5,392,1,1.2282172068953514,1,1.2282172068953514,0,0.25627389922738075,14,4,1,0,1.281147114932537,0.2873010039329529
GER-Bundesliga,2223,Schalke 04,Thomas Ouwejan,3,2022,124,8922,D M S,17,897,0,0.12025740183889866,0,0.12025740183889866,1,1.0852834060788155,5,18,1,0,2.1533401049673557,1.7265265863388777
GER-Bundesliga,2223,Schalke 04,Tim Skarke,3,2022,124,10926,M S,12,496,1,0.7401213059201837,1,0.7401213059201837,1,0.9000245099887252,15,11,1,0,2.042828915640712,0.815601309761405
GER-Bundesliga,2223,Schalke 04,Timothée Kolodziejczak,3,2022,124,2063,S,1,23,0,0.0,0,0.0,0,0.0,0,0,0,0,0.0,0.0
GER-Bundesliga,2223,Schalke 04,Tobias Mohr,3,2022,124,10851,D M S,18,816,0,0.7133287824690342,0,0.7133287824690342,3,2.1852673646062613,12,21,0,0,3.0131134409457445,1.200985288247466
GER-Bundesliga,2223,Schalke 04,Tom Krauß,3,2022,124,8092,M S,32,2562,2,2.0188082177191973,2,2.0188082177191973,0,0.9653695691376925,25,12,8,0,6.291782749816775,4.340799113735557
GER-Bundesliga,2223,Schalke 04,Éder Balanta,3,2022,124,11370,M S,6,236,0,0.05806469917297363,0,0.05806469917297363,0,0.17949709855020046,1,4,3,0,0.7667979076504707,0.6726402118802071
GER-Bundesliga,2223,Union Berlin,Aissa Laidouni,3,2022,240,3699,M S,14,891,2,0.6928167883306742,2,0.6928167883306742,0,0.48651791363954544,5,4,4,0,2.252670830115676,1.1492191571742296
GER-Bundesliga,2223,Union Berlin,Andras Schafer,3,2022,240,7410,M S,16,867,0,0.24989927280694246,0,0.24989927280694246,0,0.18585219606757164,7,3,0,0,1.6131413141265512,1.2176516447216272
GER-Bundesliga,2223,Union Berlin,Christopher Trimmel,3,2022,240,7875,D S,25,1811,0,0.562819616869092,0,0.562819616869092,6,2.6986877834424376,14,35,1,0,3.7974764704704285,2.32154162786901
GER-Bundesliga,2223,Union Berlin,Danilho Doekhi,3,2022,240,10725,D,25,2223,5,1.7546885032206774,5,1.7546885032206774,1,0.41639458015561104,17,7,0,0,4.246129464358091,3.9035871028900146
GER-Bundesliga,2223,Union Berlin,Diogo Leite,3,2022,240,10724,D S,28,2255,0,0.5433130227029324,0,0.5433130227029324,1,0.40650339610874653,11,4,6,1,4.752847585827112,4.594100397080183
GER-Bundesliga,2223,Union Berlin,Frederik Rönnow,3,2022,240,7048,GK,29,2610,0,0.0,0,0.0,0,0.021153299137949944,0,1,2,0,2.785597950220108,2.764444651082158
GER-Bundesliga,2223,Union Berlin,Genki Haraguchi,3,2022,240,35,M S,22,1266,0,0.37698660138994455,0,0.37698660138994455,2,0.674909807741642,11,15,1,0,3.5593247581273317,2.855396682396531
GER-Bundesliga,2223,Union Berlin,Jamie Leweling,3,2022,240,9718,S,16,215,1,1.204305499792099,1,1.204305499792099,1,0.5070108249783516,9,2,1,0,1.7667225282639265,0.48438900895416737
GER-Bundesliga,2223,Union Berlin,Janik Haberer,3,2022,240,4271,M S,32,2275,5,2.4466502936556935,5,2.4466502936556935,1,2.097323566675186,32,23,1,0,8.055939726531506,4.546195590868592
GER-Bundesliga,2223,Union Berlin,Jordan Siebatcheu,3,2022,240,3682,F S,31,1336,4,4.373952075839043,4,2.8583972733467817,4,1.3029851038008928,34,18,3,0,5.220875604078174,1.4949761219322681
GER-Bundesliga,2223,Union Berlin,Josip Juranovic,3,2022,240,11333,D S,12,921,2,1.1514203026890755,1,0.3936433270573616,1,1.0844305008649826,7,22,0,0,1.7150551229715347,1.1032112762331963
GER-Bundesliga,2223,Union Berlin,Jérôme Roussillon,3,2022,240,3339,D S,20,990,0,0.5452681872993708,0,0.5452681872993708,2,1.0813358100131154,9,7,2,0,3.204289217479527,1.9763552276417613
GER-Bundesliga,2223,Union Berlin,Kevin Behrens,3,2022,240,9712,F S,33,1551,8,5.351088147610426,8,5.351088147610426,1,1.17486921697855,35,21,6,0,6.587344314903021,1.4740190654993057
GER-Bundesliga,2223,Union Berlin,Lennart Grill,3,2022,240,9129,GK,5,450,0,0.0,0,0.0,0,0.0,0,0,0,0,0.11335449852049351,0.11335449852049351
GER-Bundesliga,2223,Union Berlin,Levin Öztunali,3,2022,240,118,S,2,3,0,0.0,0,0.0,1,0.49236801266670227,0,1,0,0,0.49236801266670227,0.0
GER-Bundesliga,2223,Union Berlin,Milos Pantovic,3,2022,240,378,S,13,170,1,1.4034431278705597,1,0.6457468122243881,0,0.0,6,0,1,0,0.5745193101465702,0.14551040157675743
GER-Bundesliga,2223,Union Berlin,Morten Thorsby,3,2022,240,7939,M S,24,803,1,0.994760949164629,1,0.994760949164629,1,0.2810052027925849,9,7,3,0,2.2772523518651724,1.1957275941967964
GER-Bundesliga,2223,Union Berlin,Niko Gießelmann,3,2022,240,7056,D S,26,1295,0,0.776525666937232,0,0.776525666937232,2,1.7110193148255348,20,22,4,0,3.072348453104496,1.8975248076021671
GER-Bundesliga,2223,Union Berlin,Paul Jäckel,3,2022,240,6595,D S,16,1204,1,0.15980300307273865,1,0.15980300307273865,0,0.02945166453719139,2,1,2,1,1.4205832108855247,1.4205832108855247
GER-Bundesliga,2223,Union Berlin,Paul Seguin,3,2022,240,2625,M S,20,651,1,1.0294694919139147,1,1.0294694919139147,3,2.073301386088133,15,10,4,0,4.384452261030674,2.1641738079488277
GER-Bundesliga,2223,Union Berlin,Rani Khedira,3,2022,240,5251,M,33,2895,2,1.660578920505941,2,1.660578920505941,0,0.4030138533562422,24,8,8,0,7.075296450406313,5.897386433556676
GER-Bundesliga,2223,Union Berlin,Robin Knoche,3,2022,240,161,D,32,2877,2,1.8012003554031253,1,0.28564640413969755,3,1.144210159778595,9,5,4,0,3.927438823506236,3.5526019763201475
GER-Bundesliga,2223,Union Berlin,Sheraldo Becker,3,2022,240,7882,F M S,34,2638,11,5.706978755071759,11,5.706978755071759,7,5.149274218827486,67,43,4,0,12.626208378002048,2.6656901137903333
GER-Bundesliga,2223,Union Berlin,Sven Michel,3,2022,240,7799,F S,21,444,3,1.4810891952365637,2,0.7233122196048498,1,0.45162682980298996,16,7,2,0,1.3788023237138987,0.2479215618222952
GER-Bundesliga,2223,Union Berlin,Timo Baumgartl,3,2022,240,71,D S,8,556,0,0.15345120057463646,0,0.15345120057463646,1,0.10878878086805344,4,3,2,0,1.5625516418367624,1.3962008450180292
GER-Bundesliga,2223,Union Berlin,Tymoteusz Puchacz,3,2022,240,9713,D,1,60,0,0.0,0,0.0,0,0.008854810148477554,0,1,0,0,0.0,0.0
GER-Bundesliga,2223,VfB Stuttgart,Alou Kuol,3,2022,133,11050,S,1,4,0,0.0,0,0.0,0,0.0,0,0,0,0,0.0,0.0
GER-Bundesliga,2223,VfB Stuttgart,Atakan Karazor,3,2022,133,8878,M S,29,1957,0,0.1994857955724001,0,0.1994857955724001,1,0.5135862026363611,6,14,10,0,6.075968971475959,5.649411277845502
GER-Bundesliga,2223,VfB Stuttgart,Borna Sosa,3,2022,133,7075,D S,25,1959,2,1.0440194979310036,2,1.0440194979310036,7,5.818904811516404,15,67,5,0,9.952242678962648,7.2642288180068135
GER-Bundesliga,2223,VfB Stuttgart,Chris Führich,3,2022,133,6449,D F M S,33,1908,5,3.400684140622616,4,2.6429078467190266,2,4.345919347833842,44,23,2,0,9.190579358488321,4.720971023663878
GER-Bundesliga,2223,VfB Stuttgart,Clinton Mola,3,2022,133,9479,S,1,11,0,0.02121400088071823,0,0.02121400088071823,0,0.0,1,0,1,0,0.02121400088071823,0.0
GER-Bundesliga,2223,VfB Stuttgart,Dan-Axel Zagadou,3,2022,133,6103,D S,17,1275,0,1.5300191482529044,0,1.5300191482529044,0,0.6441727681085467,14,9,3,0,3.7786047346889973,3.260383792221546
GER-Bundesliga,2223,VfB Stuttgart,Darko Churlinov,3,2022,133,7790,S,1,23,0,0.0,0,0.0,0,0.0,0,0,0,0,0.0,0.0
GER-Bundesliga,2223,VfB Stuttgart,Enzo Millot,3,2022,133,8645,M S,23,879,0,1.5908633694052696,0,1.5908633694052696,1,1.8406341979280114,17,13,3,0,3.9699579533189535,2.3206195067614317
GER-Bundesliga,2223,VfB Stuttgart,Fabian Bredlow,3,2022,133,7030,GK,15,1350,0,0.0,0,0.0,0,0.0,0,0,2,0,0.9451732290908694,0.9451732290908694
GER-Bundesliga,2223,VfB Stuttgart,Florian Müller,3,2022,133,5328,GK,19,1710,0,0.0,0,0.0,0,0.03658443037420511,0,2,0,0,4.110496556386352,4.073911553248763
GER-Bundesliga,2223,VfB Stuttgart,Gil Dias,3,2022,133,3769,F S,7,407,1,0.5321334004402161,1,0.5321334004402161,0,0.7684373054653406,10,8,0,0,1.4440937042236328,0.2249538991600275
GER-Bundesliga,2223,VfB Stuttgart,Hiroki Ito,3,2022,133,9715,D M S,30,2564,1,0.5910147782415152,1,0.5910147782415152,1,1.9893338391557336,21,21,5,0,8.336282348260283,6.891387430950999
GER-Bundesliga,2223,VfB Stuttgart,Joshua Vagnoman,3,2022,133,6626,D F S,23,1471,2,3.662363068200648,2,3.662363068200648,2,1.281820660457015,25,11,1,1,5.672499376349151,3.9568955153226852
GER-Bundesliga,2223,VfB Stuttgart,Juan Perea,3,2022,133,10837,F S,16,397,1,0.19155360385775566,1,0.19155360385775566,0,0.6523671969771385,2,2,0,0,2.140662170946598,1.4293353743851185
GER-Bundesliga,2223,VfB Stuttgart,Konstantinos Mavropanos,3,2022,133,6722,D S,28,2287,2,3.6490307804197073,2,3.6490307804197073,1,1.351170682348311,49,16,7,1,8.236280523240566,6.167831616476178
GER-Bundesliga,2223,VfB Stuttgart,Laurin Ulrich,3,2022,133,11228,S,1,5,0,0.0,0,0.0,0,0.0,0,0,0,0,0.0,0.0
GER-Bundesliga,2223,VfB Stuttgart,Lilian Egloff,3,2022,133,8987,F M S,10,231,0,0.300667991861701,0,0.300667991861701,0,0.8084998950362206,8,4,1,0,1.5832354128360748,0.5523819914087653
GER-Bundesliga,2223,VfB Stuttgart,Luca Pfeiffer,3,2022,133,10838,F S,19,686,0,2.433406077325344,0,2.433406077325344,0,1.1532226838171482,12,13,1,1,4.175427824258804,1.9940283908508718
GER-Bundesliga,2223,VfB Stuttgart,Naouirou Ahamada,3,2022,133,9274,M,17,1426,2,0.6138978954404593,2,0.6138978954404593,2,1.1083042230457067,16,16,2,1,5.5820237547159195,4.412002116441727
GER-Bundesliga,2223,VfB Stuttgart,Nikolas Nartey,3,2022,133,6415,D M S,9,474,0,0.4124358892440796,0,0.4124358892440796,0,0.24095896445214748,4,4,1,0,0.8038650043308735,0.22965240478515625
GER-Bundesliga,2223,VfB Stuttgart,Pascal Stenzel,3,2022,133,326,D S,12,312,0,0.026194599457085133,0,0.026194599457085133,1,0.6617796197533607,2,8,0,0,2.2854786412790418,2.2592840418219566
GER-Bundesliga,2223,VfB Stuttgart,Sasa Kalajdzic,3,2022,133,8812,F,3,241,0,0.4039623886346817,0,0.4039623886346817,3,0.681012399494648,5,6,1,0,1.094398096203804,0.2441340982913971
GER-Bundesliga,2223,VfB Stuttgart,Serhou Guirassy,3,2022,133,3738,F S,22,1665,11,11.956945683807135,9,10.441392052918673,0,1.3576067350804806,49,18,2,1,12.250795565545559,2.316678822040558
GER-Bundesliga,2223,VfB Stuttgart,Silas Wamangituka,3,2022,133,8807,D F M S,30,2020,5,6.176944080740213,4,5.419168118387461,2,1.9076606966555119,42,18,3,0,11.44866382330656,4.591030273586512
GER-Bundesliga,2223,VfB Stuttgart,Tanguy Coulibaly,3,2022,133,8813,S,14,296,4,1.6872586272656918,3,0.9294819571077824,0,0.9875827450305223,12,6,3,0,2.0845716297626495,0.5706927478313446
GER-Bundesliga,2223,VfB Stuttgart,Thomas Kastanaras,3,2022,133,11002,M S,4,68,0,0.17639049887657166,0,0.17639049887657166,0,0.054092999547719955,2,1,0,0,0.13239100202918053,0.024937499314546585
GER-Bundesliga,2223,VfB Stuttgart,Tiago Tomás,3,2022,133,10367,F M S,27,1297,3,2.477932807058096,3,2.477932807058096,3,3.7807464860379696,34,20,2,0,6.8474081736058,1.7089161202311516
GER-Bundesliga,2223,VfB Stuttgart,Waldemar Anton,3,2022,133,106,D,34,2950,1,1.5330881429836154,1,1.5330881429836154,2,2.125988921150565,24,12,4,0,10.634754788130522,8.346572926267982
GER-Bundesliga,2223,VfB Stuttgart,Wataru Endo,3,2022,133,8808,M,33,2929,5,5.163596375845373,5,5.163596375845373,4,4.437882576137781,45,45,3,0,12.159647703170776,7.895517183467746
GER-Bundesliga,2223,Werder Bremen,Amos Pieper,3,2022,123,7320,D S,29,1954,2,0.6505707995966077,2,0.6505707995966077,1,0.2639712952077389,11,5,9,0,3.8830153346061707,3.660694560036063
GER-Bundesliga,2223,Werder Bremen,Anthony Jung,3,2022,123,5217,D M S,34,2670,2,1.5311100948601961,2,1.5311100948601961,5,1.6596507895737886,17,22,2,0,8.238742823712528,5.750136033631861
GER-Bundesliga,2223,Werder Bremen,Christian Groß,3,2022,123,7815,D M S,26,1918,1,0.3920436417683959,1,0.3920436417683959,1,0.5678231548517942,5,5,4,0,4.845863090828061,3.9561871979385614
GER-Bundesliga,2223,Werder Bremen,Dikeni-Rafid Salifou,3,2022,123,10145,S,1,1,0,0.0,0,0.0,0,0.0,0,0,0,0,0.0,0.0
GER-Bundesliga,2223,Werder Bremen,Eren Sami Dinkci,3,2022,123,9201,S,17,190,0,0.5172514915466309,0,0.5172514915466309,0,0.4940775856375694,6,6,0,0,1.0007512290030718,0.2173261009156704
GER-Bundesliga,2223,Werder Bremen,Fabio Chiarodia,3,2022,123,11073,D S,3,65,0,0.0,0,0.0,0,0.0,0,0,0,0,0.13793319836258888,0.13793319836258888
GER-Bundesliga,2223,Werder Bremen,Felix Agu,3,2022,123,8804,S,3,40,0,0.045102499425411224,0,0.045102499425411224,0,0.06880330294370651,1,1,1,0,0.11390580236911774,0.06880330294370651
GER-Bundesliga,2223,Werder Bremen,Ilia Gruev,3,2022,123,8000,M S,31,1581,0,0.2761705769225955,0,0.2761705769225955,0,0.8603825625032187,6,8,3,0,4.923180348239839,4.011659775860608
GER-Bundesliga,2223,Werder Bremen,Jean-Manuel Mbom,3,2022,123,7431,S,2,4,0,0.0,0,0.0,0,0.0,0,0,0,0,0.0,0.0
GER-Bundesliga,2223,Werder Bremen,Jens Stage,3,2022,123,10734,M S,32,1871,3,2.6224285047501326,3,2.6224285047501326,3,1.7228381093591452,19,16,5,0,6.587090868502855,3.7318255715072155
GER-Bundesliga,2223,Werder Bremen,Jiri Pavlenka,3,2022,123,6082,GK,33,2908,0,0.0,0,0.0,0,0.0,0,0,1,0,2.616541028022766,2.616541028022766
GER-Bundesliga,2223,Werder Bremen,Lee Buchanan,3,2022,123,10735,D M S,21,425,1,0.21256636548787355,1,0.21256636548787355,0,1.0233589708805084,5,4,1,0,1.4355984311550856,0.9181315330788493
GER-Bundesliga,2223,Werder Bremen,Leonardo Bittencourt,3,2022,123,262,D M S,25,1672,3,1.257541323080659,3,1.257541323080659,2,1.8335773339495063,25,15,10,0,6.353984758257866,3.5570593550801277
GER-Bundesliga,2223,Werder Bremen,Marco Friedl,3,2022,123,5340,D,30,2597,0,0.30460778903216124,0,0.30460778903216124,0,0.742159390822053,6,9,7,1,6.701313474215567,6.43504046741873
GER-Bundesliga,2223,Werder Bremen,Marvin Ducksch,3,2022,123,4329,F M,34,2888,12,10.890671040862799,12,10.132894050329924,6,5.1176732471212745,94,51,3,0,16.19248654320836,3.878561289049685
GER-Bundesliga,2223,Werder Bremen,Maximilian Philipp,3,2022,123,4247,F M S,18,544,1,1.92077876906842,1,1.92077876906842,0,0.20877327024936676,12,5,1,0,2.7663206458091736,0.8668098449707031
GER-Bundesliga,2223,Werder Bremen,Michael Zetterer,3,2022,123,126,GK S,2,152,0,0.0,0,0.0,0,0.0,0,0,0,0,0.3848069906234741,0.3848069906234741
GER-Bundesliga,2223,Werder Bremen,Milos Veljkovic,3,2022,123,2691,D S,29,2258,1,0.8672148548066616,1,0.8672148548066616,1,0.39115048199892044,4,7,2,0,4.7552134692668915,4.707758160308003
GER-Bundesliga,2223,Werder Bremen,Mitchell Weiser,3,2022,123,28,D M S,30,2532,2,3.319304338656366,2,3.319304338656366,9,7.105263199657202,29,41,7,0,14.796088598668575,7.707576205953956
GER-Bundesliga,2223,Werder Bremen,Niclas Füllkrug,3,2022,123,6098,F,28,2482,16,13.430156659334898,11,9.641273576766253,5,3.7504996675997972,80,33,4,0,15.179124631918967,4.494084726087749
GER-Bundesliga,2223,Werder Bremen,Nicolai Rapp,3,2022,123,4335,S,7,58,0,0.09135960042476654,0,0.09135960042476654,0,0.0,1,0,0,0,0.1807548999786377,0.08939529955387115
GER-Bundesliga,2223,Werder Bremen,Niklas Schmidt,3,2022,123,5352,M S,24,1068,3,1.7660444285720587,3,1.7660444285720587,0,0.9927829960361123,21,17,4,0,4.293101482093334,1.927444675937295
GER-Bundesliga,2223,Werder Bremen,Niklas Stark,3,2022,123,418,D S,27,2086,0,0.14657315332442522,0,0.14657315332442522,0,0.4632322881370783,3,4,9,0,2.5588958244770765,2.1649999376386404
GER-Bundesliga,2223,Werder Bremen,Oliver Burke,3,2022,123,5256,F S,15,236,2,1.3318457044661045,2,1.3318457044661045,0,0.3436951981857419,8,4,0,0,1.9934152187779546,0.5776930153369904
GER-Bundesliga,2223,Werder Bremen,Romano Schmid,3,2022,123,9069,F M S,27,1509,1,1.517536404542625,1,1.517536404542625,3,1.95889806561172,18,23,3,0,7.789045225828886,4.613580694422126
GER-Bundesliga,2223,Wolfsburg,Aster Vranckx,3,2022,131,9935,S,1,4,0,0.0,0,0.0,0,0.0,0,0,0,0,0.015021299943327904,0.015021299943327904
GER-Bundesliga,2223,Wolfsburg,Bartol Franjic,3,2022,131,10733,M S,5,232,0,0.4416798986494541,0,0.4416798986494541,1,0.30588749796152115,2,2,0,0,0.5967073999345303,0.27550750225782394
GER-Bundesliga,2223,Wolfsburg,Bote Baku,3,2022,131,6708,D F M S,33,2583,5,3.2185200499370694,5,3.2185200499370694,3,3.307960799895227,28,27,6,0,15.9585737939924,10.979391114786267
GER-Bundesliga,2223,Wolfsburg,Dzenan Pejcinovic,3,2022,131,11227,S,1,5,0,0.0,0,0.0,0,0.0,0,0,0,0,0.0,0.0
GER-Bundesliga,2223,Wolfsburg,Felix Nmecha,3,2022,131,9202,M S,30,1824,3,3.1746669095009565,3,3.1746669095009565,5,3.0094010084867477,37,20,3,0,8.86590768583119,5.571464359760284
GER-Bundesliga,2223,Wolfsburg,Gian-Luca Waldschmidt,3,2022,131,294,F M S,18,493,4,2.384880857542157,3,1.627103941515088,0,0.0358399823307991,11,1,0,0,1.9761301949620247,1.335745608434081
GER-Bundesliga,2223,Wolfsburg,Jakub Kaminski,3,2022,131,10732,D F M S,31,2102,4,5.838947834447026,4,5.838947834447026,2,3.693452760577202,39,28,0,0,15.356808818876743,7.755885322578251
GER-Bundesliga,2223,Wolfsburg,Jonas Wind,3,2022,131,10394,F S,24,1311,6,5.148620136082172,6,4.390843458473682,0,1.4154658820480108,30,14,1,0,7.339821260422468,2.81390243396163
GER-Bundesliga,2223,Wolfsburg,Josip Brekalo,3,2022,131,5353,F M S,6,269,0,0.08494400139898062,0,0.08494400139898062,1,0.2671682983636856,2,5,0,0,0.39834030624479055,0.26921770349144936
GER-Bundesliga,2223,Wolfsburg,Josuha Guilavogui,3,2022,131,150,D M S,23,1150,1,0.3011024799197912,1,0.3011024799197912,0,0.2955212965607643,6,4,4,0,4.052423909306526,4.027639210224152
GER-Bundesliga,2223,Wolfsburg,Kevin Paredes,3,2022,131,10395,M S,22,467,1,0.1339329071342945,1,0.1339329071342945,3,1.2515475004911423,4,15,2,0,3.264685845002532,2.056535067036748
GER-Bundesliga,2223,Wolfsburg,Kilian Fischer,3,2022,131,11031,D S,10,501,0,0.1338525004684925,0,0.1338525004684925,0,0.355854369699955,3,5,2,0,1.6006423700600863,1.254663271829486
GER-Bundesliga,2223,Wolfsburg,Koen Casteels,3,2022,131,159,GK,34,3060,0,0.05502432957291603,0,0.05502432957291603,1,0.9053031206130981,1,2,0,0,5.858843168243766,5.563377192243934
GER-Bundesliga,2223,Wolfsburg,Lukas Nmecha,3,2022,131,6544,F S,16,893,4,3.553670769557357,4,3.553670769557357,0,0.44907110556960106,22,6,3,0,4.6232008170336485,0.7894729934632778
GER-Bundesliga,2223,Wolfsburg,Lukás Ambros,3,2022,131,11159,S,1,14,0,0.0,0,0.0,0,0.0,0,0,0,0,0.0,0.0
GER-Bundesliga,2223,Wolfsburg,Mattias Svanberg,3,2022,131,6974,F M S,32,1844,4,4.005698628723621,4,4.005698628723621,6,4.8201605677604675,31,27,4,0,9.86233900859952,4.915807843208313
GER-Bundesliga,2223,Wolfsburg,Max Kruse,3,2022,131,155,M S,5,261,0,0.6018323972821236,0,0.6018323972821236,0,0.08793669939041138,9,3,0,0,1.4237679988145828,0.9206733927130699
GER-Bundesliga,2223,Wolfsburg,Maxence Lacroix,3,2022,131,8853,D S,24,1625,1,0.41657640412449837,1,0.41657640412449837,0,0.07443089969456196,5,3,1,0,5.442830154672265,5.442830154672265
GER-Bundesliga,2223,Wolfsburg,Maximilian Arnold,3,2022,131,153,M,32,2793,5,4.634974149055779,2,0.8460893603041768,3,5.049588920548558,35,44,5,0,10.55605716817081,8.64874707069248
GER-Bundesliga,2223,Wolfsburg,Micky van de Ven,3,2022,131,10050,D,33,2970,1,1.3219706201925874,1,1.3219706201925874,1,1.628925770521164,16,6,5,0,9.035741279833019,8.689012460410595
GER-Bundesliga,2223,Wolfsburg,Nicolas Cozza,3,2022,131,6007,S,5,90,0,0.0,0,0.0,0,0.0,0,0,0,0,0.5603526495397091,0.5603526495397091
GER-Bundesliga,2223,Wolfsburg,Omar Marmoush,3,2022,131,8393,F M S,33,1463,5,5.402720060199499,5,5.402720060199499,1,1.2215128345414996,48,10,2,0,8.300030453130603,2.495272032916546
GER-Bundesliga,2223,Wolfsburg,Patrick Wimmer,3,2022,131,9730,F M S,26,1709,4,4.009688466787338,4,4.009688466787338,8,5.654376212507486,31,38,7,0,10.894396804273129,2.442955546081066
GER-Bundesliga,2223,Wolfsburg,Paulo Otávio,3,2022,131,8213,D M,25,2070,0,0.5616206908598542,0,0.5616206908598542,5,3.4950895430520177,19,23,8,0,7.3325059516355395,4.861743248067796
GER-Bundesliga,2223,Wolfsburg,Sebastiaan Bornauw,3,2022,131,7791,D S,26,1934,1,0.429217092692852,1,0.429217092692852,0,0.06051630154252052,4,1,8,0,4.605699745938182,4.557444838806987
GER-Bundesliga,2223,Wolfsburg,Yannick Gerhardt,3,2022,131,140,M S,29,1884,6,5.957216642796993,6,5.957216642796993,4,1.8561384845525026,26,21,3,0,11.160714483819902,4.984407410956919
GER-Bundesliga,2324,Augsburg,Arne Engels,3,2023,121,11323,D M S,32,1386,3,1.3737167296931148,3,1.3737167296931148,2,1.2870851336047053,20,19,1,1,3.520249331369996,1.9314303258433938
GER-Bundesliga,2324,Augsburg,Arne Maier,3,2023,121,5298,M S,22,981,2,1.1951006520539522,2,1.1951006520539522,4,2.2151197511702776,22,27,0,0,4.211874397471547,2.5746523663401604
GER-Bundesliga,2324,Augsburg,Dion Beljo,3,2023,121,11324,F M S,26,506,2,3.4225120218470693,2,3.4225120218470693,0,0.41207630932331085,19,8,2,0,4.54721678327769,0.963243443518877
GER-Bundesliga,2324,Augsburg,Elvis Rexhbecaj,3,2023,121,6445,M S,25,2025,2,1.593154071830213,1,0.8353773942217231,0,0.5105802221223712,28,12,4,0,5.118085071444511,3.9731741482391953
GER-Bundesliga,2324,Augsburg,Ermedin Demirovic,3,2023,121,6496,F M,33,2911,15,14.406423318199813,12,11.37531662452966,9,4.684111354872584,83,33,7,0,17.19372038450092,4.087510204873979
GER-Bundesliga,2324,Augsburg,Felix Uduokhai,3,2023,121,6100,D,33,2930,2,2.0644265189766884,2,2.0644265189766884,0,0.58353934250772,13,9,3,1,8.341641323640943,6.876336144283414
GER-Bundesliga,2324,Augsburg,Finn Dahmen,3,2023,121,6596,GK,31,2790,0,0.0,0,0.0,0,0.034102436155080795,0,1,4,0,3.327351630665362,3.327351630665362
GER-Bundesliga,2324,Augsburg,Fredrik Jensen,3,2023,121,7197,M S,22,1393,2,1.3293611658737063,2,1.3293611658737063,5,5.256843195296824,14,32,1,0,7.1586007522419095,2.8322389433160424
GER-Bundesliga,2324,Augsburg,Iago,3,2023,121,8065,D M S,23,1625,1,1.6442270195111632,1,1.6442270195111632,1,2.340431857854128,18,17,4,0,6.703731796704233,4.033072794787586
GER-Bundesliga,2324,Augsburg,Irvin Cardona,3,2023,121,5724,S,3,42,0,0.12994922697544098,0,0.12994922697544098,0,0.0,3,0,1,0,0.08590936288237572,0.06762710213661194
GER-Bundesliga,2324,Augsburg,Jeffrey Gouweleeuw,3,2023,121,2665,D S,30,2595,1,1.046881471760571,1,1.046881471760571,0,1.6063790675252676,23,15,7,0,6.97013224195689,6.029334744438529
GER-Bundesliga,2324,Augsburg,Kevin Mbabu,3,2023,121,983,D M S,25,2052,0,0.12427976634353399,0,0.12427976634353399,2,2.4247501185163856,4,21,5,0,6.46109638735652,4.813772508874536
GER-Bundesliga,2324,Augsburg,Kristijan Jakic,3,2023,121,9986,M S,18,1253,2,0.6804289035499096,2,0.6804289035499096,1,0.5128443296998739,14,8,5,0,3.74289258942008,2.992653951048851
GER-Bundesliga,2324,Augsburg,Mads Pedersen,3,2023,121,7809,D M S,27,1762,1,0.6891600228846073,1,0.6891600228846073,1,1.2946920469403267,14,13,5,1,4.514145325869322,2.943501239642501
GER-Bundesliga,2324,Augsburg,Mahmut Kücüksahin,3,2023,121,12627,S,1,1,0,0.0,0,0.0,0,0.0,0,0,0,0,0.0,0.0
GER-Bundesliga,2324,Augsburg,Masaya Okugawa,3,2023,121,9352,S,2,23,0,0.0,0,0.0,0,0.0,0,0,0,0,0.013698888942599297,0.013698888942599297
GER-Bundesliga,2324,Augsburg,Maximilian Bauer,3,2023,121,9716,D S,14,798,1,1.4807326756417751,1,1.4807326756417751,0,0.0,4,0,3,0,2.0538846105337143,2.0538846105337143
GER-Bundesliga,2324,Augsburg,Mert Kömür,3,2023,121,11604,M S,4,113,1,0.13939134776592255,1,0.13939134776592255,0,0.0442003458738327,2,1,0,0,0.510459840297699,0.38486458361148834
GER-Bundesliga,2324,Augsburg,Mërgim Berisha,3,2023,121,11092,F S,8,251,0,0.5670692436397076,0,0.5670692436397076,0,0.3562791123986244,11,4,0,0,0.9159450381994247,0.16204578056931496
GER-Bundesliga,2324,Augsburg,Nathanael Mbuku,3,2023,121,7719,S,1,3,0,0.020050048828125,0,0.020050048828125,0,0.03251015394926071,1,1,0,0,0.05256020277738571,0.0
GER-Bundesliga,2324,Augsburg,Niklas Dorsch,3,2023,121,6411,M S,21,1395,0,0.5927808890119195,0,0.5927808890119195,0,0.12842447310686111,14,3,5,0,3.946524831466377,3.559052163735032
GER-Bundesliga,2324,Augsburg,Patric Pfeiffer,3,2023,121,12072,D S,11,503,0,0.4534807316958904,0,0.4534807316958904,1,0.6695820167660713,11,4,0,0,1.06826829072088,0.25377455819398165
GER-Bundesliga,2324,Augsburg,Pep Biel,3,2023,121,12406,S,11,242,0,0.9485033508390188,0,0.9485033508390188,0,0.17878810595721006,6,4,1,0,1.212286819703877,0.10366686433553696
GER-Bundesliga,2324,Augsburg,Phillip Tietz,3,2023,121,11845,F S,34,2470,8,9.15065080858767,8,9.15065080858767,4,2.794616512954235,52,29,1,0,12.386572120711207,3.8898986922577024
GER-Bundesliga,2324,Augsburg,Robert Gumny,3,2023,121,8803,D S,13,467,0,0.16852040402591228,0,0.16852040402591228,0,0.1760811423882842,3,2,3,0,1.6093239467591047,1.4227177929133177
GER-Bundesliga,2324,Augsburg,Ruben Vargas,3,2023,121,7810,D F M S,31,2017,4,4.296662529930472,4,4.296662529930472,4,2.4807538092136383,49,28,3,0,8.264652723446488,3.8526919959113
GER-Bundesliga,2324,Augsburg,Sven Michel,3,2023,121,7799,F M S,22,552,2,2.41439189016819,1,0.898838497698307,1,0.9980124924331903,14,12,2,0,1.8230030369013548,0.09291976504027843
GER-Bundesliga,2324,Augsburg,Tim Breithaupt,3,2023,121,11844,M S,16,613,0,0.07666788250207901,0,0.07666788250207901,0,0.10544734541326761,3,3,3,0,1.5497107207775116,1.4878638684749603
GER-Bundesliga,2324,Augsburg,Tomas Koubek,3,2023,121,6292,GK,3,270,0,0.0,0,0.0,0,0.0,0,0,0,0,0.3146742433309555,0.3146742433309555
GER-Bundesliga,2324,Bayer Leverkusen,Adam Hlozek,3,2023,119,10774,F M S,23,429,2,3.0488786585628986,2,3.0488786585628986,3,1.4497889839112759,18,9,1,0,6.153611909598112,1.8057314492762089
GER-Bundesliga,2324,Bayer Leverkusen,Amine Adli,3,2023,119,8211,F M S,23,882,4,3.675458775833249,4,3.675458775833249,6,2.6393760927021503,27,23,5,0,8.638548348098993,3.9961099550127983
GER-Bundesliga,2324,Bayer Leverkusen,Arthur,3,2023,119,11868,D S,4,175,0,0.097993990406394,0,0.097993990406394,2,0.39946455135941505,2,5,0,0,0.6566111017018557,0.1591525413095951
GER-Bundesliga,2324,Bayer Leverkusen,Borja Iglesias,3,2023,119,2543,F S,7,247,0,1.5709560550749302,0,1.5709560550749302,0,0.4381035827100277,8,3,0,0,2.503956988453865,1.275659091770649
GER-Bundesliga,2324,Bayer Leverkusen,Edmond Tapsoba,3,2023,119,8317,D S,28,2085,0,1.0586105026304722,0,1.0586105026304722,1,0.6888151057064533,12,9,4,0,16.958674350753427,16.241943368688226
GER-Bundesliga,2324,Bayer Leverkusen,Exequiel Palacios,3,2023,119,8325,M S,24,1858,4,3.4670117869973183,2,1.951458401978016,4,3.0578365633264184,21,26,6,0,17.10044719092548,13.883696779608727
GER-Bundesliga,2324,Bayer Leverkusen,Florian Wirtz,3,2023,119,8397,M S,32,2393,11,9.3572720233351,10,8.59949536062777,11,8.88662638887763,71,72,3,0,28.521583795547485,15.226114071905613
GER-Bundesliga,2324,Bayer Leverkusen,Granit Xhaka,3,2023,119,204,M S,33,2842,3,1.4065664550289512,3,1.4065664550289512,0,2.9251911845058203,45,41,5,0,27.560888804495335,24.802325051277876
GER-Bundesliga,2324,Bayer Leverkusen,Gustavo Puerta,3,2023,119,11869,S,7,32,0,0.10025206580758095,0,0.10025206580758095,0,0.07023926079273224,2,1,0,0,0.48558247834444046,0.33960457146167755
GER-Bundesliga,2324,Bayer Leverkusen,Jeremie Frimpong,3,2023,119,9328,D M S,31,2296,9,10.86039075627923,9,10.86039075627923,7,6.639975064434111,56,45,6,0,22.837955810129642,6.852963579818606
GER-Bundesliga,2324,Bayer Leverkusen,Jonas Hofmann,3,2023,119,320,F M S,32,2243,5,6.534328494220972,5,6.534328494220972,7,9.633211698383093,60,79,3,0,22.7306589782238,12.597811445593834
GER-Bundesliga,2324,Bayer Leverkusen,Jonathan Tah,3,2023,119,183,D S,31,2641,4,2.2892355620861053,4,2.2892355620861053,1,0.5294756833463907,26,5,6,0,14.599547434598207,14.493786741048098
GER-Bundesliga,2324,Bayer Leverkusen,Josip Stanisic,3,2023,119,9458,D S,20,1237,3,0.6973425764590502,3,0.6973425764590502,1,1.4043006151914597,10,11,3,0,10.421922292560339,9.140204049646854
GER-Bundesliga,2324,Bayer Leverkusen,Lukas Hradecky,3,2023,119,281,GK,33,2970,0,0.0,0,0.0,0,0.0,0,0,2,0,5.6985201900824904,5.6985201900824904
GER-Bundesliga,2324,Bayer Leverkusen,Matej Kovár,3,2023,119,11069,GK,1,90,0,0.0,0,0.0,0,0.0,0,0,0,0,0.10972849279642105,0.10972849279642105
GER-Bundesliga,2324,Bayer Leverkusen,Nadiem Amiri,3,2023,119,82,M S,23,1412,1,2.392204888164997,1,1.6344282254576683,4,5.076409200206399,39,51,5,0,7.324724670499563,5.173268396407366
GER-Bundesliga,2324,Bayer Leverkusen,Nathan Tella,3,2023,119,8456,D M S,24,805,5,3.71436058357358,5,3.71436058357358,2,3.4821176547557116,21,14,2,0,8.950528286397457,3.1216535922139883
GER-Bundesliga,2324,Bayer Leverkusen,Noah Mbamba-Muanda,3,2023,119,11355,S,3,8,0,0.0418604239821434,0,0.0418604239821434,1,0.600445568561554,1,1,0,0,0.9376006424427032,0.3371550366282463
GER-Bundesliga,2324,Bayer Leverkusen,Odilon Kossounou,3,2023,119,9714,D S,22,1822,1,0.6733856815844774,1,0.6733856815844774,0,1.2877439875155687,5,10,3,0,10.892226748168468,10.125521678477526
GER-Bundesliga,2324,Bayer Leverkusen,Patrik Schick,3,2023,119,1236,F S,20,1062,7,6.778491199016571,6,6.020714581012726,0,1.1231339424848557,40,8,1,0,9.454042546451092,3.1764470525085926
GER-Bundesliga,2324,Bayer Leverkusen,Piero Hincapié,3,2023,119,9911,D S,26,1482,1,2.348540125414729,1,2.348540125414729,2,0.6686799041926861,18,6,2,0,9.342207428067923,8.566322464495897
GER-Bundesliga,2324,Bayer Leverkusen,Robert Andrich,3,2023,119,7877,D M S,28,1664,4,2.207086061127484,4,2.207086061127484,2,1.7669888511300087,23,22,4,0,11.024579983204603,9.481278274208307
GER-Bundesliga,2324,Bayer Leverkusen,Victor Boniface,3,2023,119,11867,F M S,23,1565,14,16.99027242511511,10,13.959327064454556,8,4.492216352373362,80,22,2,0,21.300463762134314,4.196672234684229
GER-Bundesliga,2324,Bayer Leverkusen,Álex Grimaldo,3,2023,119,11866,D M S,33,2787,10,5.481053691357374,10,5.481053691357374,13,10.64055438619107,71,78,1,0,22.194406371563673,13.785695523023605
GER-Bundesliga,2324,Bayern Munich,Aleksandar Pavlovic,3,2023,117,11547,M S,19,1226,2,1.344846123829484,2,1.344846123829484,2,1.5133820995688438,8,11,6,0,7.815445501357317,6.840334955602884
GER-Bundesliga,2324,Bayern Munich,Alphonso Davies,3,2023,117,7345,D S,29,2080,2,0.8386915270239115,2,0.8386915270239115,5,3.290612770244479,13,37,0,0,17.92008127272129,15.28332383185625
GER-Bundesliga,2324,Bayern Munich,Bouna Sarr,3,2023,117,3393,D S,2,103,0,0.6052926778793335,0,0.6052926778793335,0,0.0,1,0,0,0,0.9070138335227966,0.9070138335227966
GER-Bundesliga,2324,Bayern Munich,Bryan Zaragoza,3,2023,117,10143,M S,7,141,0,0.49881811812520027,0,0.49881811812520027,0,0.5307319108396769,7,4,1,0,1.9517157897353172,1.0699753910303116
GER-Bundesliga,2324,Bayern Munich,Daniel Peretz,3,2023,117,12042,S,1,15,0,0.0,0,0.0,0,0.0,0,0,0,0,0.0,0.0
GER-Bundesliga,2324,Bayern Munich,Dayotchanculle Upamecano,3,2023,117,5243,D S,25,1777,1,1.9543452253565192,1,1.9543452253565192,0,0.615122314542532,12,6,1,1,13.299695679917932,12.804763549938798
GER-Bundesliga,2324,Bayern Munich,Eric Dier,3,2023,117,643,D S,15,1164,0,1.1518191900104284,0,1.1518191900104284,0,0.05859668366611004,9,2,1,0,7.9666680209338665,7.945689599961042
GER-Bundesliga,2324,Bayern Munich,Eric Maxim Choupo-Moting,3,2023,117,339,M S,27,695,2,5.640835586935282,2,5.640835586935282,2,2.1856860015541315,26,16,1,0,10.652611684054136,4.074539352208376
GER-Bundesliga,2324,Bayern Munich,Frans Krätzig,3,2023,117,11838,S,4,44,0,0.20986010879278183,0,0.20986010879278183,0,0.2049354761838913,2,2,0,0,1.1618228033185005,0.8294706642627716
GER-Bundesliga,2324,Bayern Munich,Harry Kane,3,2023,117,647,F,32,2854,36,33.116344682872295,31,29.327461294829845,8,6.784328814595938,146,31,2,0,38.139976032078266,8.29485059529543
GER-Bundesliga,2324,Bayern Munich,Jamal Musiala,3,2023,117,8418,M S,24,1795,10,8.374677112326026,10,8.374677112326026,5,6.257946293801069,58,41,2,0,24.165846794843674,11.269792128354311
GER-Bundesliga,2324,Bayern Munich,Jonathan Asp Jensen,3,2023,117,12620,S,1,1,0,0.0,0,0.0,0,0.0,0,0,0,0,0.0,0.0
GER-Bundesliga,2324,Bayern Munich,Joshua Kimmich,3,2023,117,223,D M S,28,2225,1,1.2427259711548686,1,1.2427259711548686,6,7.946546060964465,25,73,1,1,23.67464930564165,19.97111616283655
GER-Bundesliga,2324,Bayern Munich,Kim Min-Jae,3,2023,117,10986,D S,25,1969,1,1.0650094617158175,1,1.0650094617158175,1,0.6361748464405537,10,8,3,0,16.283293291926384,15.945324867963791
GER-Bundesliga,2324,Bayern Munich,Kingsley Coman,3,2023,117,226,M S,17,1156,3,3.008565280586481,3,3.008565280586481,3,3.5862997490912676,34,29,1,0,11.753271628171206,7.292826905846596
GER-Bundesliga,2324,Bayern Munich,Konrad Laimer,3,2023,117,6109,D M S,29,1757,0,1.333602118305862,0,1.333602118305862,3,3.444238219410181,17,25,3,0,16.894843760877848,13.476504020392895
GER-Bundesliga,2324,Bayern Munich,Leon Goretzka,3,2023,117,335,M S,30,2253,6,4.6890538819134235,6,4.6890538819134235,7,5.581948401406407,56,32,3,0,22.46926599740982,15.75047143921256
GER-Bundesliga,2324,Bayern Munich,Leroy Sané,3,2023,117,337,M S,27,2139,8,10.463140001520514,8,10.463140001520514,11,11.30691079236567,73,72,4,0,29.35667160153389,12.488253947347403
GER-Bundesliga,2324,Bayern Munich,Lovro Zvonarek,3,2023,117,12308,M S,5,157,1,0.06618349999189377,1,0.06618349999189377,0,0.2421567142009735,1,2,0,0,0.6256715133786201,0.5014762952923775
GER-Bundesliga,2324,Bayern Munich,Manuel Neuer,3,2023,117,217,GK,23,2055,0,0.0,0,0.0,0,0.0,0,0,1,0,6.9707482028752565,6.9707482028752565
GER-Bundesliga,2324,Bayern Munich,Mathys Tel,3,2023,117,9780,F M S,30,965,7,4.882880583405495,7,4.882880583405495,5,2.5551925227046013,43,12,2,0,11.930157478898764,5.437594532966614
GER-Bundesliga,2324,Bayern Munich,Matteo Vinlöf,3,2023,117,12619,S,1,14,0,0.0,0,0.0,0,0.0,0,0,0,0,0.0,0.0
GER-Bundesliga,2324,Bayern Munich,Matthijs de Ligt,3,2023,117,7902,D S,22,1390,2,1.9497294751927257,2,1.9497294751927257,0,0.17472708970308304,14,3,5,0,13.82798907533288,13.669430438429117
GER-Bundesliga,2324,Bayern Munich,Noussair Mazraoui,3,2023,117,10696,D S,19,1202,0,0.9278328996151686,0,0.9278328996151686,3,2.601860685274005,12,16,3,0,14.216763466596603,13.023674719035625
GER-Bundesliga,2324,Bayern Munich,Raphael Guerreiro,3,2023,117,3455,D M S,20,1202,3,2.1515450924634933,3,2.1515450924634933,0,2.056199060752988,18,23,2,0,10.515572249889374,7.552321650087833
GER-Bundesliga,2324,Bayern Munich,Ryan Gravenberch,3,2023,117,10697,S,1,6,0,0.0,0,0.0,0,0.1902855932712555,0,2,1,0,0.5938770174980164,0.4035913944244385
GER-Bundesliga,2324,Bayern Munich,Sacha Boey,3,2023,117,7511,D S,2,108,0,0.4358054995536804,0,0.4358054995536804,0,0.0,1,0,1,0,0.5658864602446556,0.1300809681415558
GER-Bundesliga,2324,Bayern Munich,Serge Gnabry,3,2023,117,993,M S,10,431,3,3.3403557799756527,3,3.3403557799756527,1,1.2970510721206665,17,9,0,0,4.916260749101639,1.6229082513600588
GER-Bundesliga,2324,Bayern Munich,Sven Ulreich,3,2023,117,231,GK,11,990,0,0.0,0,0.0,0,0.072161965072155,0,1,1,0,4.778258137404919,4.706096164882183
GER-Bundesliga,2324,Bayern Munich,Thomas Müller,3,2023,117,224,M S,31,1675,5,5.793734209612012,5,5.793734209612012,9,10.090841444209218,35,51,0,0,23.43874228745699,10.763331964612007
GER-Bundesliga,2324,Bochum,Andreas Luthe,3,2023,268,5260,GK,1,90,0,0.0,0,0.0,0,0.0,0,0,0,0,0.017502527683973312,0.017502527683973312
GER-Bundesliga,2324,Bochum,Anthony Losilla,3,2023,268,9705,M,31,2622,1,2.157300296239555,1,2.157300296239555,2,1.6021368727087975,27,19,10,0,6.348509636707604,3.719168961048126
GER-Bundesliga,2324,Bochum,Bernardo,3,2023,268,5245,D,33,2928,1,1.8660342954099178,1,1.8660342954099178,0,0.4688646197319031,29,12,9,0,7.204560381360352,6.138285596854985
GER-Bundesliga,2324,Bochum,Christopher Antwi-Adjei,3,2023,268,7798,F M S,25,1229,2,1.9709949642419815,2,1.9709949642419815,2,3.8551881946623325,29,23,6,0,6.187160577625036,1.1585207507014275
GER-Bundesliga,2324,Bochum,Cristian Gamboa,3,2023,268,855,D S,22,1174,0,0.0759541867300868,0,0.0759541867300868,1,0.6853029727935791,6,10,7,0,3.1149651166051626,2.446594389155507
GER-Bundesliga,2324,Bochum,Danilo Soares,3,2023,268,247,D S,5,350,0,0.11667838506400585,0,0.11667838506400585,0,0.12000363320112228,4,3,0,0,0.3727698400616646,0.18206308782100677
GER-Bundesliga,2324,Bochum,Erhan Masovic,3,2023,268,9709,D M S,29,2227,0,1.4399593938142061,0,1.4399593938142061,0,1.0276570552960038,17,4,7,0,5.084696691483259,3.397561278194189
GER-Bundesliga,2324,Bochum,Felix Passlack,3,2023,268,2663,D S,15,974,2,1.1445927759632468,2,1.1445927759632468,2,1.6430067010223866,14,14,2,1,4.24166364222765,1.6516353450715542
GER-Bundesliga,2324,Bochum,Gonçalo Paciência,3,2023,268,7051,F S,19,621,3,3.6273227371275425,3,3.6273227371275425,1,1.841426245868206,39,9,2,0,4.653732987120748,0.6183570539578795
GER-Bundesliga,2324,Bochum,Ivan Ordets,3,2023,268,7632,D S,24,1870,1,1.0632570590823889,1,1.0632570590823889,0,0.42554699815809727,16,4,4,0,1.8259794674813747,1.6292185224592686
GER-Bundesliga,2324,Bochum,Keven Schlotterbeck,3,2023,268,7401,D S,27,2184,5,2.6162528563290834,5,2.6162528563290834,1,0.48887034971266985,25,10,9,0,2.4119908325374126,1.543354818597436
GER-Bundesliga,2324,Bochum,Kevin Stöger,3,2023,268,7058,M,32,2714,7,6.653226168826222,3,3.6221194863319397,9,10.590811729431152,75,126,8,0,13.064226008951664,7.3393242647871375
GER-Bundesliga,2324,Bochum,Lukas Daschner,3,2023,268,11842,F M S,20,480,1,2.5035634422674775,1,2.5035634422674775,1,1.1575967315584421,13,10,2,0,4.536715145222843,1.6236160583794117
GER-Bundesliga,2324,Bochum,Manuel Riemann,3,2023,268,9702,GK,33,2970,0,0.0,0,0.0,0,0.14729033969342709,0,4,5,0,3.7676535230129957,3.6586146745830774
GER-Bundesliga,2324,Bochum,Matús Bero,3,2023,268,11983,F M S,24,1678,1,3.5607892237603664,1,3.5607892237603664,1,1.683550394140184,30,11,6,0,6.1099881967529655,1.3022626005113125
GER-Bundesliga,2324,Bochum,Maximilian Wittek,3,2023,268,11841,D M S,21,1060,3,1.3438246101140976,3,1.3438246101140976,1,1.0201581176370382,26,24,4,0,3.364954423159361,1.7303818669170141
GER-Bundesliga,2324,Bochum,Moritz Broschinski,3,2023,268,11336,F M S,26,1249,2,2.9109442364424467,2,2.9109442364424467,2,2.3446606807410717,26,15,4,0,6.10059529542923,1.952606625854969
GER-Bundesliga,2324,Bochum,Moritz-Broni Kwarteng,3,2023,268,12134,F M S,11,254,0,1.7395308427512646,0,1.7395308427512646,1,0.3739005522802472,14,4,1,1,1.8945809453725815,0.6347060203552246
GER-Bundesliga,2324,Bochum,Noah Loosli,3,2023,268,11843,D S,10,316,0,0.0,0,0.0,0,0.0,0,0,1,0,0.03474104776978493,0.03474104776978493
GER-Bundesliga,2324,Bochum,Patrick Osterhage,3,2023,268,9711,D M S,24,1870,2,1.2685407400131226,2,1.2685407400131226,1,0.6997663751244545,21,13,5,0,5.741146918386221,4.423051286488771
GER-Bundesliga,2324,Bochum,Philipp Förster,3,2023,268,9076,M S,13,362,0,0.3735261894762516,0,0.3735261894762516,0,0.4130106996744871,6,8,1,0,1.110610468313098,0.6512311119586229
GER-Bundesliga,2324,Bochum,Philipp Hofmann,3,2023,268,10736,F S,29,1573,4,5.456883036531508,4,5.456883036531508,2,2.556839730590582,39,19,1,0,7.839652965776622,1.9698244957253337
GER-Bundesliga,2324,Bochum,Simon Zoller,3,2023,268,139,S,1,38,0,0.0,0,0.0,0,0.0,0,0,0,0,0.0,0.0
GER-Bundesliga,2324,Bochum,Takuma Asano,3,2023,268,6087,F M S,29,2048,6,9.964158710092306,6,9.964158710092306,1,1.6304475422948599,63,21,2,0,9.919001955538988,2.1510801929980516
GER-Bundesliga,2324,Bochum,Tim Oermann,3,2023,268,10862,D S,16,722,0,0.11276564467698336,0,0.11276564467698336,0,0.4802052900195122,5,4,2,0,0.9638971257954836,0.4773730952292681
GER-Bundesliga,2324,Borussia Dortmund,Alexander Meyer,3,2023,129,6290,GK S,8,695,0,0.0,0,0.0,0,0.0,0,0,0,0,0.8985588029026985,0.8985588029026985
GER-Bundesliga,2324,Borussia Dortmund,Antonios Papadopoulos,3,2023,129,9750,D S,2,113,0,0.0,0,0.0,0,0.0,0,0,0,0,1.4169259071350098,1.4169259071350098
GER-Bundesliga,2324,Borussia Dortmund,Donyell Malen,3,2023,129,9749,F M S,27,1797,13,9.379874732345343,13,9.379874732345343,1,3.6280691251158714,72,22,5,0,15.993896249681711,6.437888169661164
GER-Bundesliga,2324,Borussia Dortmund,Emre Can,3,2023,129,604,D M S,25,1969,2,2.4467077059671283,0,0.9311543358489871,2,1.2897010575979948,17,20,5,0,9.788407865911722,8.786319265142083
GER-Bundesliga,2324,Borussia Dortmund,Felix Nmecha,3,2023,129,9202,M S,20,1004,1,2.3005349542945623,1,2.3005349542945623,2,0.7578889355063438,23,13,3,0,6.008954947814345,3.727810999378562
GER-Bundesliga,2324,Borussia Dortmund,Giovanni Reyna,3,2023,129,8191,M S,11,239,0,1.0650781691074371,0,1.0650781691074371,0,1.0050093680620193,9,7,1,0,4.440231924876571,2.5835784133523703
GER-Bundesliga,2324,Borussia Dortmund,Gregor Kobel,3,2023,129,5288,GK,27,2365,0,0.0,0,0.0,0,0.0,0,0,1,0,5.4802994802594185,5.4802994802594185
GER-Bundesliga,2324,Borussia Dortmund,Hendry Blank,3,2023,129,12254,S,1,36,0,0.0,0,0.0,0,0.0,0,0,0,0,0.08467035740613937,0.08467035740613937
GER-Bundesliga,2324,Borussia Dortmund,Ian Maatsen,3,2023,129,11807,D S,16,1288,2,0.849341201595962,2,0.849341201595962,2,1.4945228397846222,11,8,5,0,8.60348061658442,7.317504981532693
GER-Bundesliga,2324,Borussia Dortmund,Jadon Sancho,3,2023,129,6345,F M S,14,983,2,1.284897806122899,2,1.284897806122899,2,3.4202707670629025,9,25,1,0,7.4543623477220535,4.485134799033403
GER-Bundesliga,2324,Borussia Dortmund,Jamie Bynoe-Gittens,3,2023,129,10542,D F M S,25,1058,1,2.827054128050804,1,2.827054128050804,4,3.043994825333357,42,17,1,0,8.045045936480165,3.4943683613091707
GER-Bundesliga,2324,Borussia Dortmund,Julian Brandt,3,2023,129,261,F M S,32,2251,7,4.833765083923936,7,4.833765083923936,11,10.61525715701282,33,80,2,0,15.423669405281544,7.738454823382199
GER-Bundesliga,2324,Borussia Dortmund,Julian Ryerson,3,2023,129,7997,D S,21,1794,4,2.0673630069941282,4,2.0673630069941282,1,3.6729226000607014,18,14,3,0,10.107329465448856,5.779333185404539
GER-Bundesliga,2324,Borussia Dortmund,Julien Duranville,3,2023,129,11585,S,2,5,0,0.0,0,0.0,0,0.0,0,0,0,0,0.0,0.0
GER-Bundesliga,2324,Borussia Dortmund,Karim Adeyemi,3,2023,129,10772,F M S,21,913,3,3.5241760229691863,3,3.5241760229691863,1,1.7857208922505379,23,8,4,1,5.555004710331559,1.4766650684177876
GER-Bundesliga,2324,Borussia Dortmund,Kjell-Arik Wätjen,3,2023,129,12399,M S,2,103,0,0.0,0,0.0,1,0.7191968560218811,0,3,0,0,1.1783769130706787,0.4591800272464752
GER-Bundesliga,2324,Borussia Dortmund,Marcel Sabitzer,3,2023,129,5248,M S,25,1971,4,3.610703623853624,3,2.852926946245134,3,3.0982092767953873,47,22,3,1,15.105567989870906,10.236786777153611
GER-Bundesliga,2324,Borussia Dortmund,Marco Reus,3,2023,129,319,M S,26,1625,6,7.890434369444847,6,7.890434369444847,6,6.095844455994666,42,36,2,0,14.216983430087566,5.956105806864798
GER-Bundesliga,2324,Borussia Dortmund,Marius Wolf,3,2023,129,2693,D S,22,1136,0,0.8850555419921875,0,0.8850555419921875,1,1.4097293093800545,9,11,2,0,7.559550730511546,6.595603168010712
GER-Bundesliga,2324,Borussia Dortmund,Mateu Morey,3,2023,129,8070,D S,3,113,0,0.01718301512300968,0,0.01718301512300968,0,0.11256708949804306,1,1,0,0,0.8347894996404648,0.7050394006073475
GER-Bundesliga,2324,Borussia Dortmund,Mats Hummels,3,2023,129,373,D S,25,1590,3,3.938827695325017,3,3.938827695325017,0,1.0778169613331556,16,9,4,1,8.434880653396249,7.727431314066052
GER-Bundesliga,2324,Borussia Dortmund,Niclas Füllkrug,3,2023,129,6098,F S,31,2453,12,14.847305115312338,9,12.574136432260275,8,4.508429236710072,58,36,1,0,15.35699363052845,3.505920523777604
GER-Bundesliga,2324,Borussia Dortmund,Nico Schlotterbeck,3,2023,129,7485,D S,33,2865,2,3.536296498030424,2,3.536296498030424,1,2.0545509476214647,26,16,4,0,12.024734841659665,10.594416359439492
GER-Bundesliga,2324,Borussia Dortmund,Niklas Süle,3,2023,129,75,D S,23,1488,1,0.7371887601912022,1,0.7371887601912022,0,0.11126432288438082,7,4,0,0,5.14378746598959,4.968571795150638
GER-Bundesliga,2324,Borussia Dortmund,Ole Pohlmann,3,2023,129,12348,S,2,50,0,0.05751653388142586,0,0.05751653388142586,0,0.0503891259431839,1,1,0,0,0.10790566354990005,0.0
GER-Bundesliga,2324,Borussia Dortmund,Ramy Bensebaini,3,2023,129,3349,D S,17,1042,0,1.6679775696247816,0,1.6679775696247816,0,0.5580584965646267,16,7,2,1,5.922570548951626,4.590317063033581
GER-Bundesliga,2324,Borussia Dortmund,Salih Özcan,3,2023,129,5294,M S,23,1159,0,0.12918398901820183,0,0.12918398901820183,0,0.9814587850123644,5,10,3,0,6.331796882674098,5.5178036242723465
GER-Bundesliga,2324,Borussia Dortmund,Samuel Bamba,3,2023,129,12266,S,2,40,0,0.10015524923801422,0,0.10015524923801422,0,0.10088470578193665,2,1,0,0,0.5207335352897644,0.31969356536865234
GER-Bundesliga,2324,Borussia Dortmund,Sébastien Haller,3,2023,129,6144,F S,14,379,0,0.5566804856061935,0,0.5566804856061935,1,0.4255511723458767,7,5,2,0,1.6045382767915726,0.9482564851641655
GER-Bundesliga,2324,Borussia Dortmund,Thomas Meunier,3,2023,129,5680,D S,8,593,0,0.4455173946917057,0,0.4455173946917057,0,0.8821972012519836,8,4,0,0,2.965701000764966,2.796330377459526
GER-Bundesliga,2324,Borussia Dortmund,Thorgan Hazard,3,2023,129,213,S,1,4,0,0.0,0,0.0,0,0.0,0,0,0,0,0.0,0.0
GER-Bundesliga,2324,Borussia Dortmund,Youssoufa Moukoko,3,2023,129,9133,F S,20,566,5,3.791819430887699,5,3.791819430887699,0,0.44320371374487877,14,7,1,0,4.089777605608106,0.5360254179686308
GER-Bundesliga,2324,Borussia M.Gladbach,Alassane Pléa,3,2023,130,3310,F M S,27,1957,7,6.879629638977349,6,6.12185297627002,4,3.6423654896207154,58,36,1,0,13.662751639261842,5.829366076737642
GER-Bundesliga,2324,Borussia M.Gladbach,Christoph Kramer,3,2023,130,187,M S,14,197,0,0.06965158134698868,0,0.06965158134698868,0,0.07599231041967869,1,2,3,0,1.385152181610465,1.267584202811122
GER-Bundesliga,2324,Borussia M.Gladbach,Fabio Chiarodia,3,2023,130,11073,D S,7,137,0,0.0,0,0.0,0,0.13823600113391876,0,1,0,0,0.9297459423542023,0.7915099486708641
GER-Bundesliga,2324,Borussia M.Gladbach,Florian Neuhaus,3,2023,130,7065,M S,25,1253,4,5.168816182762384,3,4.411039505153894,2,2.201768177561462,38,19,4,0,9.522696343250573,4.2675488060340285
GER-Bundesliga,2324,Borussia M.Gladbach,Franck Honorat,3,2023,130,3314,D F M S,32,2405,3,1.738555376417935,3,1.738555376417935,9,11.50164495408535,28,88,1,0,14.150986708700657,8.551571669057012
GER-Bundesliga,2324,Borussia M.Gladbach,Grant-Leon Ranos,3,2023,130,11847,S,9,22,0,0.14533870853483677,0,0.14533870853483677,0,0.0,3,0,0,0,0.3346616690978408,0.189322957303375
GER-Bundesliga,2324,Borussia M.Gladbach,Joe Scally,3,2023,130,9674,D M S,31,2223,1,0.6696561272256076,1,0.6696561272256076,4,1.2801357042044401,11,15,4,0,6.563381035812199,5.671230044215918
GER-Bundesliga,2324,Borussia M.Gladbach,Jonas Omlin,3,2023,130,8678,GK,7,630,0,0.0,0,0.0,1,0.3304319977760315,0,1,1,0,1.4161147885024548,1.0856827907264233
GER-Bundesliga,2324,Borussia M.Gladbach,Jordan Siebatcheu,3,2023,130,3682,F S,26,1475,5,6.951000560075045,5,6.951000560075045,3,3.4791886154562235,36,21,2,0,10.483169293031096,2.0109332390129566
GER-Bundesliga,2324,Borussia M.Gladbach,Julian Weigl,3,2023,130,372,M,31,2774,2,2.3818776588886976,0,0.866324270144105,3,2.265138564631343,19,24,10,0,11.471323980018497,9.569174846634269
GER-Bundesliga,2324,Borussia M.Gladbach,Ko Itakura,3,2023,130,10727,D M S,20,1608,3,1.8548003062605858,3,1.8548003062605858,0,0.17585438955575228,20,4,9,0,4.3651446513831615,4.070858389139175
GER-Bundesliga,2324,Borussia M.Gladbach,Kouadio Kone,3,2023,130,7482,M S,22,1585,1,1.2275742506608367,1,1.2275742506608367,0,1.2343427445739508,23,24,4,1,8.966829701326787,7.068683033809066
GER-Bundesliga,2324,Borussia M.Gladbach,Luca Netz,3,2023,130,8401,D M S,30,2254,0,1.1590324370190501,0,1.1590324370190501,4,3.0963007863610983,17,36,2,0,9.005601301789284,6.364106032066047
GER-Bundesliga,2324,Borussia M.Gladbach,Lukas Ullrich,3,2023,130,11991,S,4,39,0,0.0,0,0.0,0,0.0,0,0,0,0,0.0911717340350151,0.0911717340350151
GER-Bundesliga,2324,Borussia M.Gladbach,Marvin Friedrich,3,2023,130,370,D S,24,1540,0,1.3566069416701794,0,1.3566069416701794,0,0.2013548817485571,12,5,1,0,3.111770475283265,2.897133693099022
GER-Bundesliga,2324,Borussia M.Gladbach,Maximilian Wöber,3,2023,130,7366,D S,25,2104,2,1.5659300200641155,2,1.5659300200641155,3,1.2240509875118732,19,12,2,1,7.7744498290121555,7.407491223886609
GER-Bundesliga,2324,Borussia M.Gladbach,Moritz Nicolas,3,2023,130,6321,GK,27,2430,0,0.0,0,0.0,0,0.0,0,0,2,0,3.909672226756811,3.909672226756811
GER-Bundesliga,2324,Borussia M.Gladbach,Nathan N'Goumou Minpol,3,2023,130,7612,F M S,32,1356,5,4.342125268653035,5,4.342125268653035,2,2.298521106131375,30,17,1,0,9.861212095245719,4.398688684217632
GER-Bundesliga,2324,Borussia M.Gladbach,Nico Elvedi,3,2023,130,212,D S,30,2490,2,1.9831135272979736,2,1.9831135272979736,1,0.10356853529810905,16,3,5,0,8.107086041942239,7.5018914844840765
GER-Bundesliga,2324,Borussia M.Gladbach,Patrick Herrmann,3,2023,130,420,S,8,48,0,0.20052577275782824,0,0.20052577275782824,0,0.06963460706174374,3,2,1,0,0.6579364985227585,0.40470876544713974
GER-Bundesliga,2324,Borussia M.Gladbach,Robin Hack,3,2023,130,6351,F M S,29,1357,10,4.567830590065569,10,4.567830590065569,2,2.017133677378297,43,23,2,0,7.399705816060305,1.6435965355485678
GER-Bundesliga,2324,Borussia M.Gladbach,Rocco Reitz,3,2023,130,8826,M S,34,2150,6,3.82297052256763,6,3.82297052256763,3,2.18938222900033,34,20,2,0,11.016384686343372,6.000934523530304
GER-Bundesliga,2324,Borussia M.Gladbach,Shio Fukuda,3,2023,130,12373,S,5,23,0,0.09778420627117157,0,0.09778420627117157,0,0.012017657049000263,2,1,0,0,0.20827504619956017,0.13823600113391876
GER-Bundesliga,2324,Borussia M.Gladbach,Stefan Lainer,3,2023,130,7831,D M S,15,739,0,0.3713122233748436,0,0.3713122233748436,1,0.6658202558755875,3,8,2,0,2.527795072644949,1.8126625828444958
GER-Bundesliga,2324,Borussia M.Gladbach,Tomás Cvancara,3,2023,130,11846,F M S,21,869,4,6.688829250633717,3,5.173275910317898,1,1.123583059757948,36,7,4,0,6.333817396312952,0.9938469901680946
GER-Bundesliga,2324,Borussia M.Gladbach,Tony Jantschke,3,2023,130,201,S,4,18,0,0.0,0,0.0,0,0.0,0,0,0,0,0.0,0.0
GER-Bundesliga,2324,Borussia M.Gladbach,Yvandro Borges Sanches,3,2023,130,10729,S,3,7,0,0.0,0,0.0,0,0.0,0,0,0,0,0.0,0.0
GER-Bundesliga,2324,Darmstadt,Aaron Seydel,3,2023,127,5306,F S,16,581,1,1.190246008336544,1,1.190246008336544,0,0.5017934776842594,14,8,1,0,2.638493701815605,1.2499674558639526
GER-Bundesliga,2324,Darmstadt,Alexander Brunst,3,2023,127,4284,GK,3,270,0,0.0,0,0.0,0,0.0,0,0,0,0,0.136294923722744,0.136294923722744
GER-Bundesliga,2324,Darmstadt,Andreas Müller,3,2023,127,12090,M S,11,334,0,0.07258250191807747,0,0.07258250191807747,0,0.016531916335225105,3,1,3,0,0.9415937978774309,0.9020726475864649
GER-Bundesliga,2324,Darmstadt,Asaf Arania,3,2023,127,12599,S,1,2,0,0.0,0,0.0,0,0.0,0,0,0,0,0.0,0.0
GER-Bundesliga,2324,Darmstadt,Bartol Franjic,3,2023,127,10733,D M S,20,1234,0,0.1960456743836403,0,0.1960456743836403,1,0.42259947629645467,4,2,5,0,2.848531885072589,2.821240780875087
GER-Bundesliga,2324,Darmstadt,Braydon Manu,3,2023,127,11920,M S,4,179,0,0.41651203855872154,0,0.41651203855872154,0,0.038980196230113506,5,3,1,0,0.5067313583567739,0.08805797062814236
GER-Bundesliga,2324,Darmstadt,Christoph Klarer,3,2023,127,11913,D S,30,2397,2,1.7205605804920197,2,1.7205605804920197,2,1.4601161554455757,9,12,9,0,3.1219774074852467,2.649532202631235
GER-Bundesliga,2324,Darmstadt,Christoph Zimmermann,3,2023,127,7990,D S,19,1236,0,0.2057701963931322,0,0.2057701963931322,0,0.07382912002503872,4,3,5,0,1.7408660296350718,1.667036848142743
GER-Bundesliga,2324,Darmstadt,Clemens Riedel,3,2023,127,11924,D M S,14,749,0,0.3014681367203593,0,0.3014681367203593,0,0.5485061015933752,8,6,2,0,2.551959738135338,2.3497156724333763
GER-Bundesliga,2324,Darmstadt,Emir Karic,3,2023,127,11914,D M S,27,1789,0,0.43909080140292645,0,0.43909080140292645,0,1.4065117975696921,12,20,4,0,5.251124709844589,4.494702987372875
GER-Bundesliga,2324,Darmstadt,Fabian Holland,3,2023,127,5,D M,23,1874,0,0.768468352034688,0,0.768468352034688,2,1.1599683593958616,11,17,4,1,6.395354073494673,4.933516290038824
GER-Bundesliga,2324,Darmstadt,Fabian Nürnberger,3,2023,127,11915,D M S,21,1495,1,0.8428393397480249,1,0.8428393397480249,1,1.7552624326199293,19,30,2,0,5.695529833436012,4.431067931465805
GER-Bundesliga,2324,Darmstadt,Fabian Schnellhardt,3,2023,127,11919,M S,10,218,0,0.14205756597220898,0,0.14205756597220898,0,0.060744477435946465,5,2,1,0,0.6631640568375587,0.573362254537642
GER-Bundesliga,2324,Darmstadt,Fabio Torsiello,3,2023,127,12249,F S,10,116,0,0.49968741834163666,0,0.49968741834163666,0,0.07237359136343002,4,1,0,0,0.5928282178938389,0.0658443346619606
GER-Bundesliga,2324,Darmstadt,Filip Stojilkovic,3,2023,127,11921,S,6,127,0,0.11122400313615799,0,0.11122400313615799,0,0.0,3,0,1,0,0.04813037347048521,0.007885235361754894
GER-Bundesliga,2324,Darmstadt,Frank Ronstadt,3,2023,127,12099,S,4,62,0,0.07181040197610855,0,0.07181040197610855,0,0.013743428513407707,3,1,0,0,0.08430693671107292,0.04142921790480614
GER-Bundesliga,2324,Darmstadt,Fraser Hornby,3,2023,127,8648,F S,7,203,0,1.0771338418126106,0,1.0771338418126106,0,0.4023185297846794,10,4,1,0,1.5243942495435476,0.2800828441977501
GER-Bundesliga,2324,Darmstadt,Gerrit Holtmann,3,2023,127,5270,M S,10,371,0,0.7900596875697374,0,0.7900596875697374,0,0.19285790249705315,14,5,1,0,1.507698806002736,0.6219939105212688
GER-Bundesliga,2324,Darmstadt,Jannik Müller,3,2023,127,11923,D M S,16,1115,0,0.12720556929707527,0,0.12720556929707527,0,0.06284927390515804,3,2,5,0,1.2896067099645734,1.2116989074274898
GER-Bundesliga,2324,Darmstadt,Julian Justvan,3,2023,127,8392,F M S,18,1046,2,0.6837796624749899,2,0.6837796624749899,2,2.7966008381918073,17,24,1,0,3.5581726003438234,0.8152424627915025
GER-Bundesliga,2324,Darmstadt,Klaus Gjasula,3,2023,127,7796,D M S,22,1361,0,0.7296396363526583,0,0.7296396363526583,0,0.222535727545619,9,6,7,1,4.124188588000834,3.7602720828726888
GER-Bundesliga,2324,Darmstadt,Luca Pfeiffer,3,2023,127,10838,F M S,24,1657,1,5.838141828775406,1,5.838141828775406,3,1.6173482071608305,48,19,3,0,8.553316397592425,2.13791867159307
GER-Bundesliga,2324,Darmstadt,Marcel Schuhen,3,2023,127,11912,GK,31,2790,0,0.0,0,0.0,0,0.08608806878328323,0,1,2,0,3.5562935806810856,3.470205519348383
GER-Bundesliga,2324,Darmstadt,Marvin Mehlem,3,2023,127,11916,M S,20,1538,3,3.027790492400527,3,3.027790492400527,2,1.337923001497984,23,22,3,0,6.99539487157017,3.0663306284695864
GER-Bundesliga,2324,Darmstadt,Matej Maglica,3,2023,127,10105,D S,26,1702,1,0.8396869003772736,1,0.8396869003772736,0,0.3989789877086878,11,8,7,2,2.9959666449576616,2.666301855817437
GER-Bundesliga,2324,Darmstadt,Mathias Honsak,3,2023,127,11917,F M S,23,1004,1,2.1307936487719417,1,2.1307936487719417,1,1.0033821519464254,23,12,1,0,2.995257318019867,0.5960548147559166
GER-Bundesliga,2324,Darmstadt,Matthias Bader,3,2023,127,7793,D M S,24,1825,1,0.738696456886828,1,0.738696456886828,2,2.2708643041551113,17,18,1,0,6.159693071618676,4.311036054044962
GER-Bundesliga,2324,Darmstadt,Oscar Vilhelmsson,3,2023,127,11918,F M S,26,1356,4,3.6894681099802256,4,3.6894681099802256,1,0.7908352115191519,28,10,2,0,4.700634269043803,0.7264855308458209
GER-Bundesliga,2324,Darmstadt,Sebastian Polter,3,2023,127,7881,F S,9,456,0,1.1248192861676216,0,1.1248192861676216,1,0.35562420450150967,9,3,0,0,2.0692971907556057,0.9860603660345078
GER-Bundesliga,2324,Darmstadt,Thomas Isherwood,3,2023,127,11925,D S,12,649,0,0.0,0,0.0,0,0.0350511409342289,0,1,1,0,0.8119191695004702,0.8119191695004702
GER-Bundesliga,2324,Darmstadt,Tim Skarke,3,2023,127,10926,D F M S,30,2454,8,3.9389715548604727,8,3.9389715548604727,0,2.044516548514366,69,30,7,0,8.126491028815508,3.3146689906716347
GER-Bundesliga,2324,Darmstadt,Tobias Kempe,3,2023,127,9,F M S,24,1352,3,3.4581127744168043,0,1.1847827080637217,2,2.227647320367396,21,28,1,0,4.2387461783364415,2.438204400241375
GER-Bundesliga,2324,Eintracht Frankfurt,Ansgar Knauff,3,2023,132,8989,D F M S,31,2159,7,6.450881984084845,7,6.450881984084845,2,3.2767638489603996,37,19,5,1,11.877653143368661,3.4460749896243215
GER-Bundesliga,2324,Eintracht Frankfurt,Aurélio Buta,3,2023,132,11311,D F S,30,1765,1,0.4785298304632306,1,0.4785298304632306,1,0.528659038245678,13,9,5,0,6.759270810522139,5.984904651530087
GER-Bundesliga,2324,Eintracht Frankfurt,Christopher Lenz,3,2023,132,7876,S,6,34,0,0.0,0,0.0,0,0.11042720079421997,0,1,0,0,0.9229241237044334,0.8124969229102135
GER-Bundesliga,2324,Eintracht Frankfurt,Donny van de Beek,3,2023,132,8821,F M S,8,360,0,0.08100832998752594,0,0.08100832998752594,0,0.626002736389637,1,3,1,0,0.9746963763609529,0.9354151235893369
GER-Bundesliga,2324,Eintracht Frankfurt,Elias Baum,3,2023,132,12250,S,4,21,0,0.0,0,0.0,0,0.0,0,0,0,0,0.03326720371842384,0.03326720371842384
GER-Bundesliga,2324,Eintracht Frankfurt,Ellyes Skhiri,3,2023,132,3347,M S,27,2180,2,2.7327092373743653,2,2.7327092373743653,2,2.1730561600998044,18,20,1,0,11.28488290682435,7.8357699774205685
GER-Bundesliga,2324,Eintracht Frankfurt,Eric Junior Dina Ebimbe,3,2023,132,7562,D F M S,31,1985,5,5.9633841793984175,5,5.9633841793984175,3,3.138101674616337,52,20,5,0,9.779370825737715,3.5336184073239565
GER-Bundesliga,2324,Eintracht Frankfurt,Farès Chaïbi,3,2023,132,10792,F M S,28,1937,2,4.5395487267524,2,4.5395487267524,4,7.007488042116165,40,50,2,0,11.82070443034172,4.844033380970359
GER-Bundesliga,2324,Eintracht Frankfurt,Hrvoje Smolcic,3,2023,132,10861,D S,11,342,1,0.8454071991145611,1,0.8454071991145611,0,0.01770876720547676,3,1,0,0,0.5476790368556976,0.5180687680840492
GER-Bundesliga,2324,Eintracht Frankfurt,Hugo Ekitike,3,2023,132,8995,F S,14,710,4,3.668045934289694,4,3.668045934289694,2,1.8413986042141914,30,12,3,0,4.456916220486164,0.8664532341063023
GER-Bundesliga,2324,Eintracht Frankfurt,Hugo Larsson,3,2023,132,11911,M S,29,1883,2,1.0792000703513622,2,1.0792000703513622,1,1.7924396395683289,10,10,1,0,6.495211164467037,4.084836439229548
GER-Bundesliga,2324,Eintracht Frankfurt,Jean Négoce,3,2023,132,10830,M S,8,162,0,0.0,0,0.0,0,0.07855507731437683,0,3,0,0,1.0497192740440369,1.0030443370342255
GER-Bundesliga,2324,Eintracht Frankfurt,Jens Grahl,3,2023,132,256,GK,2,180,0,0.0,0,0.0,1,0.07067137211561203,0,1,0,0,0.4554878659546375,0.4554878659546375
GER-Bundesliga,2324,Eintracht Frankfurt,Jens Petter Hauge,3,2023,132,8974,S,10,115,0,0.06740253418684006,0,0.06740253418684006,0,0.03171588107943535,1,1,0,0,0.6460278816521168,0.5786253400146961
GER-Bundesliga,2324,Eintracht Frankfurt,Jesper Lindstrom,3,2023,132,9752,F,1,87,0,0.14182138442993164,0,0.14182138442993164,0,0.0,1,0,0,0,0.9457054734230042,0.8038840889930725
GER-Bundesliga,2324,Eintracht Frankfurt,Jessic Ngankam,3,2023,132,8396,F M S,22,417,0,2.263934353366494,0,1.5061576459556818,0,0.46082042157649994,15,5,2,1,2.0515232775360346,0.8593009933829308
GER-Bundesliga,2324,Eintracht Frankfurt,Kevin Trapp,3,2023,132,3286,GK,32,2880,0,0.0,0,0.0,0,0.0,0,0,2,0,4.489290349185467,4.489290349185467
GER-Bundesliga,2324,Eintracht Frankfurt,Makoto Hasebe,3,2023,132,282,D M S,8,212,0,0.0,0,0.0,0,0.0,0,0,1,0,0.6330092921853065,0.6330092921853065
GER-Bundesliga,2324,Eintracht Frankfurt,Mario Götze,3,2023,132,422,F M S,30,2079,3,2.785656651481986,3,2.785656651481986,2,3.7567453496158123,13,35,3,1,12.171520452015102,7.01344698201865
GER-Bundesliga,2324,Eintracht Frankfurt,Marko Mladenovic,3,2023,132,12569,S,1,1,0,0.0,0,0.0,0,0.0,0,0,0,0,0.0,0.0
GER-Bundesliga,2324,Eintracht Frankfurt,Nacho Ferri,3,2023,132,12107,S,8,56,1,0.9850408621132374,1,0.9850408621132374,0,0.04666386544704437,5,1,0,0,1.5079885125160217,0.5229476541280746
GER-Bundesliga,2324,Eintracht Frankfurt,Niels Nkounkou,3,2023,132,8109,D M S,29,1275,3,1.1915052942931652,3,1.1915052942931652,2,2.0994782745838165,23,15,3,1,5.449065528810024,2.7327349856495857
GER-Bundesliga,2324,Eintracht Frankfurt,Nnamdi Collins,3,2023,132,12430,D S,2,87,0,0.0,0,0.0,0,0.0,0,0,0,0,0.10374800860881805,0.10374800860881805
GER-Bundesliga,2324,Eintracht Frankfurt,Omar Marmoush,3,2023,132,8393,F M S,29,2343,12,11.406442493200302,10,9.890889197587967,6,4.691447583958507,78,41,7,0,15.56265939772129,2.8945334600284696
GER-Bundesliga,2324,Eintracht Frankfurt,Paxten Aaronson,3,2023,132,11410,M S,7,83,0,0.09244929254055023,0,0.09244929254055023,1,0.0662584900856018,2,1,0,0,0.7425932139158249,0.5838854312896729
GER-Bundesliga,2324,Eintracht Frankfurt,Philipp Max,3,2023,132,267,D S,23,1388,1,0.1792451674118638,1,0.1792451674118638,2,2.8603504225611687,8,20,2,0,6.712096985429525,4.350963208824396
GER-Bundesliga,2324,Eintracht Frankfurt,Randal Kolo Muani,3,2023,132,5743,F,2,162,1,1.239070326089859,1,1.239070326089859,0,0.0,5,0,0,0,1.3475775718688965,0.14182138442993164
GER-Bundesliga,2324,Eintracht Frankfurt,Robin Koch,3,2023,132,6273,D,31,2742,2,3.7939876094460487,2,3.7939876094460487,0,0.3878946341574192,24,5,10,0,10.042273595929146,8.55856654047966
GER-Bundesliga,2324,Eintracht Frankfurt,Sasa Kalajdzic,3,2023,132,8812,F,5,331,0,0.16736915707588196,0,0.16736915707588196,1,0.7296219691634178,2,3,0,0,1.3101872503757477,0.5645456090569496
GER-Bundesliga,2324,Eintracht Frankfurt,Sebastian Rode,3,2023,132,228,M S,8,45,0,0.0,0,0.0,0,0.09058355540037155,0,1,0,0,0.16388597339391708,0.16388597339391708
GER-Bundesliga,2324,Eintracht Frankfurt,Timothy Chandler,3,2023,132,359,S,6,8,0,0.08696184307336807,0,0.08696184307336807,0,0.02498684450984001,2,1,0,0,0.17506245896220207,0.11333785951137543
GER-Bundesliga,2324,Eintracht Frankfurt,Tuta,3,2023,132,7524,D M,30,2617,1,1.6428968962281942,1,1.6428968962281942,2,2.1770854871720076,18,12,1,2,8.827466882765293,6.959281526505947
GER-Bundesliga,2324,Eintracht Frankfurt,William Pacho,3,2023,132,11910,D,33,2970,0,1.3089734893292189,0,1.3089734893292189,2,0.8661881368607283,10,7,7,0,10.655748518183827,9.83799609169364
GER-Bundesliga,2324,FC Cologne,Benno Schmitz,3,2023,134,5253,D S,22,1163,0,0.21834920905530453,0,0.21834920905530453,1,0.43791588954627514,8,5,5,0,3.472950367256999,2.888173679821193
GER-Bundesliga,2324,FC Cologne,Damion Downs,3,2023,134,11411,S,10,147,2,1.1753866337239742,2,1.1753866337239742,0,0.0,5,0,0,0,1.335887260735035,0.5519676320254803
GER-Bundesliga,2324,FC Cologne,Davie Selke,3,2023,134,4280,F S,19,1286,6,4.871595870703459,6,4.871595870703459,0,0.4104938842356205,33,12,3,0,4.404608283191919,0.958058787509799
GER-Bundesliga,2324,FC Cologne,Dejan Ljubicic,3,2023,134,9797,M S,26,2088,0,2.150934772565961,0,2.150934772565961,2,4.017072768881917,38,28,6,0,8.003899110481143,3.965411264449358
GER-Bundesliga,2324,FC Cologne,Denis Huseinbasic,3,2023,134,11074,M S,26,1626,0,0.3411594768986106,0,0.3411594768986106,3,0.6191406790167093,12,16,5,0,3.4724491965025663,2.839762404561043
GER-Bundesliga,2324,FC Cologne,Dominique Heintz,3,2023,134,129,D S,12,561,0,0.0,0,0.0,0,0.3302623126655817,0,7,0,0,0.9026632439345121,0.70314721763134
GER-Bundesliga,2324,FC Cologne,Eric Martel,3,2023,134,9053,M S,30,2484,1,2.5668789613991976,1,2.5668789613991976,1,1.150712525472045,27,12,6,0,4.240097777917981,3.2900291001424193
GER-Bundesliga,2324,FC Cologne,Faride Alidou,3,2023,134,10695,F M S,26,1297,4,4.491334058344364,4,4.491334058344364,0,0.6120355743914843,33,14,4,0,5.366597069427371,1.727730430662632
GER-Bundesliga,2324,FC Cologne,Florian Dietz,3,2023,134,10848,S,5,58,0,0.26441268622875214,0,0.26441268622875214,0,0.06156936287879944,3,2,0,0,0.28678519278764725,0.01920546591281891
GER-Bundesliga,2324,FC Cologne,Florian Kainz,3,2023,134,5231,F M S,33,2269,5,4.6882867915555835,0,0.8995648426935077,4,4.0478279404342175,28,54,4,0,7.009228006005287,5.491398116573691
GER-Bundesliga,2324,FC Cologne,Gian-Luca Waldschmidt,3,2023,134,294,F M S,22,1162,3,3.1211734050884843,3,2.3633967274799943,0,1.2530349101871252,43,16,0,0,5.107390804216266,2.1489174980670214
GER-Bundesliga,2324,FC Cologne,Jacob Christensen,3,2023,134,11895,M S,7,205,0,0.018267421051859856,0,0.018267421051859856,0,0.09379099309444427,1,2,1,0,0.6576025113463402,0.6196731775999069
GER-Bundesliga,2324,FC Cologne,Jan Thielmann,3,2023,134,8205,D F M S,22,1610,1,2.8620740436017513,1,2.8620740436017513,0,1.1467232694849372,37,16,4,1,3.8218951132148504,0.9389952458441257
GER-Bundesliga,2324,FC Cologne,Julian Chabot,3,2023,134,7937,D,32,2721,0,1.098495252430439,0,1.098495252430439,0,0.42071468383073807,19,9,7,1,5.183199753053486,4.940922331996262
GER-Bundesliga,2324,FC Cologne,Justin Diehl,3,2023,134,11319,M S,7,143,0,0.21597102843225002,0,0.21597102843225002,0,0.20349006354808807,7,5,0,0,0.5016422364860773,0.3585634995251894
GER-Bundesliga,2324,FC Cologne,Leart Paqarada,3,2023,134,11892,D S,17,1064,0,0.3291083248332143,0,0.3291083248332143,0,1.96383623406291,10,21,0,0,1.4707817286252975,1.0354264453053474
GER-Bundesliga,2324,FC Cologne,Linton Maina,3,2023,134,6638,F M S,31,1911,1,2.222583015449345,1,2.222583015449345,3,3.3558166213333607,33,21,4,0,8.129530172795057,3.7463123947381973
GER-Bundesliga,2324,FC Cologne,Luca Kilian,3,2023,134,7807,D S,13,623,0,0.0,0,0.0,0,0.049597207456827164,0,1,1,0,0.24352551065385342,0.24352551065385342
GER-Bundesliga,2324,FC Cologne,Mark Uth,3,2023,134,88,F M S,11,347,0,2.0221984162926674,0,2.0221984162926674,1,1.0530052278190851,12,9,2,0,3.9155861884355545,1.6223006062209606
GER-Bundesliga,2324,FC Cologne,Marvin Schwäbe,3,2023,134,4376,GK,34,3060,0,0.0,0,0.0,0,0.025182869285345078,0,1,0,0,2.4870402198284864,2.461857346817851
GER-Bundesliga,2324,FC Cologne,Mathias Olesen,3,2023,134,10157,S,6,94,0,0.013606126420199871,0,0.013606126420199871,0,0.008462952449917793,1,1,0,1,0.022069078870117664,0.008462952449917793
GER-Bundesliga,2324,FC Cologne,Max Finkgrafe,3,2023,134,11894,D M S,24,1748,1,1.0378976929932833,1,1.0378976929932833,0,1.3866049107164145,12,23,4,0,4.175446494482458,2.4810542771592736
GER-Bundesliga,2324,FC Cologne,Rasmus Carstensen,3,2023,134,11893,D M S,23,1643,0,0.8789425641298294,0,0.8789425641298294,0,3.2979615218937397,10,16,0,1,5.462368227541447,3.3134923297911882
GER-Bundesliga,2324,FC Cologne,Sargis Adamyan,3,2023,134,7900,F M S,20,795,1,5.121561866253614,1,5.121561866253614,2,2.354639958590269,31,12,2,0,6.304150778800249,2.0520244240760803
GER-Bundesliga,2324,FC Cologne,Steffen Tigges,3,2023,134,9227,F S,25,684,3,3.2798480577766895,3,3.2798480577766895,0,1.5322761107236147,22,10,0,0,4.251582372933626,0.5208778474479914
GER-Bundesliga,2324,FC Cologne,Timo Hübers,3,2023,134,6403,D,31,2782,0,1.9536213167011738,0,1.9536213167011738,0,0.5741186980158091,22,6,6,0,5.162680794484913,4.701751452870667
GER-Bundesliga,2324,FC Heidenheim,Adrian Beck,3,2023,280,11855,M S,23,982,1,0.9925451297312975,1,0.9925451297312975,1,1.0597687922418118,12,11,1,0,1.411934558302164,0.9195537455379963
GER-Bundesliga,2324,FC Heidenheim,Benedikt Gimber,3,2023,280,11864,D,24,2042,1,1.8804494012147188,1,1.8804494012147188,1,1.1915506273508072,18,3,9,0,1.7814466711133718,1.524864973500371
GER-Bundesliga,2324,FC Heidenheim,Christian Kühlwetter,3,2023,280,12432,S,1,6,0,0.0,0,0.0,1,0.62220299243927,0,1,0,0,0.62220299243927,0.0
GER-Bundesliga,2324,FC Heidenheim,Denis Thomalla,3,2023,280,11858,M S,21,413,0,0.20209286361932755,0,0.20209286361932755,0,0.5851377435028553,3,4,0,0,0.3864306155592203,0.07685994915664196
GER-Bundesliga,2324,FC Heidenheim,Eren Sami Dinkci,3,2023,280,9201,M,33,2730,10,3.6833908520638943,10,3.6833908520638943,4,4.120627013035119,49,35,8,0,10.54632380232215,4.091179316863418
GER-Bundesliga,2324,FC Heidenheim,Florian Pick,3,2023,280,11854,M S,22,281,0,0.30183279188349843,0,0.30183279188349843,1,0.9613195285201073,8,9,2,0,1.318059837911278,0.337092537432909
GER-Bundesliga,2324,FC Heidenheim,Jan Schöppner,3,2023,280,11865,M S,26,2000,2,0.8375998865813017,2,0.8375998865813017,2,1.7514398954808712,17,14,3,0,4.880874862894416,2.8655874375253916
GER-Bundesliga,2324,FC Heidenheim,Jan-Niklas Beste,3,2023,280,11982,M,31,2658,8,4.454712076112628,8,3.6969353910535574,12,6.618623999878764,49,70,4,0,6.628855990245938,2.2056391928344965
GER-Bundesliga,2324,FC Heidenheim,Jonas Föhrenbach,3,2023,280,5347,D S,33,2796,0,0.513311019167304,0,0.513311019167304,0,0.6851613540202379,12,14,2,0,4.061098561622202,3.749769006855786
GER-Bundesliga,2324,FC Heidenheim,Kevin Müller,3,2023,280,11852,GK,34,3060,0,0.0,0,0.0,0,0.05544599890708923,0,1,1,0,2.4732332238927484,2.417787224985659
GER-Bundesliga,2324,FC Heidenheim,Kevin Sessa,3,2023,280,11860,M S,30,954,3,2.825762929394841,3,2.825762929394841,0,1.5079507175832987,29,17,1,0,5.80783118866384,3.043549472466111
GER-Bundesliga,2324,FC Heidenheim,Lennard Maloney,3,2023,280,10071,D M S,29,2316,1,0.7858804753050208,1,0.7858804753050208,1,1.677654905244708,14,8,1,0,2.2529899906367064,1.7159385699778795
GER-Bundesliga,2324,FC Heidenheim,Marnon Busch,3,2023,280,4312,D S,16,572,0,0.13008823059499264,0,0.13008823059499264,0,0.2229079119861126,5,5,1,0,0.6958134043961763,0.6142815593630075
GER-Bundesliga,2324,FC Heidenheim,Marvin Pieringer,3,2023,280,11856,F M S,31,1527,3,2.7943019811064005,3,2.7943019811064005,3,1.70323749165982,27,14,5,0,4.504263352137059,1.105154684279114
GER-Bundesliga,2324,FC Heidenheim,Nikola Dovedan,3,2023,280,11857,M S,21,624,3,1.6699141347780824,3,1.6699141347780824,1,1.3329138830304146,14,8,0,1,4.2541603446006775,1.8738835323601961
GER-Bundesliga,2324,FC Heidenheim,Norman Theuerkauf,3,2023,280,11862,D M S,25,1261,0,0.5631319470703602,0,0.5631319470703602,1,0.7616560496389866,7,11,3,0,2.716423327103257,1.8859585616737604
GER-Bundesliga,2324,FC Heidenheim,Omar Traoré,3,2023,280,11859,D M S,31,2495,0,0.29962526820600033,0,0.29962526820600033,2,1.5487096402794123,11,19,5,0,5.333975475281477,3.8246328039094806
GER-Bundesliga,2324,FC Heidenheim,Patrick Mainka,3,2023,280,11853,D,34,3060,2,3.5919931679964066,2,3.5919931679964066,0,0.08724652789533138,29,3,1,0,2.3352817092090845,2.201988593675196
GER-Bundesliga,2324,FC Heidenheim,Stefan Schimmer,3,2023,280,11861,S,16,117,0,0.5988056659698486,0,0.5988056659698486,1,0.8167678117752075,5,1,0,0,1.5782188177108765,0.27757877111434937
GER-Bundesliga,2324,FC Heidenheim,Thomas Keller,3,2023,280,12023,S,2,2,0,0.0,0,0.0,0,0.0,0,0,0,0,0.0,0.0
GER-Bundesliga,2324,FC Heidenheim,Tim Kleindienst,3,2023,280,6142,F M,33,2892,12,16.78191621415317,10,15.266362739726901,3,2.5056460234336555,83,27,6,0,15.012215526308864,3.2841085717082024
GER-Bundesliga,2324,FC Heidenheim,Tim Siersleben,3,2023,280,8854,D S,14,903,0,0.12135707680135965,0,0.12135707680135965,0,0.7937690913677216,3,3,1,0,1.3464968912303448,1.2854830883443356
GER-Bundesliga,2324,Freiburg,Attila Szalai,3,2023,135,11848,D S,7,393,0,0.007408037316054106,0,0.007408037316054106,0,0.7657858580350876,1,3,1,0,1.420810030773282,0.7999268639832735
GER-Bundesliga,2324,Freiburg,Christian Günter,3,2023,135,4243,D M S,15,1059,1,0.5045850314199924,1,0.5045850314199924,2,2.2601338531821966,6,18,1,0,4.300076507031918,3.0230954326689243
GER-Bundesliga,2324,Freiburg,Fabian Rüdlin,3,2023,135,12108,S,1,3,0,0.0,0,0.0,0,0.0,0,0,0,0,0.0373377688229084,0.0373377688229084
GER-Bundesliga,2324,Freiburg,Florent Muslija,3,2023,135,7164,S,10,70,0,0.05270776990801096,0,0.05270776990801096,0,0.6101264357566833,2,6,0,0,0.6429778346791863,0.11093505471944809
GER-Bundesliga,2324,Freiburg,Jordy Makengo,3,2023,135,12070,D S,20,1043,0,0.15320702083408833,0,0.15320702083408833,0,0.19448711723089218,3,5,1,0,3.5838348772376776,3.26492833904922
GER-Bundesliga,2324,Freiburg,Junior Adamu,3,2023,135,12069,S,15,63,0,0.09928882867097855,0,0.09928882867097855,0,0.30559906363487244,2,1,0,0,0.5205853953957558,0.11569749191403389
GER-Bundesliga,2324,Freiburg,Kenneth Schmidt,3,2023,135,10498,S,5,51,0,0.012293263338506222,0,0.012293263338506222,0,0.10673213750123978,1,2,0,0,0.15689349453896284,0.1264183558523655
GER-Bundesliga,2324,Freiburg,Kiliann Sildillia,3,2023,135,9270,D S,27,1790,0,0.535849335603416,0,0.535849335603416,1,0.59051757119596,7,11,2,1,5.847707314416766,5.125430742278695
GER-Bundesliga,2324,Freiburg,Lucas Höler,3,2023,135,6475,F M S,33,2354,7,7.733447901904583,6,6.217894554138184,2,2.173959033563733,34,32,7,0,11.54770889878273,4.904460255987942
GER-Bundesliga,2324,Freiburg,Lukas Kübler,3,2023,135,5263,D S,26,1862,1,0.5534165091812611,1,0.5534165091812611,0,0.25750639848411083,8,5,7,0,4.734404686838388,4.272767264395952
GER-Bundesliga,2324,Freiburg,Manuel Gulde,3,2023,135,5292,D S,27,2052,1,1.3109219744801521,1,1.3109219744801521,0,0.10582586005330086,12,3,3,1,7.105137266218662,7.074103333055973
GER-Bundesliga,2324,Freiburg,Matthias Ginter,3,2023,135,315,D S,23,1929,0,1.0024688448756933,0,1.0024688448756933,2,1.2798231691122055,7,5,3,0,5.464734205976129,5.32260843552649
GER-Bundesliga,2324,Freiburg,Maximilian Breunig,3,2023,135,11849,S,2,4,0,0.0,0,0.0,0,0.0,0,0,0,0,0.0,0.0
GER-Bundesliga,2324,Freiburg,Maximilian Eggestein,3,2023,135,125,M,33,2926,1,2.3011299036443233,1,2.3011299036443233,1,2.667136858217418,39,25,6,0,11.088446551933885,7.465105237439275
GER-Bundesliga,2324,Freiburg,Maximilian Philipp,3,2023,135,4247,F S,17,267,1,0.6273456588387489,1,0.6273456588387489,0,0.4438656233251095,9,3,2,0,1.2788753286004066,0.3595673218369484
GER-Bundesliga,2324,Freiburg,Merlin Röhl,3,2023,135,11331,F M S,24,1509,2,3.106929948553443,2,3.106929948553443,3,2.4336063899099827,24,18,3,1,8.70490767993033,3.5572371650487185
GER-Bundesliga,2324,Freiburg,Michael Gregoritsch,3,2023,135,171,F M S,32,1681,7,11.299522154033184,7,11.299522154033184,4,1.2629597373306751,72,14,2,0,11.064708192832768,2.9364843908697367
GER-Bundesliga,2324,Freiburg,Nicolas Höfler,3,2023,135,4250,D M S,28,2340,1,0.8550013126805425,1,0.8550013126805425,1,0.30597284995019436,16,9,10,1,5.146695289760828,4.745235666632652
GER-Bundesliga,2324,Freiburg,Noah Atubolu,3,2023,135,10160,GK,34,3060,0,0.0,0,0.0,0,0.0,0,0,0,0,5.104440525174141,5.104440525174141
GER-Bundesliga,2324,Freiburg,Noah Weißhaupt,3,2023,135,9732,D M S,24,693,1,0.37081607058644295,1,0.37081607058644295,2,2.047544148750603,4,16,1,0,4.09987820032984,2.900294376537204
GER-Bundesliga,2324,Freiburg,Philipp Lienhart,3,2023,135,2611,D S,15,1265,1,1.8939213044941425,1,1.8939213044941425,0,0.9980377294123173,7,3,3,0,2.904509451240301,2.5449572317302227
GER-Bundesliga,2324,Freiburg,Ritsu Doan,3,2023,135,8791,D M S,30,2264,7,5.619689551182091,7,5.619689551182091,2,3.5378279890865088,37,31,2,0,10.873915130272508,3.092355154454708
GER-Bundesliga,2324,Freiburg,Roland Sallai,3,2023,135,1277,D F M S,27,1875,3,7.083729654550552,3,6.325953006744385,1,4.516578245908022,56,30,6,0,14.219031397253275,4.067937880754471
GER-Bundesliga,2324,Freiburg,Vincenzo Grifo,3,2023,135,5266,M S,32,2416,8,7.684199303388596,2,3.1375391986221075,8,8.20120744034648,49,56,3,0,12.51849060319364,5.632112881168723
GER-Bundesliga,2324,Freiburg,Yannik Keitel,3,2023,135,8206,D M S,15,926,1,0.8275578916072845,1,0.8275578916072845,0,0.05951378867030144,6,2,0,0,1.3297527767717838,0.8072961755096912
GER-Bundesliga,2324,Hoffenheim,Andrej Kramaric,3,2023,120,956,F M S,30,2231,15,12.076880916953087,10,8.287997469305992,6,9.023594247177243,69,77,4,0,18.804145156405866,8.480153063312173
GER-Bundesliga,2324,Hoffenheim,Angelo Stiller,3,2023,120,9725,D M S,32,2803,1,2.023089347407222,1,2.023089347407222,5,5.376184418797493,18,51,5,0,26.745202094316483,22.89305441081524
GER-Bundesliga,2324,Hoffenheim,Anton Stach,3,2023,120,9910,M S,33,2523,2,1.9476461745798588,2,1.9476461745798588,3,3.3864241652190685,40,21,4,0,10.367411406710744,7.442647943273187
GER-Bundesliga,2324,Hoffenheim,Bambasé Conté,3,2023,120,10427,S,7,26,0,0.13509838841855526,0,0.13509838841855526,0,0.03412647917866707,3,1,0,0,0.2126864716410637,0.043461598455905914
GER-Bundesliga,2324,Hoffenheim,David Jurásek,3,2023,120,12372,D M S,13,474,0,0.1003778837621212,0,0.1003778837621212,1,1.2145703472197056,5,6,1,0,3.209126329049468,1.956794848665595
GER-Bundesliga,2324,Hoffenheim,Dennis Geiger,3,2023,120,6081,S,3,57,0,0.0,0,0.0,0,0.11057253181934357,0,1,1,0,0.11057253181934357,0.11057253181934357
GER-Bundesliga,2324,Hoffenheim,Diadie Samassékou,3,2023,120,7868,S,1,1,0,0.0,0,0.0,0,0.0,0,0,0,0,0.0,0.0
GER-Bundesliga,2324,Hoffenheim,Finn Becker,3,2023,120,10731,M S,22,555,0,0.1699785217642784,0,0.1699785217642784,0,0.4481327924877405,6,6,1,0,2.163063019514084,1.6224692855030298
GER-Bundesliga,2324,Hoffenheim,Florian Grillitsch,3,2023,120,116,D M S,30,2299,1,0.9007108602672815,1,0.9007108602672815,6,1.5126190595328808,21,19,8,0,13.644959606230259,12.217709331773221
GER-Bundesliga,2324,Hoffenheim,Grischa Prömel,3,2023,120,4340,D M S,28,2176,4,3.0754783414304256,4,3.0754783414304256,5,2.636586481705308,26,21,8,1,12.81657399237156,7.653144761919975
GER-Bundesliga,2324,Hoffenheim,Ihlas Bebou,3,2023,120,6271,D F M S,32,1615,7,5.354578691534698,7,5.354578691534698,5,2.886668909341097,38,15,3,0,12.528125173412263,4.379570780321956
GER-Bundesliga,2324,Hoffenheim,John Brooks,3,2023,120,22,D S,21,1548,2,2.4664577171206474,2,2.4664577171206474,0,0.08679345063865185,11,3,6,1,4.941739622503519,4.307529669255018
GER-Bundesliga,2324,Hoffenheim,Kasim Nuhu,3,2023,120,7024,S,1,1,0,0.0,0,0.0,0,0.0,0,0,0,0,0.0,0.0
GER-Bundesliga,2324,Hoffenheim,Kevin Akpoguma,3,2023,120,6327,D M S,17,1080,0,0.6730638053268194,0,0.6730638053268194,0,0.24668432585895061,2,5,7,0,3.8935156539082527,3.0096214525401592
GER-Bundesliga,2324,Hoffenheim,Kevin Vogt,3,2023,120,133,D S,32,2650,0,0.6018818821758032,0,0.6018818821758032,0,0.13259361311793327,3,3,7,0,8.39175974112004,7.746633994393051
GER-Bundesliga,2324,Hoffenheim,Marius Bülter,3,2023,120,7879,D F M S,30,1331,1,1.8945992104709148,1,1.8945992104709148,4,3.4703396894037724,22,22,1,1,9.166707267053425,5.122026624158025
GER-Bundesliga,2324,Hoffenheim,Max Moerstedt,3,2023,120,12470,S,1,10,0,0.0,0,0.0,0,0.0,0,0,0,0,0.0,0.0
GER-Bundesliga,2324,Hoffenheim,Maximilian Beier,3,2023,120,8137,F M S,33,2477,16,12.457650601863861,16,12.457650601863861,1,2.661381559446454,82,24,1,0,15.76284497603774,2.5732957124710083
GER-Bundesliga,2324,Hoffenheim,Oliver Baumann,3,2023,120,73,GK,34,3060,0,0.0,0,0.0,1,0.30637335777282715,0,2,1,0,5.77265227586031,5.466278910636902
GER-Bundesliga,2324,Hoffenheim,Ozan Kabak,3,2023,120,7376,D,28,2325,4,2.5764861460775137,4,2.5764861460775137,1,1.0609610378742218,18,8,9,1,8.383561950176954,8.007528465241194
GER-Bundesliga,2324,Hoffenheim,Pavel Kaderábek,3,2023,120,74,D M S,29,2439,3,2.4086271207779646,3,2.4086271207779646,4,5.176608527079225,20,35,7,0,11.63707581255585,6.7287313202396035
GER-Bundesliga,2324,Hoffenheim,Robert Skov,3,2023,120,7867,D M S,25,1252,3,1.8686408773064613,3,1.8686408773064613,4,1.725373494438827,32,23,2,0,3.9314654357731342,1.8218494467437267
GER-Bundesliga,2324,Hoffenheim,Stanley N'Soki,3,2023,120,6436,D M S,11,630,0,0.0,0,0.0,0,0.13013464957475662,0,2,1,1,1.431337047368288,1.3726870007812977
GER-Bundesliga,2324,Hoffenheim,Tim Drexler,3,2023,120,12469,D S,8,565,0,0.0,0,0.0,0,0.01373766828328371,0,1,1,0,2.8544292896986008,2.8544292896986008
GER-Bundesliga,2324,Hoffenheim,Tom Bischof,3,2023,120,10289,M S,13,141,0,0.19203387200832367,0,0.19203387200832367,2,0.722013883292675,5,5,0,0,0.794271819293499,0.4643583446741104
GER-Bundesliga,2324,Hoffenheim,Umut Tohumcu,3,2023,120,10595,M S,20,1022,0,0.5710894772782922,0,0.5710894772782922,2,1.2406918285414577,15,9,5,0,6.796610902994871,5.650862833485007
GER-Bundesliga,2324,Hoffenheim,Wout Weghorst,3,2023,120,7052,F S,28,2019,7,7.089848818257451,6,6.332072140648961,3,3.5110421497374773,39,34,4,0,12.106838148087263,4.090849205851555
GER-Bundesliga,2324,Mainz 05,Andreas Hanche-Olsen,3,2023,125,11309,D S,15,1019,1,0.9961053840816021,1,0.9961053840816021,0,0.012948278337717056,4,1,5,0,2.4915835689753294,2.4786352943629026
GER-Bundesliga,2324,Mainz 05,Anthony Caci,3,2023,125,6380,D S,31,2506,2,1.8629314601421356,2,1.8629314601421356,3,2.9395877309143543,31,25,8,0,9.770811071619391,6.2692010048776865
GER-Bundesliga,2324,Mainz 05,Anwar El Ghazi,3,2023,125,5612,S,3,44,0,0.05380818620324135,0,0.05380818620324135,1,0.6269503235816956,1,2,0,0,0.7482239045202732,0.0674653947353363
GER-Bundesliga,2324,Mainz 05,Aymen Barkok,3,2023,125,5235,M S,13,286,1,2.204937173984945,1,1.4471604665741324,0,0.3915510047227144,12,5,2,0,1.7998726647347212,0.35388972610235214
GER-Bundesliga,2324,Mainz 05,Brajan Gruda,3,2023,125,11310,F M S,28,1671,4,4.42372371070087,4,4.42372371070087,3,5.52777498960495,30,43,5,0,15.224408596754074,6.060056267306209
GER-Bundesliga,2324,Mainz 05,Daniel Batz,3,2023,125,12029,GK,4,360,0,0.0,0,0.0,0,0.0,0,0,0,0,0.14293263852596283,0.14293263852596283
GER-Bundesliga,2324,Mainz 05,Danny da Costa,3,2023,125,249,D S,19,831,0,0.22208926919847727,0,0.22208926919847727,1,1.5813138987869024,6,9,1,0,2.93437541089952,1.2424132823944092
GER-Bundesliga,2324,Mainz 05,David Mamutovic,3,2023,125,11908,S,2,5,0,0.0,0,0.0,0,0.0,0,0,0,0,0.0,0.0
GER-Bundesliga,2324,Mainz 05,Dominik Kohr,3,2023,125,269,D M S,31,2216,1,1.9021731289103627,1,1.9021731289103627,0,0.8735304730944335,25,15,13,1,5.235130553133786,3.878144847229123
GER-Bundesliga,2324,Mainz 05,Edimilson Fernandes,3,2023,125,1673,D S,21,1277,0,0.5281554060056806,0,0.5281554060056806,2,0.8149455729871988,15,18,4,0,4.358554725535214,3.7199938520789146
GER-Bundesliga,2324,Mainz 05,Jae-Sung Lee,3,2023,125,9783,F M S,29,2150,6,6.214204024523497,6,6.214204024523497,3,3.710132916457951,38,32,6,0,12.726068703457713,4.897844089195132
GER-Bundesliga,2324,Mainz 05,Jonathan Burkardt,3,2023,125,7108,F M S,21,1554,8,6.991286312229931,7,6.233509694226086,2,2.5152483489364386,41,14,2,0,10.678750865161419,3.7657033279538155
GER-Bundesliga,2324,Mainz 05,Josuha Guilavogui,3,2023,125,150,D S,11,389,0,0.0,0,0.0,1,0.06805159896612167,0,1,1,0,0.699214544147253,0.699214544147253
GER-Bundesliga,2324,Mainz 05,Karim Onisiwo,3,2023,125,2631,F M S,24,1513,1,2.4827874237671494,1,2.4827874237671494,3,1.9092329498380423,33,16,1,0,5.308682337403297,2.115310536697507
GER-Bundesliga,2324,Mainz 05,Leandro Barreiro Martins,3,2023,125,7109,M S,31,2600,4,5.028050007298589,4,5.028050007298589,1,1.3807551329955459,38,20,8,0,10.784912591800094,5.83985104970634
GER-Bundesliga,2324,Mainz 05,Ludovic Ajorque,3,2023,125,6905,F S,26,1347,2,5.715712696313858,2,4.200159281492233,0,0.8593341186642647,30,15,4,0,6.111298134550452,2.058779038488865
GER-Bundesliga,2324,Mainz 05,Marco Richter,3,2023,125,6357,M S,20,679,1,2.0621123649179935,1,2.0621123649179935,0,1.9792995369061828,38,12,3,0,3.9209891632199287,1.1464222418144345
GER-Bundesliga,2324,Mainz 05,Marcus Müller,3,2023,125,12226,S,1,15,0,0.013423766009509563,0,0.013423766009509563,0,0.0,1,0,0,0,0.013423766009509563,0.0
GER-Bundesliga,2324,Mainz 05,Maxim Leitsch,3,2023,125,9703,D S,7,377,0,0.0,0,0.0,0,0.0,0,0,0,0,0.33281970396637917,0.33281970396637917
GER-Bundesliga,2324,Mainz 05,Merveille Papela,3,2023,125,9178,D M S,11,264,0,0.4438758082687855,0,0.4438758082687855,0,0.5349623532965779,4,3,1,0,1.5241789072752,1.0259344577789307
GER-Bundesliga,2324,Mainz 05,Nelson Weiper,3,2023,125,11143,F S,5,114,0,0.6600031703710556,0,0.6600031703710556,0,0.13063468039035797,2,2,0,0,0.7906378507614136,0.0
GER-Bundesliga,2324,Mainz 05,Philipp Mwene,3,2023,125,7106,D M,23,2021,1,1.4282803563401103,1,1.4282803563401103,2,2.306240428239107,24,23,4,1,6.641070067882538,4.366441967897117
GER-Bundesliga,2324,Mainz 05,Robin Zentner,3,2023,125,449,GK,30,2700,0,0.026669420301914215,0,0.026669420301914215,0,0.019722795113921165,1,1,3,0,1.2927239798009396,1.2927239798009396
GER-Bundesliga,2324,Mainz 05,Sepp van den Berg,3,2023,125,10721,D S,33,2831,3,3.7091642525047064,3,3.7091642525047064,0,0.5576253132894635,25,7,9,0,6.752309799194336,6.562722461298108
GER-Bundesliga,2324,Mainz 05,Silvan Widmer,3,2023,125,1139,D M S,20,1226,1,1.1907554073259234,1,1.1907554073259234,3,3.6302779633551836,14,15,4,0,7.669031405821443,4.940777608193457
GER-Bundesliga,2324,Mainz 05,Stefan Bell,3,2023,125,40,D S,10,667,0,0.2294920403510332,0,0.2294920403510332,0,0.0905444547533989,4,1,3,0,0.3876202367246151,0.17717087641358376
GER-Bundesliga,2324,Mainz 05,Tom Krauß,3,2023,125,8092,M S,29,1320,1,0.5937967412173748,1,0.5937967412173748,2,0.6373225171118975,17,8,5,0,3.8558023143559694,3.005203675478697
GER-Bundesliga,2324,RasenBallsport Leipzig,Amadou Haidara,3,2023,136,7501,M S,21,1582,2,0.9922775700688362,2,0.9922775700688362,1,1.6235595028847456,21,17,5,0,12.830584708601236,10.555549938231707
GER-Bundesliga,2324,RasenBallsport Leipzig,Benjamin Henrichs,3,2023,136,435,D M S,33,2539,1,2.717759570106864,1,2.717759570106864,5,5.070023860782385,36,40,5,0,18.743870448321104,14.128764633089304
GER-Bundesliga,2324,RasenBallsport Leipzig,Benjamin Sesko,3,2023,136,11974,F S,31,1523,14,8.596239453181624,14,8.596239453181624,2,0.9170200936496258,47,12,0,0,11.759752489626408,4.802732428535819
GER-Bundesliga,2324,RasenBallsport Leipzig,Castello Lukeba,3,2023,136,9511,D S,32,2176,1,1.00545135140419,1,1.00545135140419,0,0.18247702158987522,7,4,3,0,11.889688301831484,11.758996117860079
GER-Bundesliga,2324,RasenBallsport Leipzig,Christoph Baumgartner,3,2023,136,7422,F M S,32,1114,5,4.064403414726257,5,4.064403414726257,1,1.4943338558077812,31,16,3,0,9.496019845828414,5.529703238978982
GER-Bundesliga,2324,RasenBallsport Leipzig,Dani Olmo,3,2023,136,8292,F M S,21,1487,4,3.7428875751793385,4,3.7428875751793385,5,5.405302612110972,45,32,0,0,14.852808624505997,8.09803992509842
GER-Bundesliga,2324,RasenBallsport Leipzig,David Raum,3,2023,136,9724,D M,31,2761,2,1.1637575421482325,2,1.1637575421482325,8,8.822827788069844,14,68,6,0,19.401910711079836,15.503833007067442
GER-Bundesliga,2324,RasenBallsport Leipzig,El Chadaille Bitshiabu,3,2023,136,9629,S,6,15,0,0.0,0,0.0,0,0.0,0,0,0,0,0.1743035651743412,0.1743035651743412
GER-Bundesliga,2324,RasenBallsport Leipzig,Eljif Elmas,3,2023,136,7912,M S,14,221,0,1.2049502842128277,0,1.2049502842128277,0,0.16692247986793518,10,2,0,0,2.6335152089595795,1.536571780219674
GER-Bundesliga,2324,RasenBallsport Leipzig,Emil Forsberg,3,2023,136,5249,M S,14,449,2,1.6260444759391248,2,0.868267813231796,1,0.8517668843269348,12,6,0,0,4.331011588219553,2.9258000440895557
GER-Bundesliga,2324,RasenBallsport Leipzig,Fabio Carvalho,3,2023,136,9501,M S,9,132,0,0.21358712390065193,0,0.21358712390065193,0,0.23040751367807388,3,2,0,0,0.7217054478824139,0.3711858205497265
GER-Bundesliga,2324,RasenBallsport Leipzig,Janis Blaswich,3,2023,136,4313,GK,21,1890,0,0.0,0,0.0,0,0.037554554641246796,0,1,0,0,4.854983039200306,4.8174284771084785
GER-Bundesliga,2324,RasenBallsport Leipzig,Jonathan Norbye,3,2023,136,12628,S,1,1,0,0.0,0,0.0,0,0.0,0,0,0,0,0.0,0.0
GER-Bundesliga,2324,RasenBallsport Leipzig,Kevin Kampl,3,2023,136,188,M S,26,1348,1,0.18959989212453365,1,0.18959989212453365,0,1.1563301319256425,6,14,3,0,6.404891517013311,5.420626096427441
GER-Bundesliga,2324,RasenBallsport Leipzig,Loïs Openda,3,2023,136,10832,F S,34,2772,24,24.74329467304051,22,22.469964699819684,7,6.524221880361438,120,36,4,0,29.7026682253927,4.370127652771771
GER-Bundesliga,2324,RasenBallsport Leipzig,Lukas Klostermann,3,2023,136,5358,D S,25,1423,1,1.1135592143982649,1,1.1135592143982649,0,0.43709888122975826,6,5,3,0,6.337007949128747,6.200740167871118
GER-Bundesliga,2324,RasenBallsport Leipzig,Mohamed Simakan,3,2023,136,7551,D S,32,2147,2,3.792179027572274,2,3.792179027572274,3,2.594315452501178,30,15,8,0,13.175233444198966,10.86243693716824
GER-Bundesliga,2324,RasenBallsport Leipzig,Nicolas Seiwald,3,2023,136,11871,M S,21,677,0,0.0,0,0.0,2,0.25288727320730686,0,5,1,0,2.5311324950307608,2.33156618475914
GER-Bundesliga,2324,RasenBallsport Leipzig,Nuha Jatta,3,2023,136,12370,S,1,1,0,0.0,0,0.0,0,0.0,0,0,0,0,0.0,0.0
GER-Bundesliga,2324,RasenBallsport Leipzig,Péter Gulácsi,3,2023,136,5241,GK,13,1170,0,0.0,0,0.0,0,0.0,0,0,0,0,2.9495482966303825,2.9495482966303825
GER-Bundesliga,2324,RasenBallsport Leipzig,Timo Werner,3,2023,136,65,F M S,8,192,2,2.619151372462511,1,1.8613747544586658,0,0.060963310301303864,9,2,0,0,2.5027804113924503,0.6053832545876503
GER-Bundesliga,2324,RasenBallsport Leipzig,Willi Orban,3,2023,136,5257,D S,19,1587,0,0.46899986267089844,0,0.46899986267089844,0,0.6591169387102127,7,7,2,0,9.486498098820448,9.460853826254606
GER-Bundesliga,2324,RasenBallsport Leipzig,Xaver Schlager,3,2023,136,7783,M,29,2499,0,1.0008859485387802,0,1.0008859485387802,5,2.174327801913023,21,27,7,0,21.959266629070044,20.25843463279307
GER-Bundesliga,2324,RasenBallsport Leipzig,Xavi Simons,3,2023,136,8700,M,32,2738,8,7.734520580619574,7,6.218967225402594,11,10.540094953030348,81,79,9,1,23.964530430734158,12.515338407829404
GER-Bundesliga,2324,RasenBallsport Leipzig,Yussuf Poulsen,3,2023,136,5250,F S,28,1194,5,6.919978216290474,5,6.919978216290474,2,2.1836321242153645,28,13,0,0,10.635895442217588,2.9980139415711164
GER-Bundesliga,2324,Union Berlin,Aissa Laidouni,3,2023,240,3699,M S,23,1029,0,0.7682113070040941,0,0.7682113070040941,3,1.5009211637079716,13,12,2,0,4.841209087520838,3.0136834727600217
GER-Bundesliga,2324,Union Berlin,Alex Kral,3,2023,240,8017,D M S,24,1340,0,1.7174312379211187,0,1.7174312379211187,0,0.21861195657402277,18,5,2,0,4.68869945500046,3.0566357942298055
GER-Bundesliga,2324,Union Berlin,Alexander Schwolow,3,2023,240,5262,GK,1,90,0,0.0,0,0.0,0,0.0,0,0,0,0,0.06283817440271378,0.06283817440271378
GER-Bundesliga,2324,Union Berlin,Aljoscha Kemlein,3,2023,240,11236,S,2,23,0,0.03288934379816055,0,0.03288934379816055,0,0.0,1,0,0,0,0.6743266731500626,0.641437329351902
GER-Bundesliga,2324,Union Berlin,Andras Schafer,3,2023,240,7410,D M S,20,1264,1,1.7435843665152788,1,1.7435843665152788,2,2.117854233831167,21,18,1,1,5.693262223154306,2.862957987934351
GER-Bundesliga,2324,Union Berlin,Benedict Hollerbach,3,2023,240,11981,F M S,28,1330,5,4.1453121323138475,5,4.1453121323138475,0,1.6249021347612143,34,14,2,0,6.9337903168052435,1.8773544393479824
GER-Bundesliga,2324,Union Berlin,Brenden Aaronson,3,2023,240,10751,F M S,30,1203,2,2.3798574674874544,2,2.3798574674874544,2,2.727505593560636,19,22,1,1,7.425651806406677,3.351934116333723
GER-Bundesliga,2324,Union Berlin,Chris Bedia,3,2023,240,12364,S,7,113,1,0.4426194690167904,1,0.4426194690167904,0,0.15663977339863777,3,3,0,0,1.201132521033287,0.6252865009009838
GER-Bundesliga,2324,Union Berlin,Christopher Trimmel,3,2023,240,7875,D M S,26,1680,0,0.31452585477381945,0,0.31452585477381945,2,2.440682277083397,6,39,2,1,5.509496794082224,4.362459319643676
GER-Bundesliga,2324,Union Berlin,Danilho Doekhi,3,2023,240,10725,D,24,2160,2,1.2109281308948994,2,1.2109281308948994,0,0.1917865127325058,16,4,2,0,4.427957221865654,4.250279098749161
GER-Bundesliga,2324,Union Berlin,David Datro Fofana,3,2023,240,11295,F M S,12,684,1,4.060827124863863,1,4.060827124863863,0,0.38272819947451353,26,5,0,0,4.917184886522591,0.9215688081458211
GER-Bundesliga,2324,Union Berlin,Diogo Leite,3,2023,240,10724,D S,32,2710,0,0.5729180835187435,0,0.5729180835187435,0,0.5412383750081062,12,6,6,0,6.325476054102182,5.752256024628878
GER-Bundesliga,2324,Union Berlin,Frederik Rönnow,3,2023,240,7048,GK,33,2970,0,0.12216654047369957,0,0.12216654047369957,0,0.22198277711868286,3,1,2,0,3.590184275060892,3.3682014979422092
GER-Bundesliga,2324,Union Berlin,Janik Haberer,3,2023,240,4271,D M S,21,1230,1,1.0519700599834323,1,1.0519700599834323,1,0.8010420650243759,15,10,7,0,3.1380159724503756,2.246667222119868
GER-Bundesliga,2324,Union Berlin,Josip Juranovic,3,2023,240,11333,D M S,21,1272,0,1.3066761055961251,0,0.5488994279876351,2,2.8537565134465694,12,39,4,0,3.448020369745791,2.261666787788272
GER-Bundesliga,2324,Union Berlin,Jérôme Roussillon,3,2023,240,3339,D S,23,703,0,0.5374878337606788,0,0.5374878337606788,1,0.7475190320983529,7,8,2,0,3.1205338025465608,2.2433958621695638
GER-Bundesliga,2324,Union Berlin,Kevin Behrens,3,2023,240,9712,F S,31,1916,5,8.321831177920103,5,8.321831177920103,1,2.0963486256077886,52,24,4,0,11.046282581984997,3.755228543654084
GER-Bundesliga,2324,Union Berlin,Kevin Volland,3,2023,240,83,F M S,26,1394,3,5.798084431327879,1,3.5247543090954423,4,2.5899303993210196,36,20,1,2,6.6129677733406425,1.914235956966877
GER-Bundesliga,2324,Union Berlin,Leonardo Bonucci,3,2023,240,1287,D S,7,467,1,0.75777667760849,0,0.0,0,0.29344869405031204,1,2,0,0,1.4568561688065529,1.4568561688065529
GER-Bundesliga,2324,Union Berlin,Lucas Tousart,3,2023,240,3743,M S,23,1591,0,1.4459867663681507,0,1.4459867663681507,0,0.5308162374421954,25,6,5,0,3.9345752531662583,2.430923885665834
GER-Bundesliga,2324,Union Berlin,Mikkel Kaufmann,3,2023,240,12053,F S,18,424,1,1.2217344976961613,1,1.2217344976961613,0,1.0639084111899137,15,4,0,0,2.8279455192387104,1.0950163174420595
GER-Bundesliga,2324,Union Berlin,Milos Pantovic,3,2023,240,378,S,1,9,1,0.5618004202842712,1,0.5618004202842712,0,0.0,1,0,0,0,0.5618004202842712,0.0
GER-Bundesliga,2324,Union Berlin,Paul Jäckel,3,2023,240,6595,D S,6,216,0,0.0,0,0.0,0,0.0743938460946083,0,2,0,0,0.15865868795663118,0.08426484186202288
GER-Bundesliga,2324,Union Berlin,Rani Khedira,3,2023,240,5251,M S,20,1377,0,0.22551585361361504,0,0.22551585361361504,0,0.14852115511894226,3,5,5,1,2.2159358859062195,2.0812371373176575
GER-Bundesliga,2324,Union Berlin,Robin Gosens,3,2023,240,6155,D M S,30,2354,6,2.4756892109289765,6,2.4756892109289765,3,3.411861822940409,32,34,7,1,7.790660656988621,4.173315906897187
GER-Bundesliga,2324,Union Berlin,Robin Knoche,3,2023,240,161,D S,24,1920,1,1.396061367355287,1,0.6382847195491195,0,0.3083915710449219,8,3,1,0,3.9953995840623975,3.8880528109148145
GER-Bundesliga,2324,Union Berlin,Sheraldo Becker,3,2023,240,7882,F M S,11,664,0,0.9779949057847261,0,0.9779949057847261,1,2.1538064759224653,16,12,0,0,3.856623947620392,1.7708171596750617
GER-Bundesliga,2324,Union Berlin,Yorbe Vertessen,3,2023,240,12424,F M S,13,575,3,3.0108204130083323,3,3.0108204130083323,2,1.4330097809433937,24,7,1,0,5.26316960901022,1.617756225168705
GER-Bundesliga,2324,VfB Stuttgart,Alexander Nübel,3,2023,133,2639,GK,30,2700,0,0.0,0,0.0,0,0.0,0,0,1,0,7.694039307534695,7.694039307534695
GER-Bundesliga,2324,VfB Stuttgart,Anthony Rouault,3,2023,133,10789,D S,22,1002,0,0.1054016537964344,0,0.1054016537964344,2,1.3006245661526918,3,8,3,0,3.6937022656202316,2.871620435267687
GER-Bundesliga,2324,VfB Stuttgart,Atakan Karazor,3,2023,133,8878,M S,33,2660,0,0.9654796337708831,0,0.9654796337708831,4,3.105354379862547,19,29,9,0,18.897660940885544,15.486275654286146
GER-Bundesliga,2324,VfB Stuttgart,Borna Sosa,3,2023,133,7075,S,2,32,0,0.020359061658382416,0,0.020359061658382416,0,0.012273414991796017,1,1,0,0,0.09210852533578873,0.09210852533578873
GER-Bundesliga,2324,VfB Stuttgart,Chris Führich,3,2023,133,6449,D M S,34,2709,8,7.510290591046214,8,6.752513853833079,7,8.933032155036926,54,52,2,0,24.860250413417816,13.97021697461605
GER-Bundesliga,2324,VfB Stuttgart,Dan-Axel Zagadou,3,2023,133,6103,D S,19,1444,1,1.1439917497336864,1,1.1439917497336864,0,0.14917796291410923,11,3,1,0,6.559690181165934,6.35435601696372
GER-Bundesliga,2324,VfB Stuttgart,Deniz Undav,3,2023,133,10804,F M S,30,2135,18,17.09328974597156,18,16.335513127967715,10,7.17163859680295,107,39,5,0,26.269780419766903,6.9859972056001425
GER-Bundesliga,2324,VfB Stuttgart,Enzo Millot,3,2023,133,8645,F M S,31,2282,5,6.214938064105809,4,5.457161390222609,4,4.119167222641408,39,33,5,0,18.62775661237538,11.732027526944876
GER-Bundesliga,2324,VfB Stuttgart,Fabian Bredlow,3,2023,133,7030,GK,4,360,0,0.0,0,0.0,0,0.0,0,0,0,0,0.5643789768218994,0.5643789768218994
GER-Bundesliga,2324,VfB Stuttgart,Genki Haraguchi,3,2023,133,35,S,2,18,0,0.0,0,0.0,0,0.0,0,0,0,0,0.06099141389131546,0.06099141389131546
GER-Bundesliga,2324,VfB Stuttgart,Hiroki Ito,3,2023,133,9715,D S,26,2240,0,0.7480805702507496,0,0.7480805702507496,2,1.9971041632816195,18,18,1,0,16.274456840008497,14.244097359478474
GER-Bundesliga,2324,VfB Stuttgart,Jamie Leweling,3,2023,133,9718,D F M S,34,1548,4,6.18448478449136,4,6.18448478449136,4,2.671717455610633,43,23,3,0,12.17147049214691,4.742095705121756
GER-Bundesliga,2324,VfB Stuttgart,Joshua Vagnoman,3,2023,133,6626,D M S,18,1147,2,1.7019743993878365,2,1.7019743993878365,2,1.509387955069542,17,7,2,0,7.624159812927246,5.9043128695338964
GER-Bundesliga,2324,VfB Stuttgart,Jovan Milosevic,3,2023,133,11840,S,5,12,0,0.0,0,0.0,0,0.0,0,0,0,0,0.0,0.0
GER-Bundesliga,2324,VfB Stuttgart,Leonidas Stergiou,3,2023,133,11975,D S,15,564,1,0.32516836002469063,1,0.32516836002469063,0,0.42150358483195305,3,5,0,0,2.538110561668873,2.374480940401554
GER-Bundesliga,2324,VfB Stuttgart,Lilian Egloff,3,2023,133,8987,M S,5,93,0,0.12217133678495884,0,0.12217133678495884,0,0.0,3,0,1,0,0.22308075428009033,0.115456597879529
GER-Bundesliga,2324,VfB Stuttgart,Luca Raimund,3,2023,133,12067,S,3,23,0,0.8934257626533508,0,0.8934257626533508,0,0.0,2,0,1,0,1.5341386757791042,0.6407129727303982
GER-Bundesliga,2324,VfB Stuttgart,Mahmoud Dahoud,3,2023,133,205,M S,13,160,1,0.47362592816352844,1,0.47362592816352844,0,0.5927827227860689,2,7,0,0,4.058749169111252,3.537891738116741
GER-Bundesliga,2324,VfB Stuttgart,Maximilian Mittelstädt,3,2023,133,419,D S,31,2113,2,0.9744149846956134,2,0.9744149846956134,4,5.203670730814338,21,31,5,0,19.498442778363824,16.147974142804742
GER-Bundesliga,2324,VfB Stuttgart,Pascal Stenzel,3,2023,133,326,D S,23,1125,0,0.3266832735389471,0,0.3266832735389471,5,3.146456418558955,14,15,1,1,9.022506950423121,7.023394027724862
GER-Bundesliga,2324,VfB Stuttgart,Roberto Massimo,3,2023,133,8806,S,5,56,0,0.0,0,0.0,0,0.05779124051332474,0,1,1,0,0.13159636594355106,0.07380512543022633
GER-Bundesliga,2324,VfB Stuttgart,Samuele Di Benedetto,3,2023,133,12277,S,1,1,0,0.0,0,0.0,0,0.02102121338248253,0,1,0,0,0.0,0.0
GER-Bundesliga,2324,VfB Stuttgart,Serhou Guirassy,3,2023,133,3738,F S,28,2228,28,23.512099631130695,24,20.480992905795574,3,7.668689090758562,91,53,0,0,32.28878764808178,7.664522420614958
GER-Bundesliga,2324,VfB Stuttgart,Silas Wamangituka,3,2023,133,8807,M S,27,861,5,5.937350358814001,5,5.17957366630435,2,2.404309891164303,24,15,0,0,10.556440623477101,4.659267008304596
GER-Bundesliga,2324,VfB Stuttgart,Waldemar Anton,3,2023,133,106,D S,33,2889,0,1.5518756648525596,0,1.5518756648525596,3,1.4026816934347153,27,10,7,0,17.270139643922448,16.389904933050275
GER-Bundesliga,2324,VfB Stuttgart,Woo-Yeong Jeong,3,2023,133,7267,M S,26,552,2,2.605867937207222,2,2.605867937207222,3,2.1020664013922215,18,9,1,0,7.995916116982698,3.4487120173871517
GER-Bundesliga,2324,Werder Bremen,Amos Pieper,3,2023,123,7320,D,7,594,0,0.33897275663912296,0,0.33897275663912296,0,0.5340107679367065,4,1,0,0,1.7593848444521427,1.2253740765154362
GER-Bundesliga,2324,Werder Bremen,Anthony Jung,3,2023,123,5217,D M S,31,2591,1,0.6805804511532187,1,0.6805804511532187,0,0.3237763652577996,5,7,3,1,9.421346353366971,9.087589727714658
GER-Bundesliga,2324,Werder Bremen,Christian Groß,3,2023,123,7815,D M S,20,779,0,0.1120370514690876,0,0.1120370514690876,1,0.21584362536668777,3,5,1,0,2.9876101445406675,2.7099535688757896
GER-Bundesliga,2324,Werder Bremen,Dawid Kownacki,3,2023,123,6190,F S,22,340,0,1.3725180234760046,0,1.3725180234760046,0,0.2749298671260476,19,5,0,0,1.9744076449424028,0.6974716819822788
GER-Bundesliga,2324,Werder Bremen,Felix Agu,3,2023,123,8804,D S,24,1646,0,1.0503350887447596,0,1.0503350887447596,0,0.746006079018116,11,7,2,0,5.799242444336414,4.186897806823254
GER-Bundesliga,2324,Werder Bremen,Ilia Gruev,3,2023,123,8000,S,1,2,0,0.0,0,0.0,0,0.0,0,0,0,0,0.0,0.0
GER-Bundesliga,2324,Werder Bremen,Isak Hansen-Aaröen,3,2023,123,12431,S,3,18,0,0.0,0,0.0,0,0.12304755300283432,0,1,1,0,0.12304755300283432,0.0
GER-Bundesliga,2324,Werder Bremen,Jens Stage,3,2023,123,10734,M S,30,2351,3,4.9444273598492146,3,4.9444273598492146,1,2.2542869094759226,40,26,5,1,11.307002702727914,6.110577404499054
GER-Bundesliga,2324,Werder Bremen,Jiri Pavlenka,3,2023,123,6082,GK,7,630,0,0.0,0,0.0,0,0.0,0,0,0,0,1.0896473079919815,1.0896473079919815
GER-Bundesliga,2324,Werder Bremen,Joel Imasuen,3,2023,123,12547,S,1,1,0,0.0,0,0.0,0,0.0,0,0,0,0,0.0,0.0
GER-Bundesliga,2324,Werder Bremen,Julián Malatini,3,2023,123,12360,D S,10,603,1,0.8992225341498852,1,0.8992225341498852,0,0.20278908964246511,3,4,1,0,2.7825447535142303,1.821010172367096
GER-Bundesliga,2324,Werder Bremen,Justin Njinmah,3,2023,123,10585,F M S,24,1011,6,4.3166096322238445,6,4.3166096322238445,2,2.432547379285097,33,13,1,0,8.9449203312397,2.3999127810820937
GER-Bundesliga,2324,Werder Bremen,Leon Opitz,3,2023,123,11836,S,3,10,0,0.0,0,0.0,0,0.0,0,0,0,0,0.0,0.0
GER-Bundesliga,2324,Werder Bremen,Leonardo Bittencourt,3,2023,123,262,M S,29,1600,1,3.068262171931565,1,3.068262171931565,2,3.054721027612686,31,26,8,0,9.704018617980182,4.66505157481879
GER-Bundesliga,2324,Werder Bremen,Marco Friedl,3,2023,123,5340,D,25,2207,1,0.2277989201247692,1,0.2277989201247692,0,0.09098414331674576,7,1,6,0,2.7737255189567804,2.6359461192041636
GER-Bundesliga,2324,Werder Bremen,Marvin Ducksch,3,2023,123,4329,F M S,33,2734,12,12.536896999925375,7,7.9902367405593395,9,8.121447345241904,80,58,8,0,17.139057140797377,7.284846526570618
GER-Bundesliga,2324,Werder Bremen,Michael Zetterer,3,2023,123,126,GK,27,2430,0,0.08240505307912827,0,0.08240505307912827,0,0.1456083320081234,1,3,2,0,5.23376901820302,5.088160686194897
GER-Bundesliga,2324,Werder Bremen,Milos Veljkovic,3,2023,123,2691,D S,23,1919,2,1.3219488495960832,2,1.3219488495960832,1,0.5370659530162811,6,6,2,0,7.289470637217164,6.292845236137509
GER-Bundesliga,2324,Werder Bremen,Mitchell Weiser,3,2023,123,28,D M,30,2649,3,3.8252034466713667,3,3.8252034466713667,7,5.451371055096388,44,37,5,0,14.797331511974335,8.213747451081872
GER-Bundesliga,2324,Werder Bremen,Naby Keita,3,2023,123,5247,M S,5,105,0,0.08448757976293564,0,0.08448757976293564,0,0.0,2,0,2,0,1.1572114257141948,1.0727238459512591
GER-Bundesliga,2324,Werder Bremen,Nick Woltemade,3,2023,123,8117,F M S,30,1170,2,2.1179728470742702,2,2.1179728470742702,0,1.358275574631989,21,24,1,0,7.065050270408392,4.377801384776831
GER-Bundesliga,2324,Werder Bremen,Nicolai Rapp,3,2023,123,4335,D S,2,80,0,0.0,0,0.0,0,0.0,0,0,1,0,0.06386817991733551,0.06386817991733551
GER-Bundesliga,2324,Werder Bremen,Niklas Stark,3,2023,123,418,D S,17,1081,2,0.40726528596132994,2,0.40726528596132994,0,0.0,5,0,5,0,2.9174184016883373,2.900383822619915
GER-Bundesliga,2324,Werder Bremen,Oliver Burke,3,2023,123,5256,S,1,28,0,0.0,0,0.0,0,0.0,0,0,0,0,0.0,0.0
GER-Bundesliga,2324,Werder Bremen,Olivier Deman,3,2023,123,12028,D M S,29,1343,2,1.643682629801333,2,1.643682629801333,1,1.2761030569672585,17,13,5,0,5.017011563293636,2.8167819445952773
GER-Bundesliga,2324,Werder Bremen,Romano Schmid,3,2023,123,9069,F M S,33,2638,4,5.486472093500197,4,5.486472093500197,6,6.0749450866132975,38,51,5,0,18.433228065259755,10.512278792448342
GER-Bundesliga,2324,Werder Bremen,Santos Borré,3,2023,123,5113,F S,19,984,4,2.414145240560174,4,2.414145240560174,0,1.718951783142984,20,13,0,0,5.100860384292901,1.5008409656584263
GER-Bundesliga,2324,Werder Bremen,Senne Lynen,3,2023,123,11835,M S,32,1787,0,0.36161872185766697,0,0.36161872185766697,3,1.7365689352154732,12,15,6,0,6.228365509770811,5.270159992389381
GER-Bundesliga,2324,Werder Bremen,Skelly Alvero,3,2023,123,12013,M S,6,117,1,0.30277834087610245,1,0.30277834087610245,0,0.0,5,0,1,0,0.3741057217121124,0.2189652919769287
GER-Bundesliga,2324,Wolfsburg,Amin Sarr,3,2023,131,11350,F M S,14,350,0,0.4195053596049547,0,0.4195053596049547,0,0.12103432044386864,6,2,0,0,1.7570901960134506,1.4122108276933432
GER-Bundesliga,2324,Wolfsburg,Aster Vranckx,3,2023,131,9935,M S,24,1128,0,0.11103970371186733,0,0.11103970371186733,0,0.13750116154551506,4,4,6,0,2.3230541590601206,2.2155466321855783
GER-Bundesliga,2324,Wolfsburg,Bennit Bröger,3,2023,131,12629,S,1,7,0,0.0,0,0.0,0,0.0,0,0,0,0,0.0,0.0
GER-Bundesliga,2324,Wolfsburg,Bote Baku,3,2023,131,6708,D F M S,33,1989,1,2.036134872585535,1,2.036134872585535,0,3.3480421621352434,27,28,4,0,9.370258934795856,5.987109617330134
GER-Bundesliga,2324,Wolfsburg,Cédric Zesiger,3,2023,131,11850,D S,23,1608,0,0.9096127366647124,0,0.9096127366647124,0,0.047672614455223083,16,1,5,0,6.076035015285015,5.857762202620506
GER-Bundesliga,2324,Wolfsburg,Dzenan Pejcinovic,3,2023,131,11227,S,4,16,0,0.15929654240608215,0,0.15929654240608215,0,0.12159286811947823,2,2,1,0,0.2021501064300537,0.0
GER-Bundesliga,2324,Wolfsburg,Jakub Kaminski,3,2023,131,10732,D M S,17,441,0,1.1023705713450909,0,1.1023705713450909,2,1.5051188878715038,10,6,0,0,3.9393463917076588,1.414673537015915
GER-Bundesliga,2324,Wolfsburg,Joakim Maehle,3,2023,131,9233,D M S,30,2464,2,1.6975777419283986,2,1.6975777419283986,3,3.131878277286887,20,22,5,0,10.414472971111536,8.041769804432988
GER-Bundesliga,2324,Wolfsburg,Jonas Wind,3,2023,131,10394,F M S,34,2689,11,11.242378208320588,11,10.484601590316743,7,4.637466970831156,73,37,3,0,17.152671616524458,5.674650900065899
GER-Bundesliga,2324,Wolfsburg,Kevin Paredes,3,2023,131,10395,D F M S,28,1432,3,4.302366063930094,3,4.302366063930094,0,1.2557124756276608,19,17,4,0,10.85318410396576,5.547144521027803
GER-Bundesliga,2324,Wolfsburg,Kilian Fischer,3,2023,131,11031,D S,6,290,0,0.1642550639808178,0,0.1642550639808178,0,0.09846998751163483,4,2,1,0,0.9314673393964767,0.7275718450546265
GER-Bundesliga,2324,Wolfsburg,Koen Casteels,3,2023,131,159,GK,25,2250,0,0.0,0,0.0,0,0.20631130039691925,0,1,2,0,3.945238273590803,3.945238273590803
GER-Bundesliga,2324,Wolfsburg,Kofi Amoako,3,2023,131,12232,S,2,2,0,0.0,0,0.0,0,0.0,0,0,0,0,0.0,0.0
GER-Bundesliga,2324,Wolfsburg,Lovro Majer,3,2023,131,9931,F M S,32,2177,5,6.302813100628555,3,4.787259700708091,5,4.539229284971952,37,39,5,0,13.405724236741662,7.745161081664264
GER-Bundesliga,2324,Wolfsburg,Lukas Nmecha,3,2023,131,6544,S,3,23,1,0.1309233158826828,1,0.1309233158826828,0,0.020786482840776443,1,1,0,0,0.04156995005905628,0.02078346721827984
GER-Bundesliga,2324,Wolfsburg,Mattias Svanberg,3,2023,131,6974,M S,25,1764,1,2.8561502965167165,1,2.8561502965167165,3,2.8289300594478846,42,26,8,0,8.328636918216944,4.603605476208031
GER-Bundesliga,2324,Wolfsburg,Maxence Lacroix,3,2023,131,8853,D S,28,2365,4,1.0067627653479576,4,1.0067627653479576,1,0.6478007826954126,12,8,3,3,6.921689668670297,6.5668864864856005
GER-Bundesliga,2324,Wolfsburg,Maximilian Arnold,3,2023,131,153,M S,30,2498,2,0.9359495984390378,2,0.9359495984390378,1,4.071343323215842,32,48,9,0,8.472179770469666,7.077213104814291
GER-Bundesliga,2324,Wolfsburg,Moritz Jenz,3,2023,131,9943,D S,22,1775,0,0.4702929202467203,0,0.4702929202467203,1,0.5674292035400867,7,4,5,1,6.539135681465268,6.472229378297925
GER-Bundesliga,2324,Wolfsburg,Nicolas Cozza,3,2023,131,6007,D S,6,277,0,0.01703888736665249,0,0.01703888736665249,0,0.0865112952888012,1,2,1,0,1.4602019041776657,1.3930189684033394
GER-Bundesliga,2324,Wolfsburg,Patrick Wimmer,3,2023,131,9730,F M S,14,604,2,1.8107301387935877,2,1.8107301387935877,0,0.1002170778810978,10,4,3,1,2.133570494130254,1.1864213608205318
GER-Bundesliga,2324,Wolfsburg,Pavao Pervan,3,2023,131,7053,GK,9,810,0,0.0,0,0.0,0,0.0,0,0,1,0,0.635935939848423,0.635935939848423
GER-Bundesliga,2324,Wolfsburg,Rogerio,3,2023,131,6312,D S,13,914,1,0.4504390489310026,1,0.4504390489310026,0,0.428591949865222,4,6,0,0,4.382092306390405,3.6055959966033697
GER-Bundesliga,2324,Wolfsburg,Sebastiaan Bornauw,3,2023,131,7791,D S,20,1438,0,0.6899171620607376,0,0.6899171620607376,0,0.24960993230342865,10,3,5,0,2.4041094928979874,2.1939023174345493
GER-Bundesliga,2324,Wolfsburg,Tiago Tomás,3,2023,131,10367,F M S,26,1007,1,2.9286348149180412,1,2.9286348149180412,1,0.9851035736501217,27,9,3,0,5.174130156636238,1.692886235192418
GER-Bundesliga,2324,Wolfsburg,Václav Cerny,3,2023,131,11851,F M S,22,937,4,2.5093976221978664,4,2.5093976221978664,0,0.9179883785545826,20,14,2,0,6.9196061212569475,4.175301656126976
GER-Bundesliga,2324,Wolfsburg,Yannick Gerhardt,3,2023,131,140,D M S,25,1618,2,1.8372199106961489,2,1.8372199106961489,1,1.2328636664897203,19,14,5,0,6.460884919390082,4.579356890171766
GER-Bundesliga,2425,Augsburg,Alexis Claude Maurice,3,2024,121,5752,F M S,28,2160,9,4.652821511030197,9,4.652821511030197,2,1.2668815301731229,59,21,4,0,11.06004698574543,5.729791997931898
GER-Bundesliga,2425,Augsburg,Arne Engels,3,2024,121,11323,M,1,82,0,0.6035945415496826,0,0.6035945415496826,0,0.0,3,0,1,0,0.47612714767456055,0.0
GER-Bundesliga,2425,Augsburg,Arne Maier,3,2024,121,5298,M S,28,894,0,1.1610290613025427,0,1.1610290613025427,0,1.7768127704039216,18,22,0,1,3.862046368420124,2.7504778215661645
GER-Bundesliga,2425,Augsburg,Chrislain Matsima,3,2024,121,8643,D S,30,2554,1,2.015692732296884,1,2.015692732296884,1,0.4893283359706402,14,5,4,0,6.323857476934791,5.048382254317403
GER-Bundesliga,2425,Augsburg,Cédric Zesiger,3,2024,121,11850,D S,22,1769,0,1.1112994104623795,0,1.1112994104623795,2,1.6025062557309866,12,8,9,1,4.5354819148778915,3.294549886137247
GER-Bundesliga,2425,Augsburg,Dimitris Giannoulis,3,2024,121,9745,D M,31,2664,1,1.8126734774559736,1,1.8126734774559736,4,5.503238350152969,13,43,8,0,11.601892653852701,6.999567776918411
GER-Bundesliga,2425,Augsburg,Elvis Rexhbecaj,3,2024,121,6445,M S,27,1807,1,1.5866161594167352,1,1.5866161594167352,1,1.1454962734133005,29,16,8,0,6.0185795752331614,4.521676512435079
GER-Bundesliga,2425,Augsburg,Finn Dahmen,3,2024,121,6596,GK,19,1710,0,0.0,0,0.0,0,0.0,0,0,0,0,2.074063473381102,2.074063473381102
GER-Bundesliga,2425,Augsburg,Frank Onyeka,3,2024,121,9681,M S,31,2627,0,1.68868612870574,0,1.68868612870574,1,1.5073444563895464,24,19,8,0,8.303025526925921,5.712598657235503
GER-Bundesliga,2425,Augsburg,Fredrik Jensen,3,2024,121,7197,M S,20,753,0,0.8585721682757139,0,0.8585721682757139,0,0.7730063246563077,11,11,0,0,1.7357341358438134,0.3646342735737562
GER-Bundesliga,2425,Augsburg,Henri Koudossou,3,2024,121,13040,D S,21,710,0,0.07678797096014023,0,0.07678797096014023,0,0.9423977639526129,2,10,1,0,4.205359624698758,3.759394759312272
GER-Bundesliga,2425,Augsburg,Jeffrey Gouweleeuw,3,2024,121,2665,D,33,2950,1,1.7506763683632016,1,0.9928996907547116,4,2.641270950436592,18,13,9,0,7.547286327928305,6.413223074749112
GER-Bundesliga,2425,Augsburg,Keven Schlotterbeck,3,2024,121,7401,D S,18,1290,3,1.0583716183900833,3,1.0583716183900833,1,0.6174594163894653,12,7,2,1,3.063976694829762,2.3811785923317075
GER-Bundesliga,2425,Augsburg,Kristijan Jakic,3,2024,121,9986,M S,31,2314,0,0.7476364653557539,0,0.7476364653557539,1,1.5535834319889545,18,17,2,0,9.371627107262611,7.937230862677097
GER-Bundesliga,2425,Augsburg,Mads Pedersen,3,2024,121,7809,D S,7,230,0,0.09810471534729004,0,0.09810471534729004,0,0.0,2,0,0,0,0.39616288617253304,0.39616288617253304
GER-Bundesliga,2425,Augsburg,Marius Wolf,3,2024,121,2693,D M S,32,2201,1,0.7761038243770599,1,0.7761038243770599,3,3.1656010914593935,12,44,2,0,5.200451772660017,3.870687685906887
GER-Bundesliga,2425,Augsburg,Maximilian Bauer,3,2024,121,9716,D S,11,647,0,0.09909447282552719,0,0.09909447282552719,0,0.24852456338703632,1,2,1,0,1.1603566110134125,0.9118320643901825
GER-Bundesliga,2425,Augsburg,Mert Kömür,3,2024,121,11604,M S,20,624,2,1.2769564669579268,2,1.2769564669579268,1,1.6666105622425675,13,13,1,0,1.704361530020833,0.2651289878413081
GER-Bundesliga,2425,Augsburg,Mërgim Berisha,3,2024,121,11092,F S,13,353,1,1.443163190037012,1,1.443163190037012,1,1.2332775294780731,14,3,2,0,2.69046850502491,0.6118183359503746
GER-Bundesliga,2425,Augsburg,Nediljko Labrovic,3,2024,121,12921,GK,15,1350,0,0.0,0,0.0,0,0.0,0,0,0,0,0.49036779068410397,0.49036779068410397
GER-Bundesliga,2425,Augsburg,Niklas Dorsch,3,2024,121,6411,M S,23,1408,2,1.0962662072852254,2,1.0962662072852254,2,1.131101816892624,9,13,5,1,3.0800743214786053,1.3530444698408246
GER-Bundesliga,2425,Augsburg,Noahkai Banks,3,2024,121,13149,D S,8,260,0,0.06781721115112305,0,0.06781721115112305,0,0.0,1,0,2,0,0.1468391716480255,0.1468391716480255
GER-Bundesliga,2425,Augsburg,Phillip Tietz,3,2024,121,11845,F S,34,1683,7,6.620653829537332,6,5.862877114675939,2,1.4810154465958476,51,21,4,0,7.860493987798691,1.4614172922447324
GER-Bundesliga,2425,Augsburg,Robert Gumny,3,2024,121,8803,D S,7,267,0,0.2829975262284279,0,0.2829975262284279,0,0.24569589644670486,4,3,2,0,0.6088505201041698,0.2985859364271164
GER-Bundesliga,2425,Augsburg,Ruben Vargas,3,2024,121,7810,M S,8,288,0,0.7717711664736271,0,0.7717711664736271,0,0.6732491254806519,9,6,3,0,1.226028148084879,0.3455165773630142
GER-Bundesliga,2425,Augsburg,Samuel Essende,3,2024,121,12922,F S,30,1668,7,5.770508166402578,7,5.770508166402578,2,1.7677066437900066,44,11,4,2,6.685472250916064,1.159614222124219
GER-Bundesliga,2425,Augsburg,Steve Mounie,3,2024,121,3800,M S,16,299,1,3.968957144767046,1,3.968957144767046,0,0.05550061911344528,21,2,2,0,4.0690610855817795,0.38268194533884525
GER-Bundesliga,2425,Augsburg,Tim Breithaupt,3,2024,121,11844,M,2,130,0,0.06809958070516586,0,0.06809958070516586,1,0.3743721544742584,1,1,0,0,0.44197985902428627,0.44197985902428627
GER-Bundesliga,2425,Augsburg,Yusuf Kabadayi,3,2024,121,12923,S,5,55,1,0.5747077241539955,1,0.5747077241539955,0,0.028457308188080788,4,1,0,0,0.7583714574575424,0.17681332677602768
GER-Bundesliga,2425,Bayer Leverkusen,Aleix García,3,2024,119,1055,M S,28,1438,3,0.8498970614746213,3,0.8498970614746213,4,5.045784663408995,15,32,3,0,6.266460470855236,4.544854115694761
GER-Bundesliga,2425,Bayer Leverkusen,Amine Adli,3,2024,119,8211,F M S,20,733,2,2.8095271214842796,2,2.8095271214842796,0,0.917626392096281,19,10,3,0,5.38531244546175,2.3757032565772533
GER-Bundesliga,2425,Bayer Leverkusen,Arthur,3,2024,119,11868,D M S,20,730,0,0.06802015751600266,0,0.06802015751600266,1,0.6907633915543556,1,2,1,0,3.2272907979786396,2.468507271260023
GER-Bundesliga,2425,Bayer Leverkusen,Edmond Tapsoba,3,2024,119,8317,D,29,2522,0,0.9512282647192478,0,0.9512282647192478,0,0.1556804906576872,21,4,4,0,9.332944409921765,8.933821065351367
GER-Bundesliga,2425,Bayer Leverkusen,Emiliano Buendía,3,2024,119,2203,M S,11,254,2,0.9033828303217888,2,0.9033828303217888,0,1.0546951219439507,7,6,0,0,2.058793142437935,0.9003096520900726
GER-Bundesliga,2425,Bayer Leverkusen,Exequiel Palacios,3,2024,119,8325,M S,24,1134,1,1.3166885189712048,1,1.3166885189712048,6,2.3877435363829136,13,28,2,0,7.4126503728330135,4.945953451097012
GER-Bundesliga,2425,Bayer Leverkusen,Florian Wirtz,3,2024,119,8397,F M S,31,2365,10,10.05364241823554,8,7.0225357711315155,12,8.316964589059353,78,56,3,0,20.83097556233406,10.964113848283887
GER-Bundesliga,2425,Bayer Leverkusen,Granit Xhaka,3,2024,119,204,M,33,2905,2,0.8061828929930925,2,0.8061828929930925,7,4.030918525531888,21,50,3,0,19.094832016155124,16.296785784885287
GER-Bundesliga,2425,Bayer Leverkusen,Jeanuël Belocian,3,2024,119,10300,D S,5,66,0,0.0,0,0.0,0,0.0,0,0,1,0,0.12477518245577812,0.12477518245577812
GER-Bundesliga,2425,Bayer Leverkusen,Jeremie Frimpong,3,2024,119,9328,D M S,33,2335,5,5.46559808216989,5,5.46559808216989,5,4.449963368475437,34,30,4,0,14.958293974399567,6.565218105912209
GER-Bundesliga,2425,Bayer Leverkusen,Jonas Hofmann,3,2024,119,320,M S,11,354,2,1.092762865126133,2,1.092762865126133,1,0.41216220520436764,9,7,1,0,2.569442719221115,1.2131220642477274
GER-Bundesliga,2425,Bayer Leverkusen,Jonathan Tah,3,2024,119,183,D,33,2970,3,1.1589150372892618,3,1.1589150372892618,0,0.2743085101246834,24,4,3,0,11.788002515211701,11.424661388620734
GER-Bundesliga,2425,Bayer Leverkusen,Lukas Hradecky,3,2024,119,281,GK,29,2610,0,0.0,0,0.0,0,0.0,0,0,1,0,3.997700033709407,3.997700033709407
GER-Bundesliga,2425,Bayer Leverkusen,Mario Hermoso,3,2024,119,6136,D S,4,288,0,0.2317601852118969,0,0.2317601852118969,0,0.08985650539398193,4,1,0,0,1.5697592496871948,1.4799027740955353
GER-Bundesliga,2425,Bayer Leverkusen,Martin Terrier,3,2024,119,5611,F M S,15,571,2,2.442089222371578,2,2.442089222371578,1,1.2627908363938332,16,8,1,0,4.382547497749329,1.9713745601475239
GER-Bundesliga,2425,Bayer Leverkusen,Matej Kovár,3,2024,119,11069,GK,5,450,0,0.0,0,0.0,0,0.0,0,0,0,0,0.20829983986914158,0.20829983986914158
GER-Bundesliga,2425,Bayer Leverkusen,Nathan Tella,3,2024,119,8456,D F M S,27,1385,2,3.3967102095484734,2,3.3967102095484734,4,1.3434475176036358,28,18,1,0,6.290043022483587,2.031696029007435
GER-Bundesliga,2425,Bayer Leverkusen,Nordi Mukiele,3,2024,119,5659,D S,15,889,1,1.454731559380889,1,1.454731559380889,0,1.2510683620348573,7,9,4,0,4.161717852577567,4.021595353260636
GER-Bundesliga,2425,Bayer Leverkusen,Patrik Schick,3,2024,119,1236,F M S,31,1675,21,13.808413846418262,20,13.050637168809772,0,0.8931068908423185,68,11,4,0,13.012595891952515,2.17465521954
GER-Bundesliga,2425,Bayer Leverkusen,Piero Hincapié,3,2024,119,9911,D S,32,2669,2,3.520486763678491,2,3.520486763678491,2,3.105824388563633,22,16,8,0,9.154974464327097,7.814650284126401
GER-Bundesliga,2425,Bayer Leverkusen,Robert Andrich,3,2024,119,7877,D M S,23,1616,2,1.740671368315816,2,1.740671368315816,1,0.49940404295921326,21,9,7,0,8.978159502148628,8.24872002005577
GER-Bundesliga,2425,Bayer Leverkusen,Victor Boniface,3,2024,119,11867,F M S,19,1031,8,9.102240042760968,8,8.344463424757123,1,1.1899061873555183,51,10,2,0,8.272871671244502,2.321392834186554
GER-Bundesliga,2425,Bayer Leverkusen,Álex Grimaldo,3,2024,119,11866,D M S,32,2659,2,3.139213948510587,2,3.139213948510587,7,8.451544346287847,44,74,4,1,13.696474827826023,8.669026328250766
GER-Bundesliga,2425,Bayern Munich,Adam Aznou,3,2024,117,12371,S,2,9,0,0.0,0,0.0,0,0.0,0,0,0,0,0.11406983435153961,0.11406983435153961
GER-Bundesliga,2425,Bayern Munich,Aleksandar Pavlovic,3,2024,117,11547,M S,21,1468,1,0.6988183669745922,1,0.6988183669745922,0,0.249738996848464,9,7,2,0,13.761382356286049,13.515540704131126
GER-Bundesliga,2425,Bayern Munich,Alphonso Davies,3,2024,117,7345,D S,19,1563,1,1.8767102975398302,1,1.8767102975398302,2,1.8741600718349218,17,27,0,0,14.86158774420619,11.854159470647573
GER-Bundesliga,2425,Bayern Munich,Arijon Ibrahimovic,3,2024,117,10248,S,1,1,0,0.0,0,0.0,0,0.0,0,0,0,0,0.0,0.0
GER-Bundesliga,2425,Bayern Munich,Daniel Peretz,3,2024,117,12042,GK,3,270,0,0.0,0,0.0,0,0.0,0,0,1,0,0.5095114558935165,0.5095114558935165
GER-Bundesliga,2425,Bayern Munich,Dayotchanculle Upamecano,3,2024,117,5243,D,20,1768,2,1.8763803392648697,2,1.8763803392648697,0,0.6674704235047102,13,7,6,0,14.85498770698905,14.567031513899565
GER-Bundesliga,2425,Bayern Munich,Eric Dier,3,2024,117,643,D S,21,1454,2,2.0591224059462547,2,2.0591224059462547,1,0.1550221797078848,9,3,1,0,13.936744444072247,13.856435477733612
GER-Bundesliga,2425,Bayern Munich,Gabriel Vidovic,3,2024,117,10558,S,5,22,0,0.2042607143521309,0,0.2042607143521309,0,0.0,2,0,0,0,0.2042607143521309,0.0
GER-Bundesliga,2425,Bayern Munich,Harry Kane,3,2024,117,647,F S,31,2400,26,24.83850298821926,17,18.018512774258852,9,5.889719098806381,114,36,5,0,30.19251061975956,8.705299209803343
GER-Bundesliga,2425,Bayern Munich,Hiroki Ito,3,2024,117,9715,D S,6,255,1,0.13665854930877686,1,0.13665854930877686,0,0.592143252491951,1,3,1,0,2.6330008897930384,2.040857682004571
GER-Bundesliga,2425,Bayern Munich,Jamal Musiala,3,2024,117,8418,M S,25,1822,12,11.052295371890068,12,11.052295371890068,2,5.645927414298058,68,41,3,0,23.51362369954586,10.554121501743793
GER-Bundesliga,2425,Bayern Munich,Jonah Kusi-Asare,3,2024,117,13262,S,1,1,0,0.07146720588207245,0,0.07146720588207245,0,0.0,1,0,0,0,0.0,0.0
GER-Bundesliga,2425,Bayern Munich,Jonas Urbig,3,2024,117,9861,GK,8,720,0,0.0,0,0.0,0,0.0,0,0,0,0,1.8254359066486359,1.8254359066486359
GER-Bundesliga,2425,Bayern Munich,Joshua Kimmich,3,2024,117,223,D M S,33,2843,3,2.185599143616855,3,2.185599143616855,7,11.342593856155872,34,84,4,0,31.528940960764885,27.68050304055214
GER-Bundesliga,2425,Bayern Munich,Josip Stanisic,3,2024,117,9458,D S,14,864,0,0.43467991054058075,0,0.43467991054058075,2,1.5586129985749722,2,14,0,0,7.743158828467131,6.437034394592047
GER-Bundesliga,2425,Bayern Munich,João Palhinha,3,2024,117,10715,M S,17,656,0,0.6284849727526307,0,0.6284849727526307,0,0.2982007209211588,10,5,2,1,5.8210117891430855,5.276558317244053
GER-Bundesliga,2425,Bayern Munich,Kim Min-Jae,3,2024,117,10986,D,27,2307,2,2.057914473116398,2,2.057914473116398,0,0.2642551548779011,7,6,2,0,18.283761721104383,18.164988350123167
GER-Bundesliga,2425,Bayern Munich,Kingsley Coman,3,2024,117,226,M S,28,1276,5,4.042191399261355,5,4.042191399261355,4,4.258397921919823,44,32,0,0,12.850466405972838,6.604279920458794
GER-Bundesliga,2425,Bayern Munich,Konrad Laimer,3,2024,117,6109,D S,29,1700,2,2.626265462487936,2,2.626265462487936,2,2.5402991846203804,18,20,8,0,17.9094100818038,14.8556854929775
GER-Bundesliga,2425,Bayern Munich,Leon Goretzka,3,2024,117,335,M S,26,1303,4,3.44148750603199,4,3.44148750603199,1,1.7927624322474003,32,12,2,0,14.095879878848791,11.131647668778896
GER-Bundesliga,2425,Bayern Munich,Leroy Sané,3,2024,117,337,M S,30,1638,11,10.864085894078016,11,10.864085894078016,5,6.123259458690882,67,37,2,0,21.53510593622923,8.566130949184299
GER-Bundesliga,2425,Bayern Munich,Manuel Neuer,3,2024,117,217,GK,22,1980,0,0.0,0,0.0,0,0.2637988328933716,0,1,0,0,9.986891658976674,9.723092826083302
GER-Bundesliga,2425,Bayern Munich,Mathys Tel,3,2024,117,9780,M S,8,246,0,0.8943723309785128,0,0.8943723309785128,1,0.5589722990989685,10,1,0,0,3.095596618950367,1.6422520205378532
GER-Bundesliga,2425,Bayern Munich,Michael Olise,3,2024,117,9948,M S,34,2370,12,10.028207782655954,12,10.028207782655954,15,14.287162024527788,86,89,3,0,31.13305725902319,15.147963047027588
GER-Bundesliga,2425,Bayern Munich,Raphael Guerreiro,3,2024,117,3455,D M S,23,1595,4,2.806145377457142,4,2.806145377457142,3,3.317242281511426,21,27,2,0,16.583484891802073,12.02986791357398
GER-Bundesliga,2425,Bayern Munich,Sacha Boey,3,2024,117,7511,D S,13,591,0,0.16072829812765121,0,0.16072829812765121,2,1.2694266606122255,3,3,1,0,4.779234483838081,4.618506237864494
GER-Bundesliga,2425,Bayern Munich,Serge Gnabry,3,2024,117,993,F M S,27,1216,7,8.36918669193983,7,7.611410014331341,5,5.2104566488415,49,24,0,0,17.931560218334198,8.162198606878519
GER-Bundesliga,2425,Bayern Munich,Sven Ulreich,3,2024,117,231,GK,1,90,0,0.0,0,0.0,0,0.0,0,0,0,0,0.16978943347930908,0.16978943347930908
GER-Bundesliga,2425,Bayern Munich,Thomas Müller,3,2024,117,224,F M S,30,1205,1,4.421979056671262,1,4.421979056671262,4,4.09389933757484,30,35,3,0,13.633560847491026,7.82218885794282
GER-Bundesliga,2425,Bochum,Aliou Balde,3,2024,268,12052,S,5,76,0,0.15311385691165924,0,0.15311385691165924,0,0.4295373000204563,4,2,1,0,0.5562718119472265,0.02786887250840664
GER-Bundesliga,2425,Bochum,Anthony Losilla,3,2024,268,9705,M S,20,1146,0,0.10233500227332115,0,0.10233500227332115,0,0.4794825538992882,5,7,1,0,3.181420609354973,2.7296648547053337
GER-Bundesliga,2425,Bochum,Bernardo,3,2024,268,5245,D S,20,1689,0,0.38165996968746185,0,0.38165996968746185,0,0.29681581258773804,6,4,5,0,2.9829296581447124,2.4946550503373146
GER-Bundesliga,2425,Bochum,Cristian Gamboa,3,2024,268,855,M S,12,198,1,0.3206220706924796,1,0.3206220706924796,0,0.23581510037183762,4,3,1,0,1.1285209581255913,0.5833059623837471
GER-Bundesliga,2425,Bochum,Dani de Wit,3,2024,268,13018,F M S,27,1131,2,2.9426726028323174,2,2.9426726028323174,1,0.4057057108730078,20,9,1,0,4.026078104972839,1.7941139079630375
GER-Bundesliga,2425,Bochum,Erhan Masovic,3,2024,268,9709,D M S,15,894,1,0.8710909560322762,1,0.8710909560322762,1,0.5909091420471668,7,3,2,0,2.060800328850746,1.9151384383440018
GER-Bundesliga,2425,Bochum,Felix Passlack,3,2024,268,2663,D M S,30,2286,1,1.1471417490392923,1,1.1471417490392923,5,3.757785826921463,22,24,4,0,7.7228672206401825,4.872329683974385
GER-Bundesliga,2425,Bochum,Gerrit Holtmann,3,2024,268,5270,D F M S,22,1075,2,1.6647159466519952,2,1.6647159466519952,1,2.6172101497650146,27,16,2,0,5.927908807992935,2.304628198966384
GER-Bundesliga,2425,Bochum,Giorgos Masouras,3,2024,268,13461,F S,13,986,2,4.799098733812571,2,4.799098733812571,0,1.1169241517782211,27,7,1,0,7.32676961645484,1.6001515593379736
GER-Bundesliga,2425,Bochum,Ibrahima Sissoko,3,2024,268,6904,M S,32,2639,2,1.427550146356225,2,1.427550146356225,1,1.5377441756427288,25,26,9,1,8.396646555513144,6.192057816311717
GER-Bundesliga,2425,Bochum,Ivan Ordets,3,2024,268,7632,D S,21,1786,0,0.5389353558421135,0,0.5389353558421135,0,0.3113795258104801,10,6,6,0,3.063186014071107,2.984922545030713
GER-Bundesliga,2425,Bochum,Jakov Medic,3,2024,268,12944,D S,23,1608,1,1.0344128273427486,1,1.0344128273427486,0,0.14140006713569164,13,3,2,0,1.4296539649367332,1.1018930319696665
GER-Bundesliga,2425,Bochum,Kacper Koscierski,3,2024,268,13633,S,1,3,0,0.0,0,0.0,0,0.0,0,0,0,0,0.0,0.0
GER-Bundesliga,2425,Bochum,Koji Miyoshi,3,2024,268,13065,F M S,15,458,1,1.0769440354779363,1,1.0769440354779363,0,0.5365228019654751,13,5,0,1,2.3123103911057115,0.798455186188221
GER-Bundesliga,2425,Bochum,Lukas Daschner,3,2024,268,11842,M S,14,393,1,3.0358031559735537,1,2.278026418760419,1,1.2736287526786327,9,6,0,0,4.164898052811623,1.2878952492028475
GER-Bundesliga,2425,Bochum,Mats Pannewig,3,2024,268,12945,M S,14,243,0,0.3752986444160342,0,0.3752986444160342,0,0.06837011873722076,9,1,1,0,0.8740467093884945,0.5063304528594017
GER-Bundesliga,2425,Bochum,Matús Bero,3,2024,268,11983,M S,29,2488,5,5.083340181037784,5,4.325563503429294,1,4.167451893910766,32,51,10,0,9.487992012873292,3.9209265150129795
GER-Bundesliga,2425,Bochum,Maximilian Wittek,3,2024,268,11841,D M S,32,2644,0,1.7229898367077112,0,1.7229898367077112,0,3.3077356219291687,41,44,7,0,8.908103629946709,5.794904746115208
GER-Bundesliga,2425,Bochum,Moritz Broschinski,3,2024,268,11336,F M S,32,1342,1,4.342191630974412,1,4.342191630974412,3,2.26239719055593,37,11,1,0,8.05997022241354,1.6537080090492964
GER-Bundesliga,2425,Bochum,Moritz-Broni Kwarteng,3,2024,268,12134,S,7,153,0,0.15521438419818878,0,0.15521438419818878,0,0.1843577641993761,6,4,1,0,1.2329154331237078,0.9355198871344328
GER-Bundesliga,2425,Bochum,Myron Boadu,3,2024,268,9612,F S,18,999,7,8.229468438774347,6,7.4716917015612125,1,1.6477082949131727,25,11,2,0,10.03551159799099,1.1547716669738293
GER-Bundesliga,2425,Bochum,Patrick Drewes,3,2024,268,4306,GK,20,1800,0,0.0,0,0.0,0,0.0,0,0,2,0,1.7322410512715578,1.7322410512715578
GER-Bundesliga,2425,Bochum,Philipp Hofmann,3,2024,268,10736,F M S,31,2257,3,4.961120470426977,3,4.961120470426977,3,4.690533764660358,52,27,4,0,10.245639266446233,3.2190974690020084
GER-Bundesliga,2425,Bochum,Samuel Bamba,3,2024,268,12266,S,5,17,0,0.3136723041534424,0,0.3136723041534424,0,0.017008600756525993,2,1,0,0,0.30902668833732605,0.032490313053131104
GER-Bundesliga,2425,Bochum,Tim Oermann,3,2024,268,10862,D S,28,2125,0,0.1584799885749817,0,0.1584799885749817,2,0.6627056673169136,9,7,0,0,4.387439666315913,3.7032927963882685
GER-Bundesliga,2425,Bochum,Timo Horn,3,2024,268,127,GK,13,1170,0,0.0,0,0.0,0,0.0,0,0,2,0,0.23654950968921185,0.23654950968921185
GER-Bundesliga,2425,Bochum,Tom Krauß,3,2024,268,8092,M S,13,1003,0,0.3642132692039013,0,0.3642132692039013,0,0.8930504964664578,11,12,2,0,3.5684762112796307,2.6481395289301872
GER-Bundesliga,2425,Borussia Dortmund,Alexander Meyer,3,2024,129,6290,GK,2,180,0,0.0,0,0.0,0,0.088520348072052,0,1,0,0,0.088520348072052,0.0
GER-Bundesliga,2425,Borussia Dortmund,Almugera Kabar,3,2024,129,13056,D S,5,125,0,0.0,0,0.0,0,0.6894889920949936,0,3,0,1,0.7676253989338875,0.12635113298892975
GER-Bundesliga,2425,Borussia Dortmund,Ayman Azhil,3,2024,129,8116,S,1,19,0,0.0,0,0.0,0,0.0,0,0,1,0,0.0,0.0
GER-Bundesliga,2425,Borussia Dortmund,Carney Chukwuemeka,3,2024,129,9356,M S,10,231,1,0.8316291533410549,1,0.8316291533410549,0,0.6901883706450462,8,7,1,0,4.0000030770897865,2.8219908848404884
GER-Bundesliga,2425,Borussia Dortmund,Cole Campbell,3,2024,129,13131,S,4,16,0,0.0,0,0.0,0,0.0,0,0,0,0,0.07990390807390213,0.07990390807390213
GER-Bundesliga,2425,Borussia Dortmund,Daniel Svensson,3,2024,129,13424,D M S,12,778,1,0.7713542226701975,1,0.7713542226701975,3,1.2988047134131193,6,10,0,0,4.125608330592513,2.8866437766700983
GER-Bundesliga,2425,Borussia Dortmund,Donyell Malen,3,2024,129,9749,D M S,14,602,3,3.2217883467674255,3,3.2217883467674255,0,0.3619210720062256,19,1,1,0,5.1158352345228195,2.273415695875883
GER-Bundesliga,2425,Borussia Dortmund,Emre Can,3,2024,129,604,D M S,31,2084,3,1.8707446567714214,1,0.35519126430153847,0,0.5918053798377514,9,8,4,1,12.573094312101603,12.101288814097643
GER-Bundesliga,2425,Borussia Dortmund,Felix Nmecha,3,2024,129,9202,M S,26,1519,4,1.0889532221481204,4,1.0889532221481204,1,1.5874149296432734,18,14,3,0,8.52881558611989,7.4840392135083675
GER-Bundesliga,2425,Borussia Dortmund,Giovanni Reyna,3,2024,129,8191,M S,16,321,2,0.1583574116230011,2,0.1583574116230011,0,0.4603080227971077,3,2,3,0,1.2083663679659367,0.6903843618929386
GER-Bundesliga,2425,Borussia Dortmund,Gregor Kobel,3,2024,129,5288,GK,32,2880,0,0.0,0,0.0,0,0.01594773679971695,0,1,1,0,5.608352277427912,5.592404540628195
GER-Bundesliga,2425,Borussia Dortmund,Jamie Bynoe-Gittens,3,2024,129,10542,F M S,32,1803,8,4.5964207872748375,8,4.5964207872748375,3,3.4763143323361874,52,21,4,0,12.025190606713295,5.523857708089054
GER-Bundesliga,2425,Borussia Dortmund,Julian Brandt,3,2024,129,261,M S,30,2354,5,4.579855159856379,5,4.579855159856379,10,9.031145641580224,44,61,1,0,23.14715365692973,13.3252425622195
GER-Bundesliga,2425,Borussia Dortmund,Julian Ryerson,3,2024,129,7997,D M S,29,2301,2,0.8117543049156666,2,0.8117543049156666,3,5.152861568145454,18,35,4,1,13.50790622830391,11.14336271584034
GER-Bundesliga,2425,Borussia Dortmund,Julien Duranville,3,2024,129,11585,M S,12,259,0,0.4180309381335974,0,0.4180309381335974,0,0.6575317978858948,5,1,3,0,1.1650417689234018,0.08947904035449028
GER-Bundesliga,2425,Borussia Dortmund,Karim Adeyemi,3,2024,129,10772,F M S,25,1462,7,5.742135550826788,7,5.742135550826788,6,7.36732954531908,46,29,4,0,15.46747213602066,3.5720093846321106
GER-Bundesliga,2425,Borussia Dortmund,Kjell-Arik Wätjen,3,2024,129,12399,S,2,13,0,0.0,0,0.0,0,0.0,0,0,0,0,0.0,0.0
GER-Bundesliga,2425,Borussia Dortmund,Marcel Sabitzer,3,2024,129,5248,M S,26,1615,1,2.2293640561401844,1,2.2293640561401844,0,1.5033905114978552,21,11,3,0,11.464248105883598,8.460188139230013
GER-Bundesliga,2425,Borussia Dortmund,Maximilian Beier,3,2024,129,8137,F M S,29,1578,8,9.488328475505114,8,9.488328475505114,5,3.210040792822838,42,25,2,0,14.034051459282637,4.297043411061168
GER-Bundesliga,2425,Borussia Dortmund,Nico Schlotterbeck,3,2024,129,7485,D,23,1984,0,1.8403304610401392,0,1.8403304610401392,4,1.8254380747675896,16,18,5,2,12.779482241719961,11.889226108789444
GER-Bundesliga,2425,Borussia Dortmund,Niklas Süle,3,2024,129,75,D S,15,1071,0,0.4490190055221319,0,0.4490190055221319,0,0.07483489625155926,9,3,1,0,5.4073261972516775,5.169980091974139
GER-Bundesliga,2425,Borussia Dortmund,Pascal Groß,3,2024,129,239,D M S,30,2364,0,3.2006931081414223,0,3.2006931081414223,9,6.288426307961345,27,54,5,1,19.634757071733475,13.901075672358274
GER-Bundesliga,2425,Borussia Dortmund,Ramy Bensebaini,3,2024,129,3349,D M S,31,2030,1,1.4501842698082328,1,1.4501842698082328,6,3.9507005363702774,20,15,6,0,15.718302631750703,12.625852104276419
GER-Bundesliga,2425,Borussia Dortmund,Salih Özcan,3,2024,129,5294,M S,22,697,0,0.28368512401357293,0,0.28368512401357293,0,0.9563110340386629,6,10,0,0,3.969199223909527,3.699394006282091
GER-Bundesliga,2425,Borussia Dortmund,Serhou Guirassy,3,2024,129,3738,F S,30,2608,21,24.67502747476101,18,21.64392078667879,2,3.927161391824484,89,25,4,0,28.84895157814026,5.983426092192531
GER-Bundesliga,2425,Borussia Dortmund,Waldemar Anton,3,2024,129,106,D S,26,1940,2,1.876587314531207,2,1.876587314531207,2,1.1188903953880072,19,6,4,0,10.76238065958023,9.613812036812305
GER-Bundesliga,2425,Borussia Dortmund,Yan Couto,3,2024,129,10946,D M S,21,870,0,0.25090712774544954,0,0.25090712774544954,0,0.9542748928070068,6,12,5,0,3.7915008142590523,2.99819378182292
GER-Bundesliga,2425,Borussia Dortmund,Yannik Lührs,3,2024,129,13143,D S,3,121,0,0.0,0,0.0,0,0.02696329914033413,0,1,0,0,0.11333850771188736,0.11333850771188736
GER-Bundesliga,2425,Borussia M.Gladbach,Alassane Pléa,3,2024,130,3310,F M S,30,1930,11,6.866865694522858,10,6.10908904671669,4,3.2658191584050655,42,25,3,0,13.179648963734508,6.668403459712863
GER-Bundesliga,2425,Borussia M.Gladbach,Fabio Chiarodia,3,2024,130,11073,D S,16,364,1,0.4547141566872597,1,0.4547141566872597,0,0.37112969160079956,4,1,0,0,1.9859834536910057,1.6148537620902061
GER-Bundesliga,2425,Borussia M.Gladbach,Florian Neuhaus,3,2024,130,7065,M S,18,335,0,0.5376568976789713,0,0.5376568976789713,1,0.6716734915971756,9,6,1,0,2.2969058882445097,1.6781606432050467
GER-Bundesliga,2425,Borussia M.Gladbach,Franck Honorat,3,2024,130,3314,F M S,19,1478,4,4.034103916957974,4,4.034103916957974,7,6.732902622781694,31,49,0,0,10.926564017310739,2.558129455894232
GER-Bundesliga,2425,Borussia M.Gladbach,Grant-Leon Ranos,3,2024,130,11847,S,2,15,0,0.0,0,0.0,0,0.0,0,0,1,0,0.0,0.0
GER-Bundesliga,2425,Borussia M.Gladbach,Joe Scally,3,2024,130,9674,D S,32,2605,0,0.26536615565419197,0,0.26536615565419197,0,1.484907627105713,6,11,6,0,10.68981758505106,9.582948433235288
GER-Bundesliga,2425,Borussia M.Gladbach,Jonas Omlin,3,2024,130,8678,GK S,12,982,0,0.0,0,0.0,0,0.0,0,0,0,1,2.2486139982938766,2.2486139982938766
GER-Bundesliga,2425,Borussia M.Gladbach,Julian Weigl,3,2024,130,372,M,33,2908,0,0.6710613574832678,0,0.6710613574832678,2,1.152547612786293,19,12,8,0,11.702455198392272,10.190631384029984
GER-Bundesliga,2425,Borussia M.Gladbach,Kevin Stöger,3,2024,130,7058,M S,31,1531,3,4.505672687664628,1,2.990119319409132,3,5.05398212838918,26,52,3,0,11.945396466180682,6.950540175661445
GER-Bundesliga,2425,Borussia M.Gladbach,Ko Itakura,3,2024,130,10727,D,31,2790,3,1.6429097075015306,3,1.6429097075015306,0,1.09031742811203,21,7,5,0,9.607988333329558,8.800086556002498
GER-Bundesliga,2425,Borussia M.Gladbach,Luca Netz,3,2024,130,8401,D S,24,928,0,0.19083674438297749,0,0.19083674438297749,2,1.3906789356842637,3,16,2,0,4.518790255300701,3.879877556115389
GER-Bundesliga,2425,Borussia M.Gladbach,Lukas Ullrich,3,2024,130,11991,D S,26,1949,1,1.2157446863129735,1,1.2157446863129735,2,1.7085003964602947,8,8,4,0,5.3729419857263565,4.036795541644096
GER-Bundesliga,2425,Borussia M.Gladbach,Marvin Friedrich,3,2024,130,370,D S,22,951,0,0.6226540505886078,0,0.6226540505886078,1,0.9996218532323837,7,3,0,0,1.5706435833126307,1.5375030878931284
GER-Bundesliga,2425,Borussia M.Gladbach,Moritz Nicolas,3,2024,130,6321,GK,19,1639,0,0.0,0,0.0,0,0.0,0,0,0,0,3.522726606577635,3.522726606577635
GER-Bundesliga,2425,Borussia M.Gladbach,Nathan N'Goumou Minpol,3,2024,130,7612,M S,19,841,2,2.5623942613601685,2,2.5623942613601685,1,1.1307573225349188,24,6,0,0,4.51104448735714,1.171338889747858
GER-Bundesliga,2425,Borussia M.Gladbach,Nico Elvedi,3,2024,130,212,D,25,2141,1,1.8375461101531982,1,1.8375461101531982,1,0.23737820982933044,12,4,1,0,6.504913438111544,6.397165346890688
GER-Bundesliga,2425,Borussia M.Gladbach,Noah Pesch,3,2024,130,13275,S,1,2,0,0.0,0,0.0,0,0.0,0,0,0,0,0.0,0.0
GER-Bundesliga,2425,Borussia M.Gladbach,Philipp Sander,3,2024,130,12915,M S,27,1397,1,1.2556910952553153,1,1.2556910952553153,0,0.7185362754389644,18,13,2,0,7.633903082460165,6.519067211076617
GER-Bundesliga,2425,Borussia M.Gladbach,Robin Hack,3,2024,130,6351,F M S,33,2227,4,4.968895967118442,4,4.968895967118442,7,4.546078447252512,58,32,4,0,12.376857583411038,5.271136090159416
GER-Bundesliga,2425,Borussia M.Gladbach,Rocco Reitz,3,2024,130,8826,M S,27,1865,2,1.9598521701991558,2,1.9598521701991558,1,2.19960018992424,23,16,1,0,9.072347270324826,6.828269526362419
GER-Bundesliga,2425,Borussia M.Gladbach,Shio Fukuda,3,2024,130,12373,S,6,41,1,0.30868973582983017,1,0.30868973582983017,0,0.0,3,0,0,0,0.36986028403043747,0.0611705482006073
GER-Bundesliga,2425,Borussia M.Gladbach,Stefan Lainer,3,2024,130,7831,D S,21,720,1,0.5535152684897184,1,0.5535152684897184,0,0.7025620490312576,4,9,2,0,2.882321199402213,1.7727866303175688
GER-Bundesliga,2425,Borussia M.Gladbach,Tiago Pereira Cardoso,3,2024,130,13497,GK S,5,376,0,0.0,0,0.0,0,0.0,0,0,0,0,0.24789723753929138,0.24789723753929138
GER-Bundesliga,2425,Borussia M.Gladbach,Tim Kleindienst,3,2024,130,6142,F,31,2756,16,15.641376122832298,15,14.125822767615318,7,6.164368532598019,75,28,3,1,22.16408023238182,5.898254873231053
GER-Bundesliga,2425,Borussia M.Gladbach,Tobias Sippel,3,2024,130,214,S,1,59,0,0.0,0,0.0,0,0.0,0,0,0,0,0.0,0.0
GER-Bundesliga,2425,Borussia M.Gladbach,Tomás Cvancara,3,2024,130,11846,F M S,28,787,2,4.3622918501496315,2,4.3622918501496315,0,0.7786419615149498,24,6,3,1,5.480261135846376,1.0503884851932526
GER-Bundesliga,2425,Eintracht Frankfurt,Ansgar Knauff,3,2024,132,8989,D F M S,30,1623,4,5.238380121067166,4,5.238380121067166,5,5.401509422808886,30,26,3,0,14.122421637177467,4.3508377857506275
GER-Bundesliga,2425,Eintracht Frankfurt,Arthur Theate,3,2024,132,9999,D,31,2722,0,2.468275908380747,0,2.468275908380747,0,0.9711692165583372,36,14,4,1,13.12523146159947,11.563672157004476
GER-Bundesliga,2425,Eintracht Frankfurt,Aurèle Amenda,3,2024,132,12955,D S,8,72,0,0.05261797457933426,0,0.05261797457933426,0,0.48182034492492676,1,1,1,0,0.9811453819274902,0.9811453819274902
GER-Bundesliga,2425,Eintracht Frankfurt,Can Uzun,3,2024,132,12954,M S,20,637,4,3.4531076848506927,4,3.4531076848506927,1,0.9417958408594131,27,14,1,0,5.415256071835756,2.2100669629871845
GER-Bundesliga,2425,Eintracht Frankfurt,Ellyes Skhiri,3,2024,132,3347,M S,30,2245,1,1.5609660241752863,1,1.5609660241752863,1,1.9805882032960653,13,21,6,0,15.424042753875256,14.274346426129341
GER-Bundesliga,2425,Eintracht Frankfurt,Eric Junior Dina Ebimbe,3,2024,132,7562,M S,7,298,0,0.8198971599340439,0,0.8198971599340439,1,1.007884681224823,8,2,0,0,1.8984323032200336,0.6959547400474548
GER-Bundesliga,2425,Eintracht Frankfurt,Farès Chaïbi,3,2024,132,10792,D M S,26,993,1,3.0225418135523796,1,3.0225418135523796,3,2.600599684752524,25,24,2,0,10.668474096804857,6.37330824136734
GER-Bundesliga,2425,Eintracht Frankfurt,Hugo Ekitike,3,2024,132,8995,F M S,33,2623,15,23.090678934007883,14,20.81734884157777,8,7.497596137225628,117,43,1,0,32.08109536021948,6.5742603074759245
GER-Bundesliga,2425,Eintracht Frankfurt,Hugo Larsson,3,2024,132,11911,M S,33,2419,3,3.0575626865029335,3,3.0575626865029335,1,1.6888380870223045,21,20,2,0,15.637109268456697,12.020821401849389
GER-Bundesliga,2425,Eintracht Frankfurt,Igor Matanovic,3,2024,132,12953,F S,16,275,1,0.807957723736763,1,0.807957723736763,0,0.04435472562909126,11,1,0,0,2.077039336785674,1.5361630078405142
GER-Bundesliga,2425,Eintracht Frankfurt,Jean Négoce,3,2024,132,10830,M S,24,921,2,1.7831654343754053,2,1.7831654343754053,3,2.161955703049898,10,17,3,0,6.341303326189518,3.456062637269497
GER-Bundesliga,2425,Eintracht Frankfurt,Kauã Santos,3,2024,132,12075,GK S,9,762,0,0.0,0,0.0,0,0.048483990132808685,0,1,0,0,1.4686700832098722,1.420186085626483
GER-Bundesliga,2425,Eintracht Frankfurt,Kevin Trapp,3,2024,132,3286,GK,26,2298,0,0.0,0,0.0,0,0.0,0,0,1,0,2.52313500829041,2.52313500829041
GER-Bundesliga,2425,Eintracht Frankfurt,Mahmoud Dahoud,3,2024,132,205,M S,9,353,1,0.7417247332632542,1,0.7417247332632542,1,0.7501890975981951,7,8,2,0,3.2389635890722275,2.9234367683529854
GER-Bundesliga,2425,Eintracht Frankfurt,Mario Götze,3,2024,132,422,F M S,24,1564,3,2.9721628725528717,3,2.9721628725528717,2,3.8528485130518675,8,35,1,0,12.429652636870742,7.4727232456207275
GER-Bundesliga,2425,Eintracht Frankfurt,Michy Batshuayi,3,2024,132,1678,F S,10,288,3,1.3108754754066467,3,1.3108754754066467,0,0.03600633889436722,5,1,2,0,1.6587602272629738,0.31187840551137924
GER-Bundesliga,2425,Eintracht Frankfurt,Nathaniel Brown,3,2024,132,13122,D M S,26,1964,3,2.4949194453656673,3,2.4949194453656673,6,6.540987821295857,13,39,2,0,11.759051386266947,6.8294026125222445
GER-Bundesliga,2425,Eintracht Frankfurt,Niels Nkounkou,3,2024,132,8109,D M S,12,371,0,0.4677810948342085,0,0.4677810948342085,0,1.2774152494966984,4,9,1,0,2.973861999809742,1.4079697281122208
GER-Bundesliga,2425,Eintracht Frankfurt,Nnamdi Collins,3,2024,132,12430,D S,24,1483,1,1.0886547267436981,1,1.0886547267436981,1,0.9670564010739326,5,2,4,0,6.908555801957846,6.2402013428509235
GER-Bundesliga,2425,Eintracht Frankfurt,Omar Marmoush,3,2024,132,8393,F M,17,1471,15,10.454029858112335,13,8.938476577401161,9,6.4370531141757965,77,33,2,0,15.567543163895607,4.923579152673483
GER-Bundesliga,2425,Eintracht Frankfurt,Oscar Højlund,3,2024,132,12952,M S,20,696,1,1.0715759545564651,1,1.0715759545564651,0,0.9632676243782043,6,6,0,0,4.587974041700363,2.675981115549803
GER-Bundesliga,2425,Eintracht Frankfurt,Rasmus Kristensen,3,2024,132,10750,D M S,30,2520,5,3.010503049939871,5,3.010503049939871,3,4.46722864639014,24,20,4,0,16.33640332520008,11.128150700591505
GER-Bundesliga,2425,Eintracht Frankfurt,Robin Koch,3,2024,132,6273,D,30,2595,3,2.037737676873803,3,2.037737676873803,0,0.2323272405192256,17,8,3,0,12.173947259783745,11.469248436391354
GER-Bundesliga,2425,Eintracht Frankfurt,Sepe Elye Wahi,3,2024,132,9182,F S,8,175,0,1.2418805435299873,0,1.2418805435299873,0,0.10218925774097443,9,1,1,0,1.3440698012709618,0.0
GER-Bundesliga,2425,Eintracht Frankfurt,Timothy Chandler,3,2024,132,359,S,3,15,0,0.0,0,0.0,0,0.0,0,0,0,0,0.0,0.0
GER-Bundesliga,2425,Eintracht Frankfurt,Tuta,3,2024,132,7524,D M S,30,2281,2,1.8485541008412838,2,1.8485541008412838,1,0.4717372804880142,12,5,8,0,9.006036313250661,8.54725087992847
GER-Bundesliga,2425,FC Heidenheim,Adrian Beck,3,2024,280,11855,F M S,32,1602,4,4.206237935461104,4,4.206237935461104,1,1.8471641726791859,39,20,1,0,8.869435641914606,4.554916037246585
GER-Bundesliga,2425,FC Heidenheim,Benedikt Gimber,3,2024,280,11864,D M,32,2697,0,0.7796229459345341,0,0.7796229459345341,0,0.506980687379837,13,3,9,0,2.0051460545510054,1.754845978692174
GER-Bundesliga,2425,FC Heidenheim,Budu Zivzivadze,3,2024,280,13323,F S,15,947,2,1.8620241470634937,2,1.8620241470634937,2,2.291006725281477,22,13,0,0,4.867508262395859,1.6242151632905006
GER-Bundesliga,2425,FC Heidenheim,Denis Thomalla,3,2024,280,11858,S,1,1,0,0.0,0,0.0,0,0.0,0,0,0,0,0.0,0.0
GER-Bundesliga,2425,FC Heidenheim,Frank Feller,3,2024,280,12494,GK S,2,116,0,0.0,0,0.0,0,0.0,0,0,0,0,1.0266588926315308,1.0266588926315308
GER-Bundesliga,2425,FC Heidenheim,Frans Krätzig,3,2024,280,11838,D M S,17,1306,1,1.0113870231434703,1,1.0113870231434703,2,1.6893468517810106,9,26,1,0,3.21835320815444,1.7027722410857677
GER-Bundesliga,2425,FC Heidenheim,Jan Schöppner,3,2024,280,11865,M S,33,2700,4,3.9482625760138035,4,3.9482625760138035,3,2.9500198028981686,40,24,8,0,8.154726142063737,4.036705597303808
GER-Bundesliga,2425,FC Heidenheim,Jonas Föhrenbach,3,2024,280,5347,D M S,27,1826,0,0.3573669847100973,0,0.3573669847100973,1,0.7717274213209748,8,14,3,0,2.742827208712697,1.9260040409862995
GER-Bundesliga,2425,FC Heidenheim,Julian Niehues,3,2024,280,13429,S,8,135,0,0.14953596144914627,0,0.14953596144914627,0,0.12566589936614037,2,3,0,0,1.3167504519224167,1.109605260193348
GER-Bundesliga,2425,FC Heidenheim,Kevin Müller,3,2024,280,11852,GK,33,2944,0,0.0,0,0.0,0,0.0,0,0,0,0,3.0277598537504673,3.0277598537504673
GER-Bundesliga,2425,FC Heidenheim,Lennard Maloney,3,2024,280,10071,D M S,16,793,0,0.1993563435971737,0,0.1993563435971737,0,0.015238136053085327,3,1,2,0,0.8527121841907501,0.8527121841907501
GER-Bundesliga,2425,FC Heidenheim,Luca Kerber,3,2024,280,12987,M S,23,757,2,1.1627484848722816,2,1.1627484848722816,0,0.8404353633522987,7,6,4,0,2.5061813443899155,0.9628312960267067
GER-Bundesliga,2425,FC Heidenheim,Léo Scienza,3,2024,280,12986,F M S,25,1154,3,2.2589838448911905,3,2.2589838448911905,3,4.22474249266088,38,34,1,0,6.065171904861927,1.7292647268623114
GER-Bundesliga,2425,FC Heidenheim,Marnon Busch,3,2024,280,4312,D M S,23,1402,0,0.3568432293832302,0,0.3568432293832302,1,0.9347950499504805,13,11,1,0,4.377666752785444,3.589123450219631
GER-Bundesliga,2425,FC Heidenheim,Marvin Pieringer,3,2024,280,11856,F M S,31,2253,7,9.497590685263276,4,7.224260637536645,4,5.089528257027268,60,31,7,0,11.624920902773738,2.838040864095092
GER-Bundesliga,2425,FC Heidenheim,Mathias Honsak,3,2024,280,11917,D F M S,22,1164,5,2.7486824057996273,5,2.7486824057996273,1,1.1526490207761526,29,13,1,0,3.7166399881243706,1.514211192727089
GER-Bundesliga,2425,FC Heidenheim,Maximilian Breunig,3,2024,280,11849,F S,13,322,2,3.002769211307168,1,2.244992533698678,0,0.19147026352584362,11,4,0,0,2.7358604464679956,0.3419247008860111
GER-Bundesliga,2425,FC Heidenheim,Mikkel Kaufmann,3,2024,280,12053,F M S,9,357,0,0.4809715747833252,0,0.4809715747833252,0,0.16651910543441772,3,3,2,0,1.2181981354951859,0.5707074543461204
GER-Bundesliga,2425,FC Heidenheim,Norman Theuerkauf,3,2024,280,11862,S,1,19,0,0.03786660358309746,0,0.03786660358309746,0,0.0,1,0,0,0,0.0,0.0
GER-Bundesliga,2425,FC Heidenheim,Omar Traoré,3,2024,280,11859,D M,30,2630,0,0.4463740745559335,0,0.4463740745559335,1,1.649691142141819,16,21,7,0,4.690981866791844,3.648763807490468
GER-Bundesliga,2425,FC Heidenheim,Patrick Mainka,3,2024,280,11853,D,34,3060,1,2.315811117179692,1,2.315811117179692,0,0.6790747931227088,25,7,3,0,4.503965882584453,4.334571026265621
GER-Bundesliga,2425,FC Heidenheim,Paul Wanner,3,2024,280,10245,F M S,29,1796,3,4.244851130992174,2,3.487074453383684,2,1.4708796814084053,25,20,2,0,7.205643737688661,3.0005939584225416
GER-Bundesliga,2425,FC Heidenheim,Sirlord Conteh,3,2024,280,12988,F M S,29,842,1,1.7346754455938935,1,1.7346754455938935,1,2.268422743305564,13,14,2,0,5.4269709857180715,2.8119348287582397
GER-Bundesliga,2425,FC Heidenheim,Stefan Schimmer,3,2024,280,11861,S,13,220,0,1.1535760760307312,0,1.1535760760307312,0,0.22043732833117247,10,5,1,0,0.7608380392193794,0.08426863979548216
GER-Bundesliga,2425,FC Heidenheim,Thomas Keller,3,2024,280,12023,D M S,6,141,0,0.009725144132971764,0,0.009725144132971764,0,0.0,1,0,2,0,0.6035356353968382,0.5938104912638664
GER-Bundesliga,2425,FC Heidenheim,Tim Siersleben,3,2024,280,8854,D S,16,1181,0,0.5835042558610439,0,0.5835042558610439,0,0.5471864566206932,4,6,4,0,2.612182638607919,2.4144959514960647
GER-Bundesliga,2425,Freiburg,Bruno Ogbus,3,2024,135,12926,S,2,10,0,0.0,0,0.0,0,0.0,0,0,0,0,0.0,0.0
GER-Bundesliga,2425,Freiburg,Christian Günter,3,2024,135,4243,D S,29,2341,2,1.228508367203176,2,1.228508367203176,2,3.1555529991164804,20,28,0,0,6.491897919215262,4.6860190141014755
GER-Bundesliga,2425,Freiburg,Eren Sami Dinkci,3,2024,135,9201,M S,23,1189,0,1.0719840787351131,0,1.0719840787351131,3,2.447374604642391,14,23,1,0,6.607374615967274,3.55103687569499
GER-Bundesliga,2425,Freiburg,Florent Muslija,3,2024,135,7164,S,9,143,0,0.2235105335712433,0,0.2235105335712433,0,0.6100863814353943,3,3,0,0,1.0303145237267017,0.26072095334529877
GER-Bundesliga,2425,Freiburg,Florian Müller,3,2024,135,5328,GK S,9,749,0,0.0,0,0.0,0,0.0,0,0,0,0,1.2119324207305908,1.2119324207305908
GER-Bundesliga,2425,Freiburg,Jan-Niklas Beste,3,2024,135,11982,S,12,169,0,0.621839139610529,0,0.621839139610529,1,0.6122618466615677,6,3,0,0,1.4469851534813643,0.39582723565399647
GER-Bundesliga,2425,Freiburg,Johan Manzambi,3,2024,135,13102,M S,11,332,2,1.9394828099757433,2,1.9394828099757433,1,0.3676939085125923,11,3,2,0,2.9504378996789455,0.7735037058591843
GER-Bundesliga,2425,Freiburg,Jordy Makengo,3,2024,135,12070,D S,19,716,0,0.0,0,0.0,0,0.45721566677093506,0,2,1,0,3.645577549934387,3.1883618757128716
GER-Bundesliga,2425,Freiburg,Junior Adamu,3,2024,135,12069,F S,25,1579,2,6.322013634257019,2,6.322013634257019,2,2.053700706921518,37,17,5,1,8.28467621654272,0.9772418979555368
GER-Bundesliga,2425,Freiburg,Kiliann Sildillia,3,2024,135,9270,D S,21,780,2,0.7514637820422649,2,0.7514637820422649,0,1.0808508545160294,7,6,2,0,3.192236214876175,2.1987045630812645
GER-Bundesliga,2425,Freiburg,Lucas Höler,3,2024,135,6475,F M S,31,1867,6,11.579248806461692,6,10.821472128853202,4,3.0513127334415913,35,21,3,0,14.530475705862045,2.6790542542003095
GER-Bundesliga,2425,Freiburg,Lukas Kübler,3,2024,135,5263,D S,28,1864,5,2.8583033233880997,5,2.8583033233880997,1,0.7445640284568071,18,11,5,0,4.521047971211374,3.004688539542258
GER-Bundesliga,2425,Freiburg,Matthias Ginter,3,2024,135,315,D S,32,2549,2,4.017321763560176,2,4.017321763560176,1,1.2374000921845436,24,9,5,0,9.75523894559592,6.826677386648953
GER-Bundesliga,2425,Freiburg,Max Rosenfelder,3,2024,135,12626,D S,25,1236,1,0.3297978863120079,1,0.3297978863120079,0,1.4052141569554806,5,6,2,0,5.433676760643721,4.622095491737127
GER-Bundesliga,2425,Freiburg,Maximilian Eggestein,3,2024,135,125,M,33,2877,2,2.7688491884618998,2,2.7688491884618998,0,1.511209450662136,36,19,4,0,11.366839273832738,8.970980004407465
GER-Bundesliga,2425,Freiburg,Maximilian Philipp,3,2024,135,4247,S,2,13,0,0.02382168173789978,0,0.02382168173789978,0,0.0,1,0,0,0,0.02382168173789978,0.0
GER-Bundesliga,2425,Freiburg,Merlin Röhl,3,2024,135,11331,M S,19,970,0,1.1238267552107573,0,1.1238267552107573,1,1.742141860537231,12,9,2,0,3.592243045568466,1.3427801579236984
GER-Bundesliga,2425,Freiburg,Michael Gregoritsch,3,2024,135,171,F S,20,602,2,1.9820730350911617,2,1.9820730350911617,1,0.2638327647000551,16,4,2,0,3.5150803942233324,1.6075003519654274
GER-Bundesliga,2425,Freiburg,Nicolas Höfler,3,2024,135,4250,M S,20,754,0,0.4089398439973593,0,0.4089398439973593,0,0.06833891943097115,4,3,3,0,3.0780349439010024,2.993869721889496
GER-Bundesliga,2425,Freiburg,Noah Atubolu,3,2024,135,10160,GK,26,2311,0,0.0,0,0.0,0,0.0,0,0,2,0,4.215585736557841,4.215585736557841
GER-Bundesliga,2425,Freiburg,Noah Weißhaupt,3,2024,135,9732,F M S,22,1246,1,2.1425918731838465,1,2.1425918731838465,0,1.9687555506825447,19,18,0,0,4.3680128157138824,1.434202004224062
GER-Bundesliga,2425,Freiburg,Patrick Osterhage,3,2024,135,9711,M S,30,2297,1,1.7293015737086535,1,1.7293015737086535,0,2.2099559139460325,21,17,4,1,10.987612433731556,7.910030540078878
GER-Bundesliga,2425,Freiburg,Philipp Lienhart,3,2024,135,2611,D S,32,2780,1,0.9363047620281577,1,0.9363047620281577,0,0.6041158917360008,8,6,5,0,10.226965971291065,9.211888525635004
GER-Bundesliga,2425,Freiburg,Ritsu Doan,3,2024,135,8791,F M S,34,2901,10,8.055666498839855,10,8.055666498839855,7,4.389358818531036,61,27,2,0,19.25091073103249,10.242727846838534
GER-Bundesliga,2425,Freiburg,Roland Sallai,3,2024,135,1277,S,2,37,0,0.175414246506989,0,0.175414246506989,0,0.04367182403802872,3,1,0,0,0.175414246506989,0.0
GER-Bundesliga,2425,Freiburg,Vincenzo Grifo,3,2024,135,5266,F M S,34,2510,8,7.989085482433438,8,5.7157554272562265,11,8.86034712381661,66,65,2,0,14.169706366956234,6.400352879427373
GER-Bundesliga,2425,Hoffenheim,Adam Hlozek,3,2024,120,10774,F M S,27,1890,8,5.854527406394482,8,5.854527406394482,3,2.8081529047340155,59,21,2,0,11.557377450168133,4.727587189525366
GER-Bundesliga,2425,Hoffenheim,Alexander Prass,3,2024,120,12928,D M S,23,1584,0,1.0967911686748266,0,1.0967911686748266,1,3.072040591388941,12,19,1,0,8.999937668442726,5.422119904309511
GER-Bundesliga,2425,Hoffenheim,Andrej Kramaric,3,2024,120,956,F M,32,2800,11,12.799855667166412,8,10.52652560081333,8,4.250613275915384,69,50,4,0,19.27825254201889,5.942930793389678
GER-Bundesliga,2425,Hoffenheim,Anton Stach,3,2024,120,9910,D M S,30,2593,1,2.1430076980032027,1,2.1430076980032027,2,2.5603713737800717,35,27,8,0,12.809256525710225,10.120860667899251
GER-Bundesliga,2425,Hoffenheim,Arthur Chaves,3,2024,120,13101,D S,26,2191,1,1.2545673847198486,1,1.2545673847198486,0,0.08714543841779232,11,4,8,0,5.241471809335053,5.125267985276878
GER-Bundesliga,2425,Hoffenheim,Bazoumana Touré,3,2024,120,13427,D F M S,13,614,0,1.8311305455863476,0,1.8311305455863476,3,1.744708113372326,19,13,1,0,3.966055143624544,0.7440709657967091
GER-Bundesliga,2425,Hoffenheim,David Jurásek,3,2024,120,12372,D M S,14,604,0,0.09263630956411362,0,0.09263630956411362,1,1.2873393669724464,5,7,0,0,2.205351248383522,1.6020534839481115
GER-Bundesliga,2425,Hoffenheim,David Mokwa,3,2024,120,13289,S,2,14,0,0.129287451505661,0,0.129287451505661,0,0.0,2,0,0,0,0.06880883127450943,0.0
GER-Bundesliga,2425,Hoffenheim,Dennis Geiger,3,2024,120,6081,M S,20,711,0,0.18407520279288292,0,0.18407520279288292,0,0.6193569414317608,5,11,4,0,2.4885332137346268,1.987090083770454
GER-Bundesliga,2425,Hoffenheim,Diadie Samassékou,3,2024,120,7868,M S,8,298,0,0.05581786669790745,0,0.05581786669790745,0,0.0,3,0,0,0,0.719230005517602,0.7018279228359461
GER-Bundesliga,2425,Hoffenheim,Erencan Yardimci,3,2024,120,13322,F S,8,310,0,0.8402661681175232,0,0.8402661681175232,0,0.0,5,0,2,0,0.949959859251976,0.2570560574531555
GER-Bundesliga,2425,Hoffenheim,Finn Becker,3,2024,120,10731,M S,13,658,0,0.09088966250419617,0,0.09088966250419617,1,0.2708841096609831,4,8,1,0,1.8835724405944347,1.7200215682387352
GER-Bundesliga,2425,Hoffenheim,Florian Grillitsch,3,2024,120,116,D M,8,616,0,0.18407013919204473,0,0.18407013919204473,0,0.20960066188126802,6,5,1,0,2.9624194130301476,2.773977260105312
GER-Bundesliga,2425,Hoffenheim,Florian Micheler,3,2024,120,12930,S,1,29,0,0.0,0,0.0,0,0.0,0,0,1,0,0.0,0.0
GER-Bundesliga,2425,Hoffenheim,Gift Orban,3,2024,120,12367,F S,13,679,4,3.2778258975595236,4,3.2778258975595236,0,0.14768980164080858,11,2,2,0,3.272320808842778,1.0017493981868029
GER-Bundesliga,2425,Hoffenheim,Grischa Prömel,3,2024,120,4340,M,2,177,0,0.0,0,0.0,0,0.0,0,0,0,0,1.2591561898589134,1.2591561898589134
GER-Bundesliga,2425,Hoffenheim,Haris Tabakovic,3,2024,120,13013,F S,22,789,3,4.058871641755104,3,4.058871641755104,1,1.7171009220182896,30,9,0,0,5.23028976470232,0.5999727938324213
GER-Bundesliga,2425,Hoffenheim,Hennes Behrens,3,2024,120,13414,S,1,24,0,0.0,0,0.0,0,0.0,0,0,0,0,0.0613425076007843,0.0613425076007843
GER-Bundesliga,2425,Hoffenheim,Ihlas Bebou,3,2024,120,6271,S,1,7,0,0.0,0,0.0,0,0.0,0,0,0,0,0.014481950551271439,0.014481950551271439
GER-Bundesliga,2425,Hoffenheim,Jacob Bruun Larsen,3,2024,120,5355,F M S,27,767,3,3.3622511457651854,3,3.3622511457651854,2,1.9078765753656626,20,19,1,0,6.563112178817391,1.842541504651308
GER-Bundesliga,2425,Hoffenheim,Kevin Akpoguma,3,2024,120,6327,D S,32,2207,0,0.10714872926473618,0,0.10714872926473618,0,0.5916964765638113,5,8,3,0,5.370522538200021,4.812750459648669
GER-Bundesliga,2425,Hoffenheim,Leo Østigard,3,2024,120,10237,D,11,927,0,0.29004286974668503,0,0.29004286974668503,0,0.09377794526517391,5,3,0,1,1.5835596472024918,1.5835596472024918
GER-Bundesliga,2425,Hoffenheim,Luca Philipp,3,2024,120,9070,GK,6,540,0,0.0,0,0.0,0,0.0,0,0,0,0,0.1524892058223486,0.1524892058223486
GER-Bundesliga,2425,Hoffenheim,Marius Bülter,3,2024,120,7879,D F M S,25,1772,7,3.648140865378082,7,3.648140865378082,2,3.039690352976322,38,22,4,0,7.931092381477356,2.67352965567261
GER-Bundesliga,2425,Hoffenheim,Max Moerstedt,3,2024,120,12470,F M S,12,445,0,0.850104920566082,0,0.850104920566082,0,0.4129458125680685,12,7,2,0,1.460295056924224,0.4161513280123472
GER-Bundesliga,2425,Hoffenheim,Oliver Baumann,3,2024,120,73,GK,28,2520,0,0.0,0,0.0,0,0.37389181926846504,0,3,1,0,4.958701001480222,4.584809148684144
GER-Bundesliga,2425,Hoffenheim,Paul Hennrich,3,2024,120,13284,S,1,10,0,0.0,0,0.0,0,0.0,0,0,0,0,0.0,0.0
GER-Bundesliga,2425,Hoffenheim,Pavel Kaderábek,3,2024,120,74,D M S,24,1568,2,0.7855275487527251,2,0.7855275487527251,0,1.891483798623085,14,21,6,0,5.957333744503558,3.9072870891541243
GER-Bundesliga,2425,Hoffenheim,Robin Hranác,3,2024,120,13012,D S,4,225,0,0.0,0,0.0,0,0.0,0,0,0,0,1.2105853706598282,1.2105853706598282
GER-Bundesliga,2425,Hoffenheim,Stanley N'Soki,3,2024,120,6436,D S,22,1314,0,0.30244981683790684,0,0.30244981683790684,0,0.26990401558578014,3,7,3,1,3.134980568662286,3.043854558840394
GER-Bundesliga,2425,Hoffenheim,Tim Drexler,3,2024,120,12469,D S,8,364,0,0.04839458502829075,0,0.04839458502829075,0,0.018672682344913483,2,1,2,0,1.6957852356135845,1.6770501136779785
GER-Bundesliga,2425,Hoffenheim,Tom Bischof,3,2024,120,10289,M S,31,2593,5,2.185795512981713,5,2.185795512981713,2,4.426293452270329,51,49,5,0,11.751291548833251,8.606690591201186
GER-Bundesliga,2425,Hoffenheim,Umut Tohumcu,3,2024,120,10595,M S,12,352,0,0.06994627974927425,0,0.06994627974927425,1,0.9545188024640083,3,3,3,0,1.1375393066555262,0.6534786503762007
GER-Bundesliga,2425,Hoffenheim,Valentin Gendrey,3,2024,120,7742,D M S,22,1414,1,1.3450058652088046,1,1.3450058652088046,1,1.508913578465581,10,17,1,0,5.801661241799593,4.2481154734268785
GER-Bundesliga,2425,Holstein Kiel,Alexander Bernhardsson,3,2024,287,12936,F M S,19,1288,7,3.9813356306403875,7,3.9813356306403875,2,1.6960009150207043,27,15,3,0,7.800582721829414,2.906135031953454
GER-Bundesliga,2425,Holstein Kiel,Andu Kelati,3,2024,287,12938,M S,8,276,1,0.6129183657467365,1,0.6129183657467365,1,0.5438901539891958,6,4,0,1,1.9339057132601738,0.8036305010318756
GER-Bundesliga,2425,Holstein Kiel,Armin Gigovic,3,2024,287,9062,M S,30,1900,5,1.9713275507092476,5,1.9713275507092476,1,2.4431175496429205,25,15,5,0,8.284323370084167,4.726066544651985
GER-Bundesliga,2425,Holstein Kiel,Benedikt Pichler,3,2024,287,12935,F S,18,751,1,2.162652373313904,1,2.162652373313904,2,1.2777384547516704,20,11,1,0,4.0694943331182,1.8049968853592873
GER-Bundesliga,2425,Holstein Kiel,Carl Johansson,3,2024,287,13014,D S,10,570,0,0.021820617839694023,0,0.021820617839694023,0,0.5893798796460032,1,6,0,1,1.7405194640159607,1.6604828834533691
GER-Bundesliga,2425,Holstein Kiel,David Zec,3,2024,287,13324,D,17,1462,1,0.5786341531202197,1,0.5786341531202197,0,0.33149720169603825,8,7,4,0,5.395797312259674,5.081696808338165
GER-Bundesliga,2425,Holstein Kiel,Dominik Javorcek,3,2024,287,13074,D M S,13,367,0,0.011757266707718372,0,0.011757266707718372,2,0.8435535877943039,1,4,2,0,1.4395538344979286,0.7678313702344894
GER-Bundesliga,2425,Holstein Kiel,Finn Porath,3,2024,287,2699,D F M S,30,1929,2,2.533776681870222,2,2.533776681870222,2,2.0393906868994236,29,22,3,0,6.645405821502209,2.6454396676272154
GER-Bundesliga,2425,Holstein Kiel,Ivan Nekic,3,2024,287,13470,D,1,76,0,0.0,0,0.0,0,0.0,0,0,0,0,0.0,0.0
GER-Bundesliga,2425,Holstein Kiel,Jann-Fiete Arp,3,2024,287,6348,F S,22,608,2,3.480781491845846,1,1.9652281366288662,0,0.9195221839472651,21,11,6,1,3.7546131182461977,1.478485932573676
GER-Bundesliga,2425,Holstein Kiel,John Tolkin,3,2024,287,13352,D M S,10,655,0,0.025927376933395863,0,0.025927376933395863,1,0.6694819126278162,2,10,0,0,3.197853185236454,2.9658593237400055
GER-Bundesliga,2425,Holstein Kiel,Lasse Rosenboom,3,2024,287,12939,D M S,25,1696,2,2.527016533538699,2,2.527016533538699,2,1.2265555588528514,11,14,3,0,6.791664517484605,3.0469634840264916
GER-Bundesliga,2425,Holstein Kiel,Lewis Holtby,3,2024,287,169,M S,24,1155,0,0.8447289383038878,0,0.8447289383038878,1,2.0110023748129606,7,20,1,1,6.485551903955638,5.228207517415285
GER-Bundesliga,2425,Holstein Kiel,Magnus Knudsen,3,2024,287,10493,M S,31,1860,0,0.8302409574389458,0,0.8302409574389458,1,1.3867995142936707,11,7,6,0,5.43604501336813,3.4258731435984373
GER-Bundesliga,2425,Holstein Kiel,Marco Komenda,3,2024,287,12932,D S,18,1310,0,0.046156466007232666,0,0.046156466007232666,0,0.5511205615475774,3,8,3,0,5.781026259064674,5.20318390801549
GER-Bundesliga,2425,Holstein Kiel,Marko Ivezic,3,2024,287,12933,D S,22,1575,0,0.4393702964298427,0,0.4393702964298427,0,0.25975010450929403,8,4,5,0,4.682860068976879,4.5942974258214235
GER-Bundesliga,2425,Holstein Kiel,Marvin Schulz,3,2024,287,211,D M S,12,278,0,0.06555082276463509,0,0.06555082276463509,0,0.3836157452315092,3,3,3,0,1.3431706633418798,1.0028056968003511
GER-Bundesliga,2425,Holstein Kiel,Max Geschwill,3,2024,287,9242,D M S,19,1280,1,1.0482556112110615,1,1.0482556112110615,2,1.0478054778650403,9,11,3,0,2.258733464870602,1.999415363650769
GER-Bundesliga,2425,Holstein Kiel,Nicolai Remberg,3,2024,287,12937,M S,31,2307,0,1.5250691939145327,0,1.5250691939145327,1,0.530756245367229,22,8,10,0,6.245415516197681,5.393634403124452
GER-Bundesliga,2425,Holstein Kiel,Patrick Erras,3,2024,287,7040,D,10,838,1,0.8299225848168135,1,0.8299225848168135,0,0.13442743103951216,8,3,2,0,1.5495971492491663,1.4027598309330642
GER-Bundesliga,2425,Holstein Kiel,Phil Harres,3,2024,287,13075,F S,25,1461,8,6.069004004821181,8,6.069004004821181,1,1.687046148814261,37,10,3,0,8.803555831313133,2.012516127899289
GER-Bundesliga,2425,Holstein Kiel,Shuto Machino,3,2024,287,12934,F M S,31,1901,11,8.25303456094116,9,6.73748121317476,2,2.2886266466230154,49,26,2,0,12.449354909360409,6.3784140115603805
GER-Bundesliga,2425,Holstein Kiel,Steven Skrzybski,3,2024,287,7054,F M S,23,1313,5,3.263728693127632,5,3.263728693127632,3,3.969407096039504,32,21,0,0,9.242973761167377,4.136365515645593
GER-Bundesliga,2425,Holstein Kiel,Thomas Dähne,3,2024,287,12940,GK,9,810,0,0.0,0,0.0,0,0.0,0,0,0,0,2.4861515294760466,2.4861515294760466
GER-Bundesliga,2425,Holstein Kiel,Timo Becker,3,2024,287,8148,D M S,29,2370,0,1.368520430289209,0,1.368520430289209,2,1.3467865586280823,17,6,2,0,6.963066864293069,5.533045881893486
GER-Bundesliga,2425,Holstein Kiel,Timon Weiner,3,2024,287,12931,GK,24,2160,0,0.0,0,0.0,0,0.0,0,0,4,0,2.1240618973970413,2.1240618973970413
GER-Bundesliga,2425,Holstein Kiel,Tymoteusz Puchacz,3,2024,287,9713,D M S,10,396,0,0.09182683378458023,0,0.09182683378458023,1,0.5547137390822172,4,8,0,0,1.2072646357119083,0.9305663034319878
GER-Bundesliga,2425,Mainz 05,Andreas Hanche-Olsen,3,2024,125,11309,D S,22,1260,1,0.8521471414715052,1,0.8521471414715052,1,0.4392244853079319,11,3,2,1,2.4970964193344116,1.9189203456044197
GER-Bundesliga,2425,Mainz 05,Anthony Caci,3,2024,125,6380,D M,33,2767,1,3.659547857940197,1,3.659547857940197,7,5.763529303483665,32,49,6,0,16.445022966712713,9.478123030625284
GER-Bundesliga,2425,Mainz 05,Armindo Sieb,3,2024,125,9350,F M S,27,721,2,2.6843516025692225,2,2.6843516025692225,2,1.592657197266817,29,9,2,0,5.169475324451923,2.2326724492013454
GER-Bundesliga,2425,Mainz 05,Arnaud Nordin,3,2024,125,5684,S,6,61,0,0.02780478075146675,0,0.02780478075146675,0,0.2407453190535307,1,3,0,0,0.323957372456789,0.18984360992908478
GER-Bundesliga,2425,Mainz 05,Aymen Barkok,3,2024,125,5235,S,4,65,0,0.0,0,0.0,0,0.050768833607435226,0,1,0,0,0.050768833607435226,0.0
GER-Bundesliga,2425,Mainz 05,Danny da Costa,3,2024,125,249,D,25,2022,0,0.07092435844242573,0,0.07092435844242573,1,0.7302904175594449,5,10,0,0,5.446860525757074,4.76142206043005
GER-Bundesliga,2425,Mainz 05,Dominik Kohr,3,2024,125,269,D M,28,2321,2,1.8736225431784987,2,1.8736225431784987,0,0.5377052072435617,13,11,11,1,6.41423811390996,5.736911449581385
GER-Bundesliga,2425,Mainz 05,Hong Hyun-Seok,3,2024,125,13016,M S,23,474,0,0.6619288474321365,0,0.6619288474321365,1,1.8213421124964952,5,10,0,0,3.789488296955824,2.136922188103199
GER-Bundesliga,2425,Mainz 05,Jae-Sung Lee,3,2024,125,9783,M S,33,2711,7,6.852779902517796,7,6.852779902517796,6,4.826654347591102,39,34,4,0,15.59731212258339,7.906934417784214
GER-Bundesliga,2425,Mainz 05,Jonathan Burkardt,3,2024,125,7108,F S,29,2144,18,15.531241215765476,16,14.015687860548496,2,3.2260143337771297,72,20,0,0,17.678049380891025,2.2389991842210293
GER-Bundesliga,2425,Mainz 05,Kaishu Sano,3,2024,125,12918,M,34,3051,0,0.9100602194666862,0,0.9100602194666862,0,1.3164740214124322,20,19,3,0,9.061351463198662,7.512129879556596
GER-Bundesliga,2425,Mainz 05,Karim Onisiwo,3,2024,125,2631,M S,6,101,0,0.10302872210741043,0,0.10302872210741043,0,0.36023983359336853,3,1,0,0,0.48628389835357666,0.3959583044052124
GER-Bundesliga,2425,Mainz 05,Lasse Rieß,3,2024,125,10423,GK,2,180,0,0.0,0,0.0,0,0.0,0,0,0,0,0.6256912052631378,0.6256912052631378
GER-Bundesliga,2425,Mainz 05,Maxim Leitsch,3,2024,125,9703,D S,14,643,1,1.1409423695877194,1,1.1409423695877194,0,0.12086321786046028,5,2,2,0,1.433543872088194,0.9806566014885902
GER-Bundesliga,2425,Mainz 05,Moritz Jenz,3,2024,125,9943,D S,19,1605,0,1.7310848580673337,0,1.7310848580673337,0,0.42211047373712063,10,3,4,0,4.568463079631329,3.0671760998666286
GER-Bundesliga,2425,Mainz 05,Nadiem Amiri,3,2024,125,82,M,30,2501,7,5.710457522422075,5,4.194904129952192,5,8.261441332288086,62,62,7,2,16.05507216975093,10.064808908849955
GER-Bundesliga,2425,Mainz 05,Nelson Weiper,3,2024,125,11143,F S,23,685,3,4.8523288406431675,3,4.8523288406431675,2,2.2069317772984505,23,10,2,0,7.8193249478936195,0.8903338629752398
GER-Bundesliga,2425,Mainz 05,Nikolas Veratschnig,3,2024,125,12919,M S,15,329,0,0.2985580200329423,0,0.2985580200329423,0,0.18714429438114166,7,3,1,0,2.1282954271882772,1.699741169810295
GER-Bundesliga,2425,Mainz 05,Paul Nebel,3,2024,125,8846,M S,31,2347,10,6.269156511873007,10,6.269156511873007,4,4.3142322562634945,44,35,3,1,17.700350554659963,8.364783497527242
GER-Bundesliga,2425,Mainz 05,Philipp Mwene,3,2024,125,7106,D M,32,2663,1,2.1026149336248636,1,2.1026149336248636,4,2.5596299320459366,21,22,7,0,11.225126663222909,7.020457083359361
GER-Bundesliga,2425,Mainz 05,Robin Zentner,3,2024,125,449,GK,32,2880,0,0.011695579625666142,0,0.011695579625666142,0,0.16479353979229927,1,3,3,0,3.324330685660243,3.1595371458679438
GER-Bundesliga,2425,Mainz 05,Silvan Widmer,3,2024,125,1139,D S,27,456,0,0.6609293781220913,0,0.6609293781220913,1,0.3436503168195486,3,2,3,0,2.9280831664800644,1.9561732914298773
GER-Bundesliga,2425,Mainz 05,Stefan Bell,3,2024,125,40,D S,18,1460,0,0.6750276274979115,0,0.6750276274979115,1,0.9674937445670366,12,5,4,0,4.1671492997556925,2.974885992705822
GER-Bundesliga,2425,RasenBallsport Leipzig,Amadou Haidara,3,2024,136,7501,M S,28,1321,0,1.6384502304717898,0,1.6384502304717898,1,0.928176186978817,18,5,7,0,6.831356715410948,5.516967276111245
GER-Bundesliga,2425,RasenBallsport Leipzig,André Silva,3,2024,136,6170,F S,15,493,2,3.7598498165607452,0,1.48651984333992,2,1.1069494001567364,22,8,1,0,3.7941148430109024,1.4417242109775543
GER-Bundesliga,2425,RasenBallsport Leipzig,Antonio Nusa,3,2024,136,12941,D F M S,25,1543,3,1.9256633874028921,3,1.9256633874028921,3,3.3718086406588554,24,20,0,0,8.197483662515879,4.192342787981033
GER-Bundesliga,2425,RasenBallsport Leipzig,Arthur Vermeeren,3,2024,136,12392,M S,28,1591,0,0.2179020345211029,0,0.2179020345211029,2,0.9440235085785389,4,12,7,0,6.024250455200672,5.125127360224724
GER-Bundesliga,2425,RasenBallsport Leipzig,Assan Ouédraogo,3,2024,136,13191,S,3,41,0,0.027683105319738388,0,0.027683105319738388,0,0.0,1,0,0,0,0.027683105319738388,0.0
GER-Bundesliga,2425,RasenBallsport Leipzig,Benjamin Henrichs,3,2024,136,435,D S,15,933,0,0.4051845697686076,0,0.4051845697686076,2,2.3305160515010357,10,11,3,0,3.140897784382105,2.718977116048336
GER-Bundesliga,2425,RasenBallsport Leipzig,Benjamin Sesko,3,2024,136,11974,F M S,33,2436,13,10.84312501270324,11,9.327571731992066,5,2.5418332908302546,68,19,0,1,14.85635886900127,4.552526947110891
GER-Bundesliga,2425,RasenBallsport Leipzig,Bote Baku,3,2024,136,6708,D F M S,34,2468,4,3.031186076812446,4,3.031186076812446,4,2.8024442084133625,35,27,3,0,12.380505628883839,6.962742500938475
GER-Bundesliga,2425,RasenBallsport Leipzig,Castello Lukeba,3,2024,136,9511,D S,23,1574,0,0.6501261983066797,0,0.6501261983066797,0,0.1894181314855814,4,4,3,0,6.741629220545292,6.070797273889184
GER-Bundesliga,2425,RasenBallsport Leipzig,Christoph Baumgartner,3,2024,136,7422,F M S,31,1608,2,5.163317382335663,2,5.163317382335663,1,1.7688064565882087,39,20,5,0,7.871452065184712,3.339525116607547
GER-Bundesliga,2425,RasenBallsport Leipzig,David Raum,3,2024,136,9724,D M S,22,1797,1,0.7967910505831242,1,0.7967910505831242,5,6.467654440551996,9,48,4,0,9.72035357542336,5.830390091985464
GER-Bundesliga,2425,RasenBallsport Leipzig,El Chadaille Bitshiabu,3,2024,136,9629,D S,21,1125,0,0.29941074177622795,0,0.29941074177622795,0,0.28359542414546013,5,5,2,1,3.2514192443341017,3.1303545143455267
GER-Bundesliga,2425,RasenBallsport Leipzig,Eljif Elmas,3,2024,136,7912,S,2,37,0,0.05920640379190445,0,0.05920640379190445,0,0.0,1,0,1,0,0.05920640379190445,0.05920640379190445
GER-Bundesliga,2425,RasenBallsport Leipzig,Faik Sakar,3,2024,136,13240,S,1,1,0,0.0,0,0.0,0,0.0,0,0,0,0,0.0,0.0
GER-Bundesliga,2425,RasenBallsport Leipzig,Kevin Kampl,3,2024,136,188,M S,26,1598,1,0.8466038163751364,1,0.8466038163751364,0,1.485494876280427,7,15,5,0,8.709301918745041,8.061680361628532
GER-Bundesliga,2425,RasenBallsport Leipzig,Kosta Nedeljkovic,3,2024,136,12775,D S,10,479,0,0.6430388912558556,0,0.6430388912558556,0,0.28491421788930893,4,3,1,0,1.2428867742419243,0.5224717259407043
GER-Bundesliga,2425,RasenBallsport Leipzig,Loïs Openda,3,2024,136,10832,F M S,33,2489,9,10.03450933098793,9,9.27673265337944,5,3.7652690652757883,78,28,3,1,15.741462273523211,4.010902209207416
GER-Bundesliga,2425,RasenBallsport Leipzig,Lukas Klostermann,3,2024,136,5358,D S,28,1832,1,0.47209084033966064,1,0.47209084033966064,0,0.07941940613090992,4,2,5,0,3.890428561717272,3.735141519457102
GER-Bundesliga,2425,RasenBallsport Leipzig,Lutsharel Geertruida,3,2024,136,13064,D S,24,1554,1,1.2319737458601594,1,1.2319737458601594,0,0.5369388461112976,8,8,2,0,5.479023423045874,4.789323031902313
GER-Bundesliga,2425,RasenBallsport Leipzig,Maarten Vandevoordt,3,2024,136,12942,GK S,6,425,0,0.0,0,0.0,0,0.0,0,0,0,0,0.6834543664008379,0.6834543664008379
GER-Bundesliga,2425,RasenBallsport Leipzig,Mohamed Simakan,3,2024,136,7551,D,1,58,0,0.0,0,0.0,0,0.12613137066364288,0,3,0,0,0.05901564285159111,0.0
GER-Bundesliga,2425,RasenBallsport Leipzig,Nicolas Seiwald,3,2024,136,11871,D M S,30,2081,0,0.15749134309589863,0,0.15749134309589863,0,2.6085314247757196,5,20,2,0,7.612222496420145,6.73781743645668
GER-Bundesliga,2425,RasenBallsport Leipzig,Péter Gulácsi,3,2024,136,5241,GK,30,2635,0,0.0,0,0.0,0,0.0,0,0,0,0,2.389899790287018,2.389899790287018
GER-Bundesliga,2425,RasenBallsport Leipzig,Tidiam Gomis,3,2024,136,13442,F S,8,135,0,0.3557802066206932,0,0.3557802066206932,1,0.9084494970738888,5,3,2,0,1.8082721084356308,0.6518878042697906
GER-Bundesliga,2425,RasenBallsport Leipzig,Viggo Gebel,3,2024,136,12943,S,1,10,0,0.0,0,0.0,0,0.0,0,0,0,0,0.05954861640930176,0.05954861640930176
GER-Bundesliga,2425,RasenBallsport Leipzig,Willi Orban,3,2024,136,5257,D,25,2228,5,5.2368409894406796,5,5.2368409894406796,0,1.062859384343028,22,8,4,2,8.339662676677108,6.81000073812902
GER-Bundesliga,2425,RasenBallsport Leipzig,Xaver Schlager,3,2024,136,7783,M S,4,181,0,0.05093974620103836,0,0.05093974620103836,0,0.4579550623893738,1,1,1,0,1.0786748602986336,0.5697800517082214
GER-Bundesliga,2425,RasenBallsport Leipzig,Xavi Simons,3,2024,136,8700,M,25,2171,10,6.223592175170779,10,6.223592175170779,6,6.1870312336832285,50,50,5,0,16.81583746895194,6.952227101661265
GER-Bundesliga,2425,RasenBallsport Leipzig,Yussuf Poulsen,3,2024,136,5250,F M S,22,329,2,2.7897273637354374,2,2.7897273637354374,0,1.045419522561133,14,7,1,0,5.272889630869031,1.4640625081956387
GER-Bundesliga,2425,St. Pauli,Abdoulie Ceesay,3,2024,288,13326,S,7,45,0,0.0,0,0.0,0,0.016232965514063835,0,1,1,0,0.016232965514063835,0.0
GER-Bundesliga,2425,St. Pauli,Adam Dzwigala,3,2024,288,12984,D S,16,350,0,0.5729740587994456,0,0.5729740587994456,0,0.0,6,0,2,1,1.376060789451003,0.9805232640355825
GER-Bundesliga,2425,St. Pauli,Andreas Albers,3,2024,288,13008,S,14,40,1,0.6953884139657021,1,0.6953884139657021,0,0.06275593303143978,3,2,0,0,0.7405319102108479,0.0
GER-Bundesliga,2425,St. Pauli,Ben Voll,3,2024,288,12985,GK S,2,91,0,0.0,0,0.0,0,0.21723733842372894,0,1,1,0,0.25592896342277527,0.03869161009788513
GER-Bundesliga,2425,St. Pauli,Carlo Boukhalfa,3,2024,288,8814,F M S,25,1668,2,2.420892712660134,2,2.420892712660134,0,1.8025974249467254,22,11,1,0,6.430872698314488,4.595581805333495
GER-Bundesliga,2425,St. Pauli,Connor Metcalfe,3,2024,288,12979,F M S,10,340,0,0.8638678248971701,0,0.8638678248971701,0,0.20646727830171585,6,3,0,1,0.9690996948629618,0.046064083464443684
GER-Bundesliga,2425,St. Pauli,Danel Sinani,3,2024,288,12983,F M S,26,1254,2,1.9044134840369225,2,1.9044134840369225,1,3.2013998851180077,35,24,3,0,5.472688834182918,3.2175673423334956
GER-Bundesliga,2425,St. Pauli,David Nemeth,3,2024,288,10003,D,24,2147,0,0.1715667424723506,0,0.1715667424723506,1,0.11518868245184422,5,3,3,0,5.1167969312518835,4.970173241570592
GER-Bundesliga,2425,St. Pauli,Elias Saad,3,2024,288,12980,F M S,18,906,3,2.7371819969266653,3,2.7371819969266653,2,1.1837855270132422,26,14,1,0,4.010569434612989,0.5438273660838604
GER-Bundesliga,2425,St. Pauli,Eric Smith,3,2024,288,12975,D M,32,2829,1,1.7202240666374564,1,1.7202240666374564,1,1.6359744193032384,24,27,7,0,6.848655146546662,6.433330034837127
GER-Bundesliga,2425,St. Pauli,Erik Ahlstrand,3,2024,288,13184,S,5,34,0,0.0,0,0.0,0,0.0,0,0,0,0,0.1699562445282936,0.1699562445282936
GER-Bundesliga,2425,St. Pauli,Finley Stevens,3,2024,288,9916,S,1,1,0,0.0,0,0.0,0,0.0,0,0,0,0,0.08271217346191406,0.08271217346191406
GER-Bundesliga,2425,St. Pauli,Hauke Wahl,3,2024,288,5344,D,33,2970,0,1.120411867275834,0,1.120411867275834,0,0.5894053112715483,11,9,1,0,5.961080563254654,5.807068501599133
GER-Bundesliga,2425,St. Pauli,Jackson Irvine,3,2024,288,12978,M,29,2610,0,3.682750564068556,0,3.682750564068556,6,4.798954357858747,41,33,2,0,9.905083059333265,4.877807507291436
GER-Bundesliga,2425,St. Pauli,James Sands,3,2024,288,13325,M S,7,451,0,0.08348213881254196,0,0.08348213881254196,0,0.010509910993278027,1,1,1,0,1.445773628540337,1.435263717547059
GER-Bundesliga,2425,St. Pauli,Johannes Eggestein,3,2024,288,6084,F S,27,1890,3,5.848114471882582,2,4.332561027258635,4,2.1683141449466348,36,24,3,0,8.224175401031971,2.451903762295842
GER-Bundesliga,2425,St. Pauli,Karol Mets,3,2024,288,12974,D,10,900,0,0.11547181382775307,0,0.11547181382775307,0,0.05666903033852577,2,3,1,0,1.381996676325798,1.3495077043771744
GER-Bundesliga,2425,St. Pauli,Lars Ritzka,3,2024,288,12977,D M S,21,918,1,0.2573535982519388,1,0.2573535982519388,0,0.2301499405875802,8,5,1,0,1.758440488949418,1.3678814256563783
GER-Bundesliga,2425,St. Pauli,Manolis Saliakas,3,2024,288,12981,D M S,30,2339,2,1.4435952631756663,2,1.4435952631756663,1,2.733168365433812,29,26,4,0,8.117746539413929,5.545812098309398
GER-Bundesliga,2425,St. Pauli,Maurides,3,2024,288,13241,S,1,1,0,0.0,0,0.0,0,0.0,0,0,0,0,0.0,0.0
GER-Bundesliga,2425,St. Pauli,Morgan Guilavogui,3,2024,288,11762,F M S,25,1828,6,8.65836637839675,6,8.65836637839675,2,3.0779383797198534,41,27,6,0,11.957147855311632,3.651807775720954
GER-Bundesliga,2425,St. Pauli,Nikola Vasilj,3,2024,288,12973,GK,33,2970,0,0.0,0,0.0,0,0.017461461946368217,0,1,0,1,2.0928476229310036,2.0753861628472805
GER-Bundesliga,2425,St. Pauli,Oladapo Afolayan,3,2024,288,12982,F M S,32,1644,3,3.0679571889340878,3,3.0679571889340878,1,3.728218238800764,38,22,3,0,8.217836495488882,2.534572133794427
GER-Bundesliga,2425,St. Pauli,Philipp Treu,3,2024,288,12976,D M,33,2894,0,1.0967688458040357,0,1.0967688458040357,2,2.7964528873562813,18,22,2,0,10.973553114570677,8.870090406388044
GER-Bundesliga,2425,St. Pauli,Robert Wagner,3,2024,288,10474,M S,12,398,0,0.1419104039669037,0,0.1419104039669037,0,0.0,2,0,1,0,1.1897150725126266,1.047804668545723
GER-Bundesliga,2425,St. Pauli,Scott Banks,3,2024,288,9737,S,12,85,0,0.44911338575184345,0,0.44911338575184345,0,0.07345251739025116,4,1,1,0,0.8105128612369299,0.38883995078504086
GER-Bundesliga,2425,St. Pauli,Siebe Van der Heyden,3,2024,288,11749,D S,13,881,1,1.2505954056978226,1,1.2505954056978226,0,0.0370820090174675,3,2,2,1,1.7203670255839825,1.7009914629161358
GER-Bundesliga,2425,Union Berlin,Alexander Schwolow,3,2024,240,5262,GK,6,540,0,0.0,0,0.0,0,0.0,0,0,0,0,0.07656503468751907,0.07656503468751907
GER-Bundesliga,2425,Union Berlin,Aljoscha Kemlein,3,2024,240,11236,M S,15,937,1,1.1507091633975506,1,1.1507091633975506,0,0.8132021389901638,11,10,3,0,3.812397550791502,2.0459428429603577
GER-Bundesliga,2425,Union Berlin,Andras Schafer,3,2024,240,7410,M S,26,1540,1,0.6617573574185371,1,0.6617573574185371,1,1.2446431815624237,12,9,3,0,3.4801805214956403,1.9088122537359595
GER-Bundesliga,2425,Union Berlin,Andrej Ilic,3,2024,240,12421,F S,16,954,7,5.666820885613561,6,4.909044222906232,0,0.34208700992166996,27,6,1,0,4.31884459964931,0.4574203137308359
GER-Bundesliga,2425,Union Berlin,Benedict Hollerbach,3,2024,240,11981,F M S,34,2594,9,9.080473525449634,9,9.080473525449634,1,2.390376001596451,76,28,3,0,12.341620037332177,2.798220462165773
GER-Bundesliga,2425,Union Berlin,Christopher Trimmel,3,2024,240,7875,D M S,26,1753,0,0.21429767832159996,0,0.21429767832159996,3,2.457096786238253,9,35,4,0,2.9533445546403527,2.4323030998930335
GER-Bundesliga,2425,Union Berlin,Danilho Doekhi,3,2024,240,10725,D,34,3060,1,3.0633004140108824,1,3.0633004140108824,0,1.9867287343367934,31,12,4,0,5.202799412421882,3.052881366573274
GER-Bundesliga,2425,Union Berlin,David Preu,3,2024,240,13406,M S,5,113,0,0.10688355565071106,0,0.10688355565071106,0,0.0,2,0,1,0,0.1738826185464859,0.06699907034635544
GER-Bundesliga,2425,Union Berlin,Diogo Leite,3,2024,240,10724,D S,30,2545,1,1.8135780673474073,1,1.8135780673474073,2,1.5577390175312757,18,14,3,0,4.588494240306318,4.142583115957677
GER-Bundesliga,2425,Union Berlin,Frederik Rönnow,3,2024,240,7048,GK,28,2520,0,0.1273142397403717,0,0.1273142397403717,0,0.0,1,0,2,0,1.9204023405909538,1.9204023405909538
GER-Bundesliga,2425,Union Berlin,Ivan Prtajin,3,2024,240,3918,F S,5,151,0,1.1783978072926402,0,1.1783978072926402,0,0.053781501948833466,8,1,0,0,1.2372317984700203,0.05740083195269108
GER-Bundesliga,2425,Union Berlin,Janik Haberer,3,2024,240,4271,D M S,28,1723,0,0.579868745058775,0,0.579868745058775,0,0.9658870846033096,15,7,1,0,3.8812693282961845,3.2138795107603073
GER-Bundesliga,2425,Union Berlin,Jordan Siebatcheu,3,2024,240,3682,F S,18,905,0,4.464340187609196,0,4.464340187609196,1,0.9026430007070303,23,14,2,0,3.3882756140083075,0.6213688850402832
GER-Bundesliga,2425,Union Berlin,Josip Juranovic,3,2024,240,11333,D S,17,1160,0,0.2710151607170701,0,0.2710151607170701,0,2.334141382947564,7,27,4,0,3.201693071052432,1.6347584621980786
GER-Bundesliga,2425,Union Berlin,Jérôme Roussillon,3,2024,240,3339,D S,7,120,0,0.07864202372729778,0,0.07864202372729778,0,0.0,2,0,0,0,0.15607568621635437,0.10080546140670776
GER-Bundesliga,2425,Union Berlin,Kevin Vogt,3,2024,240,133,D S,18,1381,1,0.75777667760849,0,0.0,0,0.04467719979584217,1,2,6,0,3.764570463448763,3.719893265515566
GER-Bundesliga,2425,Union Berlin,Kevin Volland,3,2024,240,83,S,4,50,0,0.0,0,0.0,0,0.09100998193025589,0,1,1,0,0.16010994464159012,0.06909996271133423
GER-Bundesliga,2425,Union Berlin,Leopold Querfeld,3,2024,240,12920,D S,27,1725,2,1.1735255559906363,2,1.1735255559906363,2,1.2863922994583845,16,10,7,0,2.1833029007539153,1.5961796352639794
GER-Bundesliga,2425,Union Berlin,Lucas Tousart,3,2024,240,3743,M S,15,553,0,0.3679580669850111,0,0.3679580669850111,1,0.7085067741572857,9,3,2,0,1.352454800158739,0.39662085473537445
GER-Bundesliga,2425,Union Berlin,László Bénes,3,2024,240,5258,F M S,23,522,2,1.0959070464596152,2,1.0959070464596152,1,0.986007533967495,19,18,4,0,1.4692914932966232,0.6869005393236876
GER-Bundesliga,2425,Union Berlin,Marin Ljubicic,3,2024,240,13428,F S,13,251,1,0.42130868695676327,1,0.42130868695676327,1,0.5501003861427307,2,2,1,0,1.0941104348748922,0.5515302568674088
GER-Bundesliga,2425,Union Berlin,Rani Khedira,3,2024,240,5251,M S,32,2737,1,1.349864898249507,1,1.349864898249507,1,1.164187591522932,14,12,7,0,5.2213902566581964,3.9505743253976107
GER-Bundesliga,2425,Union Berlin,Robert Skov,3,2024,240,7867,D M S,15,866,2,1.7968645300716162,1,1.0390878673642874,2,2.9618297405540943,17,19,1,0,3.0182035099714994,1.3240411318838596
GER-Bundesliga,2425,Union Berlin,Robin Gosens,3,2024,240,6155,D,1,90,0,0.02383718080818653,0,0.02383718080818653,0,0.0,1,0,1,0,0.09753844887018204,0.07370126992464066
GER-Bundesliga,2425,Union Berlin,Tim Skarke,3,2024,240,10926,F M S,33,1126,0,1.8874823031947017,0,1.8874823031947017,2,1.4547926597297192,20,16,1,0,4.5260762674734,1.596790213137865
GER-Bundesliga,2425,Union Berlin,Tom Rothe,3,2024,240,10550,D M S,26,1679,3,2.0692028012126684,3,2.0692028012126684,3,1.5009428430348635,22,12,5,1,5.175764583982527,2.6981976814568043
GER-Bundesliga,2425,Union Berlin,Woo-Yeong Jeong,3,2024,240,7267,F M S,23,1308,3,2.6452455278486013,3,2.6452455278486013,2,1.5804441962391138,25,17,2,0,5.976339317858219,2.3333379440009594
GER-Bundesliga,2425,Union Berlin,Yorbe Vertessen,3,2024,240,12424,F M S,17,713,1,1.427236683666706,1,1.427236683666706,0,1.9219457749277353,27,15,2,0,3.096983138471842,1.279122594743967
GER-Bundesliga,2425,VfB Stuttgart,Alexander Nübel,3,2024,133,2639,GK,34,3060,0,0.0,0,0.0,1,0.23028714209794998,0,3,0,0,11.132628194987774,10.902341041713953
GER-Bundesliga,2425,VfB Stuttgart,Ameen Al Dakhil,3,2024,133,11699,D S,7,448,0,0.053459011018276215,0,0.053459011018276215,0,0.15477794781327248,1,2,0,1,1.8468564040958881,1.829824537038803
GER-Bundesliga,2425,VfB Stuttgart,Angelo Stiller,3,2024,133,9725,D M S,32,2746,1,2.0366965932771564,1,2.0366965932771564,8,7.884617529809475,20,57,6,0,20.341689500957727,15.394947450608015
GER-Bundesliga,2425,VfB Stuttgart,Anrie Chase,3,2024,133,12407,D S,12,719,0,0.1970731057226658,0,0.1970731057226658,0,0.051603883504867554,5,1,1,0,6.079055428504944,6.04193802177906
GER-Bundesliga,2425,VfB Stuttgart,Anthony Rouault,3,2024,133,10789,D S,18,1223,1,0.38486300595104694,1,0.38486300595104694,0,0.25621816515922546,5,5,1,0,5.836662899702787,5.68607796356082
GER-Bundesliga,2425,VfB Stuttgart,Atakan Karazor,3,2024,133,8878,M S,32,2656,2,2.637512478977442,2,2.637512478977442,4,2.457861628383398,15,15,8,1,15.256661543622613,13.521607171744108
GER-Bundesliga,2425,VfB Stuttgart,Chris Führich,3,2024,133,6449,D M S,33,2010,2,3.4481728821992874,2,3.4481728821992874,3,5.244775582104921,36,33,1,0,16.97763792797923,11.23559838347137
GER-Bundesliga,2425,VfB Stuttgart,Dan-Axel Zagadou,3,2024,133,6103,S,2,22,0,0.0,0,0.0,0,0.0,0,0,1,0,0.0,0.0
GER-Bundesliga,2425,VfB Stuttgart,Deniz Undav,3,2024,133,10804,F M S,27,1733,9,11.975074492394924,9,11.975074492394924,3,4.6570643819868565,75,26,4,0,19.974650152027607,5.010630551725626
GER-Bundesliga,2425,VfB Stuttgart,El Bilal Touré,3,2024,133,8294,F S,12,339,2,1.5996956340968609,2,1.5996956340968609,1,1.221990479156375,14,7,0,0,3.4262010231614113,0.900679936632514
GER-Bundesliga,2425,VfB Stuttgart,Enzo Millot,3,2024,133,8645,M S,29,1863,6,8.739531425759196,6,7.981754807755351,5,2.9312736243009567,44,24,9,0,15.809536406770349,7.308554684743285
GER-Bundesliga,2425,VfB Stuttgart,Ermedin Demirovic,3,2024,133,6496,F S,34,1847,15,17.190185952931643,15,15.674632657319307,1,2.3308997359126806,66,18,2,0,18.022325498983264,3.6710129603743553
GER-Bundesliga,2425,VfB Stuttgart,Fabian Rieder,3,2024,133,12038,M S,21,855,1,1.4751421865075827,1,1.4751421865075827,3,2.142737478017807,20,12,1,0,6.1427635587751865,3.6290498822927475
GER-Bundesliga,2425,VfB Stuttgart,Finn Jeltsch,3,2024,133,13426,D S,12,774,0,0.07576410751789808,0,0.07576410751789808,0,0.12316343653947115,2,2,2,0,3.3299831449985504,3.3049959987401962
GER-Bundesliga,2425,VfB Stuttgart,Jamie Leweling,3,2024,133,9718,D M S,27,1710,2,2.331845246255398,2,2.331845246255398,1,4.925153277814388,29,24,4,0,9.747993640601635,4.5908546801656485
GER-Bundesliga,2425,VfB Stuttgart,Jarzinho Malanga,3,2024,133,13217,S,1,1,0,0.0,0,0.0,0,0.0,0,0,0,0,0.0,0.0
GER-Bundesliga,2425,VfB Stuttgart,Joshua Vagnoman,3,2024,133,6626,D M S,26,1828,1,1.6710744313895702,1,1.6710744313895702,1,2.32663943618536,15,22,4,0,9.857273247092962,6.737412739545107
GER-Bundesliga,2425,VfB Stuttgart,Julian Chabot,3,2024,133,7937,D S,31,2285,3,2.8814538531005383,3,2.8814538531005383,1,0.8693449972197413,19,6,9,1,13.541587248444557,13.30634319782257
GER-Bundesliga,2425,VfB Stuttgart,Justin Diehl,3,2024,133,11319,S,6,83,1,0.8649402894079685,1,0.8649402894079685,0,0.11964870244264603,7,1,0,0,1.1548970267176628,0.17030799388885498
GER-Bundesliga,2425,VfB Stuttgart,Leonidas Stergiou,3,2024,133,11975,D S,12,866,1,0.8773484081029892,1,0.8773484081029892,2,0.6330368714407086,4,4,0,1,4.860380470752716,3.9415691271424294
GER-Bundesliga,2425,VfB Stuttgart,Luca Jaquez,3,2024,133,13425,D S,5,250,0,0.11879250407218933,0,0.11879250407218933,0,0.0,1,0,0,0,3.378763794898987,3.378763794898987
GER-Bundesliga,2425,VfB Stuttgart,Maximilian Mittelstädt,3,2024,133,419,D S,31,2491,1,1.0721671869978309,1,1.0721671869978309,7,5.543677728623152,21,46,5,0,17.572674959897995,15.349949765950441
GER-Bundesliga,2425,VfB Stuttgart,Nick Woltemade,3,2024,133,8117,F M S,28,1604,12,12.919283613562584,10,10.64595346339047,2,5.339851493015885,49,36,3,1,18.696467697620392,5.270718416199088
GER-Bundesliga,2425,VfB Stuttgart,Nikolas Nartey,3,2024,133,6415,S,1,20,0,0.0,0,0.0,0,0.0,0,0,0,0,0.6144895553588867,0.6144895553588867
GER-Bundesliga,2425,VfB Stuttgart,Pascal Stenzel,3,2024,133,326,D S,10,298,0,0.3691052198410034,0,0.3691052198410034,0,0.5108424127101898,8,5,0,0,1.4098423421382904,1.0407370831817389
GER-Bundesliga,2425,VfB Stuttgart,Ramon Hendriks,3,2024,133,12927,D S,25,1108,0,0.35931890457868576,0,0.35931890457868576,1,1.4535825848579407,5,6,3,0,4.7620993331074715,3.893851261585951
GER-Bundesliga,2425,VfB Stuttgart,Yannik Keitel,3,2024,133,8206,M S,11,251,0,0.6678604111075401,0,0.6678604111075401,0,0.04968107491731644,5,1,1,0,2.485224075615406,2.341953434050083
GER-Bundesliga,2425,Werder Bremen,Amos Pieper,3,2024,123,7320,D S,23,1500,0,0.6369104459881783,0,0.6369104459881783,0,0.31633685529232025,7,4,3,0,3.343800563365221,3.0488044656813145
GER-Bundesliga,2425,Werder Bremen,Anthony Jung,3,2024,123,5217,D S,28,1890,0,0.02323617786169052,0,0.02323617786169052,0,0.11242146231234074,1,2,1,0,6.208588877692819,6.163195053115487
GER-Bundesliga,2425,Werder Bremen,Derrick Köhn,3,2024,123,13093,D M S,27,1341,2,1.0371807217597961,2,1.0371807217597961,2,1.9997920859605074,13,17,2,0,6.99837414175272,4.82307169213891
GER-Bundesliga,2425,Werder Bremen,Felix Agu,3,2024,123,8804,D S,22,1786,3,2.230589810758829,3,2.230589810758829,0,2.0775875598192215,10,20,1,0,8.308103524148464,4.878118548542261
GER-Bundesliga,2425,Werder Bremen,Issa Kabore,3,2024,123,9619,D S,9,300,0,0.46164949238300323,0,0.46164949238300323,1,1.2211057189852,7,7,0,0,1.717530369758606,0.7496853247284889
GER-Bundesliga,2425,Werder Bremen,Jens Stage,3,2024,123,10734,M S,28,2215,10,7.943040877580643,10,7.943040877580643,5,3.238111473619938,44,23,10,0,15.3200044631958,7.953148111701012
GER-Bundesliga,2425,Werder Bremen,Julián Malatini,3,2024,123,12360,D S,10,451,1,0.31707634031772614,1,0.31707634031772614,1,0.28342704847455025,3,2,1,0,1.85516769438982,1.5717406421899796
GER-Bundesliga,2425,Werder Bremen,Justin Njinmah,3,2024,123,10585,F M S,26,927,3,4.510545656085014,3,4.510545656085014,2,1.7561358297243714,31,12,1,0,8.618928104639053,2.53895618673414
GER-Bundesliga,2425,Werder Bremen,Keke Maximilian Topp,3,2024,123,11314,F S,19,211,2,1.0255268886685371,2,1.0255268886685371,2,2.323020476847887,7,10,1,0,3.6001669205725193,0.8607565239071846
GER-Bundesliga,2425,Werder Bremen,Leonardo Bittencourt,3,2024,123,262,M S,27,954,2,1.8689279910176992,2,1.8689279910176992,1,1.6297570504248142,27,14,3,0,5.892129752784967,3.599821927025914
GER-Bundesliga,2425,Werder Bremen,Marco Friedl,3,2024,123,5340,D S,26,2174,0,0.6404807511717081,0,0.6404807511717081,0,0.2139342464506626,4,3,9,2,6.594071260653436,6.437075666151941
GER-Bundesliga,2425,Werder Bremen,Marco Grüll,3,2024,123,12924,F M S,30,1189,6,4.213682193309069,6,4.213682193309069,1,2.0658823987469077,25,11,1,0,7.891282428056002,2.1898325979709625
GER-Bundesliga,2425,Werder Bremen,Marvin Ducksch,3,2024,123,4329,F S,32,2477,8,10.446885596960783,7,8.931332174688578,8,10.059994157403708,71,61,3,0,19.355842046439648,4.983372114598751
GER-Bundesliga,2425,Werder Bremen,Michael Zetterer,3,2024,123,126,GK,34,3060,0,0.0,0,0.0,0,0.0,0,0,2,0,4.1273373067379,4.1273373067379
GER-Bundesliga,2425,Werder Bremen,Milos Veljkovic,3,2024,123,2691,D S,14,1029,0,0.9244216084480286,0,0.9244216084480286,1,0.2692924961447716,2,3,1,0,5.5727716609835625,5.356455586850643
GER-Bundesliga,2425,Werder Bremen,Mitchell Weiser,3,2024,123,28,D M,32,2874,5,5.540983958169818,5,5.540983958169818,8,6.046214004978538,43,41,7,1,18.330695912241936,10.379622384905815
GER-Bundesliga,2425,Werder Bremen,Niklas Stark,3,2024,123,418,D S,26,2126,0,1.3413271456956863,0,1.3413271456956863,1,0.1055416613817215,12,1,4,1,4.811165703460574,4.762159641832113
GER-Bundesliga,2425,Werder Bremen,Oliver Burke,3,2024,123,5256,F S,25,872,5,5.17337729409337,5,5.17337729409337,0,1.484443936496973,35,14,4,0,7.6511080376803875,1.8381715761497617
GER-Bundesliga,2425,Werder Bremen,Olivier Deman,3,2024,123,12028,S,9,42,0,0.0,0,0.0,0,0.0,0,0,1,0,0.0,0.0
GER-Bundesliga,2425,Werder Bremen,Romano Schmid,3,2024,123,9069,M,32,2856,5,4.85783976316452,4,4.100063048303127,4,6.564444359391928,48,68,3,0,19.91676950454712,13.533827669918537
GER-Bundesliga,2425,Werder Bremen,Senne Lynen,3,2024,123,11835,M,32,2780,0,0.9697776082903147,0,0.9697776082903147,1,0.5434056557714939,24,8,9,0,10.628164935857058,9.579863369464874
GER-Bundesliga,2425,Werder Bremen,Skelly Alvero,3,2024,123,12013,M S,12,222,0,0.03431668505072594,0,0.03431668505072594,0,0.0,1,0,1,0,0.1748683750629425,0.1748683750629425
GER-Bundesliga,2425,Wolfsburg,Andreas Skov Olsen,3,2024,131,7934,D F M S,12,526,1,0.8644867595285177,1,0.8644867595285177,1,2.5118116699159145,7,18,0,0,3.366842344403267,1.5164300370961428
GER-Bundesliga,2425,Wolfsburg,Aster Vranckx,3,2024,131,9935,M S,14,545,0,0.0,0,0.0,0,0.08639191836118698,0,1,1,0,1.5761092752218246,1.4897173568606377
GER-Bundesliga,2425,Wolfsburg,Bence Dárdai,3,2024,131,12965,M S,21,1333,1,1.1589803658425808,1,1.1589803658425808,1,1.495081041008234,11,11,0,0,3.5336773116141558,1.5043751318007708
GER-Bundesliga,2425,Wolfsburg,David Odogu,3,2024,131,11536,D S,3,191,0,0.0695097241550684,0,0.0695097241550684,0,0.0,2,0,0,0,0.4305368587374687,0.4305368587374687
GER-Bundesliga,2425,Wolfsburg,Denis Vavro,3,2024,131,7940,D S,29,2468,2,1.5691240392625332,2,1.5691240392625332,0,0.1929797548800707,25,8,4,0,8.006442196667194,7.743786200881004
GER-Bundesliga,2425,Wolfsburg,Jakub Kaminski,3,2024,131,10732,D M S,22,1105,0,1.1057294644415379,0,1.1057294644415379,2,3.519135355949402,15,24,2,0,4.910887062549591,2.15205841884017
GER-Bundesliga,2425,Wolfsburg,Joakim Maehle,3,2024,131,9233,D M S,28,2187,3,2.742252243682742,3,2.742252243682742,4,2.2128251316025853,19,20,6,0,7.756310272030532,4.024230643175542
GER-Bundesliga,2425,Wolfsburg,Jonas Wind,3,2024,131,10394,F M S,31,1966,9,6.339151995256543,8,4.8235986810177565,3,4.765156495384872,40,33,2,0,9.863119781017303,4.174212370067835
GER-Bundesliga,2425,Wolfsburg,Kamil Grabara,3,2024,131,12964,GK,29,2589,0,0.0,0,0.0,0,0.06523563340306282,0,2,2,0,2.0407195538282394,1.9754839204251766
GER-Bundesliga,2425,Wolfsburg,Kevin Behrens,3,2024,131,9712,S,18,123,1,2.0381569489836693,1,2.0381569489836693,0,0.14415302500128746,8,2,2,0,2.8833060897886753,0.7598720453679562
GER-Bundesliga,2425,Wolfsburg,Kevin Paredes,3,2024,131,10395,D,2,132,0,0.25486817955970764,0,0.25486817955970764,1,0.08281920850276947,4,2,1,0,0.3376874029636383,0.0
GER-Bundesliga,2425,Wolfsburg,Kilian Fischer,3,2024,131,11031,D S,32,2337,1,0.3048850502818823,1,0.3048850502818823,0,0.5165639873594046,6,12,7,0,5.465556034818292,5.066874543204904
GER-Bundesliga,2425,Wolfsburg,Konstantinos Koulierakis,3,2024,131,13063,D S,30,2478,0,1.091104881837964,0,1.091104881837964,2,1.2700119502842426,22,10,4,0,6.415782926604152,6.07377159036696
GER-Bundesliga,2425,Wolfsburg,Lovro Majer,3,2024,131,9931,M S,9,296,2,1.4159954469650984,1,0.6582187097519636,1,1.4358294662088156,7,8,1,0,2.7713141962885857,1.588914230465889
GER-Bundesliga,2425,Wolfsburg,Lukas Nmecha,3,2024,131,6544,F S,19,427,3,4.476938123814762,3,4.476938123814762,0,0.21524709835648537,20,3,1,0,5.4614677941426635,0.806901890784502
GER-Bundesliga,2425,Wolfsburg,Mads Roerslev,3,2024,131,9685,D S,7,281,0,0.0,0,0.0,0,0.07028507441282272,0,1,0,0,0.6111173927783966,0.6111173927783966
GER-Bundesliga,2425,Wolfsburg,Marius Müller,3,2024,131,5285,GK S,6,471,0,0.0,0,0.0,0,0.0,0,0,0,0,0.32661483995616436,0.32661483995616436
GER-Bundesliga,2425,Wolfsburg,Mattias Svanberg,3,2024,131,6974,M S,20,1232,3,4.231742708012462,3,4.231742708012462,1,2.277713842689991,21,15,4,0,7.183938827365637,4.114412795752287
GER-Bundesliga,2425,Wolfsburg,Maximilian Arnold,3,2024,131,153,M S,28,2356,3,1.1958508677780628,3,1.1958508677780628,5,4.061138896271586,27,45,7,1,9.191960662603378,8.58002938516438
GER-Bundesliga,2425,Wolfsburg,Mohammed Amoura,3,2024,131,13062,F M S,31,2512,10,10.863602759316564,8,9.348049404099584,9,4.308450622484088,76,35,6,0,16.025755416601896,5.196772448718548
GER-Bundesliga,2425,Wolfsburg,Patrick Wimmer,3,2024,131,9730,F M S,29,1815,3,4.3263805359601974,3,4.3263805359601974,4,3.0010927617549896,42,24,5,1,11.253519002348185,6.853250550106168
GER-Bundesliga,2425,Wolfsburg,Sebastiaan Bornauw,3,2024,131,7791,D S,15,779,2,1.7804388739168644,2,1.7804388739168644,1,0.7998678088188171,8,1,2,0,1.1846494562923908,1.10103964433074
GER-Bundesliga,2425,Wolfsburg,Tiago Tomás,3,2024,131,10367,F M S,32,1919,6,5.56389169767499,6,5.56389169767499,1,2.606959294527769,42,19,7,0,9.028159266337752,2.590786171145737
GER-Bundesliga,2425,Wolfsburg,Yannick Gerhardt,3,2024,131,140,D M S,29,1494,1,1.4532910119742155,1,1.4532910119742155,1,0.9091332638636231,14,5,5,1,6.618672305718064,5.830893058329821
GER-Bundesliga,2526,Augsburg,Aiman Dardari,3,2025,121,13981,S,3,21,0,0.05606662854552269,0,0.05606662854552269,0,0.0,1,0,1,0,0.05606662854552269,0.0
GER-Bundesliga,2526,Augsburg,Alexis Claude Maurice,3,2025,121,5752,F M S,29,2135,5,6.339031929150224,4,4.82347852922976,4,3.215671157464385,71,32,3,0,10.869376560673118,5.332539309747517
GER-Bundesliga,2526,Augsburg,Anton Kade,3,2025,121,10288,D F M S,28,1740,6,6.7122930232435465,6,6.7122930232435465,0,3.0941985473036766,48,25,3,0,10.916635751724243,1.8429135736078024
GER-Bundesliga,2526,Augsburg,Arne Maier,3,2025,121,5298,S,1,1,0,0.0,0,0.0,0,0.0,0,0,0,0,0.0,0.0
GER-Bundesliga,2526,Augsburg,Arthur Chaves,3,2025,121,13101,D S,15,1062,2,1.0467653088271618,2,1.0467653088271618,0,0.2324150362983346,5,4,2,0,1.9321790896356106,1.686458982527256
GER-Bundesliga,2526,Augsburg,Chrislain Matsima,3,2025,121,8643,D S,18,1494,1,0.5652054697275162,1,0.5652054697275162,1,0.5844853427261114,7,4,5,0,2.2476043635979295,2.1535102361813188
GER-Bundesliga,2526,Augsburg,Cédric Zesiger,3,2025,121,11850,D S,27,1798,0,1.7500400636345148,0,1.7500400636345148,0,0.5558719579130411,12,9,5,0,4.428809206932783,3.970293586142361
GER-Bundesliga,2526,Augsburg,Dimitris Giannoulis,3,2025,121,9745,D S,27,1957,2,0.9717476665973663,2,0.9717476665973663,5,3.8624802585691214,10,33,8,0,6.426895641721785,3.064006181433797
GER-Bundesliga,2526,Augsburg,Elias Saad,3,2025,121,12980,F M S,10,518,0,0.37165308371186256,0,0.37165308371186256,0,0.6210179030895233,6,12,1,0,1.412656469270587,0.5558570027351379
GER-Bundesliga,2526,Augsburg,Elvis Rexhbecaj,3,2025,121,6445,D M S,26,1098,2,0.5392126142978668,2,0.5392126142978668,0,0.7069284673780203,11,9,3,0,2.5775352735072374,1.4284834694117308
GER-Bundesliga,2526,Augsburg,Fabian Rieder,3,2025,121,12038,D F M S,32,2387,6,4.166463605128229,4,2.6509102871641517,3,5.375069449655712,38,44,4,0,11.631565358489752,6.491243749856949
GER-Bundesliga,2526,Augsburg,Finn Dahmen,3,2025,121,6596,GK,34,3060,0,0.6633901596069336,0,0.6633901596069336,0,0.29693676345050335,1,4,1,0,4.446497203782201,4.14956040866673
GER-Bundesliga,2526,Augsburg,Han-Noah Massengo,3,2025,121,7264,M S,33,2455,2,1.7316314969211817,2,1.7316314969211817,1,1.635585960932076,20,17,5,0,8.934063652530313,5.818135930225253
GER-Bundesliga,2526,Augsburg,Ismaël Gharbi,3,2025,121,9766,S,6,71,0,0.22596237063407898,0,0.22596237063407898,0,0.03212403133511543,3,1,0,0,0.1278797946870327,0.060474079102277756
GER-Bundesliga,2526,Augsburg,Jeffrey Gouweleeuw,3,2025,121,2665,D S,11,857,0,0.23693389631807804,0,0.23693389631807804,1,0.378789821639657,5,5,3,0,1.2999653723090887,1.004734518006444
GER-Bundesliga,2526,Augsburg,Keven Schlotterbeck,3,2025,121,7401,D S,24,2025,0,1.3001904971897602,0,0.5424138195812702,1,1.029070470482111,12,12,5,1,5.31422508880496,4.888037363067269
GER-Bundesliga,2526,Augsburg,Kristijan Jakic,3,2025,121,9986,D M S,26,1655,2,1.4403803190216422,2,1.4403803190216422,1,1.360763007774949,18,13,5,0,4.3531388053670526,3.167064012028277
GER-Bundesliga,2526,Augsburg,Mads Pedersen,3,2025,121,7809,D S,7,182,0,0.16506886668503284,0,0.16506886668503284,0,0.14851025491952896,3,4,0,0,1.0306250602006912,0.7902142554521561
GER-Bundesliga,2526,Augsburg,Marius Wolf,3,2025,121,2693,D F M S,29,1002,1,1.7143956972286105,1,1.7143956972286105,1,3.691459383815527,14,21,4,0,4.361116588115692,1.4035527957603335
GER-Bundesliga,2526,Augsburg,Mert Kömür,3,2025,121,11604,F M S,28,1455,2,4.645504482090473,2,4.645504482090473,4,2.76681075245142,41,21,1,0,7.051191717386246,1.7611310807988048
GER-Bundesliga,2526,Augsburg,Michael Gregoritsch,3,2025,121,171,F S,17,926,6,6.215451763942838,5,5.457675086334348,2,1.5184729620814323,29,7,2,0,6.945263855159283,2.2028554063290358
GER-Bundesliga,2526,Augsburg,Noahkai Banks,3,2025,121,13149,D S,23,1746,1,1.2308643972501159,1,1.2308643972501159,1,0.9259122600778937,9,7,8,0,4.726021298207343,3.706311522051692
GER-Bundesliga,2526,Augsburg,Phillip Tietz,3,2025,121,11845,F S,29,1811,6,11.598579058423638,6,10.840802321210504,2,1.9211469320580363,51,19,4,0,15.156334765255451,4.183608392253518
GER-Bundesliga,2526,Augsburg,Robin Fellhauer,3,2025,121,13865,D M S,34,2829,3,2.5917708398774266,3,2.5917708398774266,2,2.142268791794777,29,31,2,0,8.661767035722733,4.585818454623222
GER-Bundesliga,2526,Augsburg,Rodrigo Ribeiro,3,2025,121,12418,F S,14,629,2,4.629444479942322,2,4.629444479942322,0,0.026682153344154358,26,1,1,0,5.407829083502293,1.2390874158591032
GER-Bundesliga,2526,Augsburg,Samuel Essende,3,2025,121,12922,F S,14,361,1,1.4566263109445572,1,1.4566263109445572,0,0.4276743633672595,17,4,2,0,1.6914420491084456,0.13694370351731777
GER-Bundesliga,2526,Augsburg,Tim Schnitzer,3,2025,121,14252,S,1,1,0,0.0,0,0.0,0,0.0,0,0,0,0,0.0,0.0
GER-Bundesliga,2526,Augsburg,Uchenna Ogundu,3,2025,121,14455,S,5,33,0,0.15869352221488953,0,0.15869352221488953,0,0.0,3,0,0,0,0.2753217816352844,0.1592796854674816
GER-Bundesliga,2526,Augsburg,Yannik Keitel,3,2025,121,8206,D M S,6,247,0,0.0,0,0.0,0,0.0,0,0,2,0,0.5297181829810143,0.5297181829810143
GER-Bundesliga,2526,Bayer Leverkusen,Aleix García,3,2025,119,1055,M S,33,2708,3,2.478695845231414,3,2.478695845231414,7,6.065944831818342,30,49,6,0,21.396803221665323,18.524734436534345
GER-Bundesliga,2526,Bayer Leverkusen,Alejo Sarco,3,2025,119,13505,S,6,107,0,0.4211624972522259,0,0.4211624972522259,0,0.25054374895989895,4,2,0,0,0.9105963241308928,0.2895685136318207
GER-Bundesliga,2526,Bayer Leverkusen,Arthur,3,2025,119,11868,D S,20,1130,1,1.1891322792507708,1,1.1891322792507708,3,1.199713435024023,10,15,3,0,6.4784804452210665,5.219180366024375
GER-Bundesliga,2526,Bayer Leverkusen,Axel Tape,3,2025,119,13215,D S,6,214,0,0.1425793543457985,0,0.1425793543457985,0,0.0,3,0,1,0,0.692778505384922,0.5725748687982559
GER-Bundesliga,2526,Bayer Leverkusen,Ben Seghir,3,2025,119,10771,M S,10,229,0,0.09455513767898083,0,0.09455513767898083,0,1.2067486643791199,5,5,2,0,1.474426168948412,0.27676355838775635
GER-Bundesliga,2526,Bayer Leverkusen,Christian Kofane,3,2025,119,13856,F M S,29,1231,5,8.046371582895517,5,8.046371582895517,4,2.242532966658473,46,17,3,0,11.18430045247078,1.869088165462017
GER-Bundesliga,2526,Bayer Leverkusen,Claudio Echeverri,3,2025,119,13649,M S,6,112,0,0.11350106447935104,0,0.11350106447935104,0,0.04052872955799103,1,1,0,0,0.2705470249056816,0.15704596042633057
GER-Bundesliga,2526,Bayer Leverkusen,Edmond Tapsoba,3,2025,119,8317,D,29,2579,5,4.23943140450865,5,4.23943140450865,3,1.7085091285407543,29,11,7,0,16.401180177927017,14.981057460419834
GER-Bundesliga,2526,Bayer Leverkusen,Ernest Poku,3,2025,119,13857,D M S,29,1471,5,3.727354511618614,5,3.727354511618614,5,3.15851978585124,27,27,0,0,10.750237088650465,4.377705059945583
GER-Bundesliga,2526,Bayer Leverkusen,Exequiel Palacios,3,2025,119,8325,M S,18,1079,0,0.439077272079885,0,0.439077272079885,1,1.3159740213304758,10,13,3,0,7.690991470590234,7.098266148939729
GER-Bundesliga,2526,Bayer Leverkusen,Ezequiél Fernández,3,2025,119,14008,M S,20,1009,0,0.534800324589014,0,0.534800324589014,1,0.7951555736362934,11,8,2,1,7.9508191123604774,7.362088220193982
GER-Bundesliga,2526,Bayer Leverkusen,Ibrahim Maza,3,2025,119,11484,M S,28,1845,3,6.0146804098039865,3,6.0146804098039865,4,4.390553383156657,53,28,2,0,17.926695466041565,9.699600376188755
GER-Bundesliga,2526,Bayer Leverkusen,Janis Blaswich,3,2025,119,4313,GK S,11,928,0,0.0,0,0.0,0,0.09819561243057251,0,2,1,0,1.5909389518201351,1.4927433393895626
GER-Bundesliga,2526,Bayer Leverkusen,Jarell Quansah,3,2025,119,10187,D S,28,2303,3,3.567939020693302,3,3.567939020693302,0,0.9014928825199604,18,11,9,0,12.289946498349309,9.830473124980927
GER-Bundesliga,2526,Bayer Leverkusen,Jeanuël Belocian,3,2025,119,10300,D S,22,1543,0,0.42286456003785133,0,0.42286456003785133,1,0.4648522362112999,4,4,3,0,4.143129628151655,3.372005421668291
GER-Bundesliga,2526,Bayer Leverkusen,Jonas Hofmann,3,2025,119,320,D M S,23,997,2,2.1885164361447096,2,2.1885164361447096,2,2.7552873007953167,23,16,2,0,9.790684130042791,5.792823223397136
GER-Bundesliga,2526,Bayer Leverkusen,Loic Bade,3,2025,119,8665,D S,23,1655,0,1.2505972078070045,0,1.2505972078070045,0,0.13785948604345322,12,2,5,0,10.064088642597198,9.906061917543411
GER-Bundesliga,2526,Bayer Leverkusen,Lucas Vázquez,3,2025,119,2253,D S,12,483,1,0.9143912717700005,1,0.9143912717700005,2,2.509555133059621,4,10,2,0,5.7617636397480965,2.454696498811245
GER-Bundesliga,2526,Bayer Leverkusen,Malik Tillman,3,2025,119,9860,M S,29,1681,6,5.122428148984909,6,5.122428148984909,1,3.6048070788383484,34,27,2,0,12.581189319491386,5.058479489758611
GER-Bundesliga,2526,Bayer Leverkusen,Mark Flekken,3,2025,119,7047,GK,24,2132,0,0.0,0,0.0,0,0.07206714153289795,0,1,1,0,5.080403530970216,5.008336389437318
GER-Bundesliga,2526,Bayer Leverkusen,Martin Terrier,3,2025,119,5611,F M S,18,667,4,3.201124083250761,4,3.201124083250761,1,1.0998335517942905,17,10,1,0,6.173402037471533,2.4726594015955925
GER-Bundesliga,2526,Bayer Leverkusen,Montrell Culbreath,3,2025,119,14126,D S,12,756,1,2.02140474319458,1,2.02140474319458,0,0.39969558268785477,8,6,0,0,4.640004459768534,2.365470964461565
GER-Bundesliga,2526,Bayer Leverkusen,Nathan Tella,3,2025,119,8456,D M S,17,890,1,2.7824456579983234,1,2.7824456579983234,4,3.822403874248266,24,20,2,0,8.58071481436491,3.4000950502231717
GER-Bundesliga,2526,Bayer Leverkusen,Patrik Schick,3,2025,119,1236,F M S,28,2005,16,19.421328123658895,12,15.632444690912962,3,3.1920390371233225,72,14,2,0,18.847500883042812,3.710258255712688
GER-Bundesliga,2526,Bayer Leverkusen,Piero Hincapié,3,2025,119,9911,D,1,90,0,0.5172572731971741,0,0.5172572731971741,0,0.0,2,0,0,0,0.11583748459815979,0.056226696819067
GER-Bundesliga,2526,Bayer Leverkusen,Robert Andrich,3,2025,119,7877,D M S,32,2550,2,0.8109990963712335,2,0.8109990963712335,0,0.5380814289674163,12,12,4,1,14.814566032029688,14.427350432612002
GER-Bundesliga,2526,Bayer Leverkusen,Tim Oermann,3,2025,119,10862,S,2,12,0,0.0,0,0.0,0,0.060562897473573685,0,1,0,0,0.0,0.0
GER-Bundesliga,2526,Bayer Leverkusen,Álex Grimaldo,3,2025,119,11866,D,29,2539,8,6.761390760540962,5,4.488060817122459,7,10.24105754122138,61,69,5,0,19.19080664217472,13.631710644811392
GER-Bundesliga,2526,Bayern Munich,Aleksandar Pavlovic,3,2025,117,11547,M S,24,1451,3,1.549274168908596,3,1.549274168908596,1,1.9520273748785257,10,21,2,0,14.45808819681406,12.501133061945438
GER-Bundesliga,2526,Bayern Munich,Alphonso Davies,3,2025,117,7345,D S,13,521,1,0.44130267202854156,1,0.44130267202854156,3,1.301999389193952,4,9,1,0,6.602924805134535,5.091645808890462
GER-Bundesliga,2526,Bayern Munich,Bara Sapoko Ndiaye,3,2025,117,14569,M S,4,146,0,0.0,0,0.0,0,0.0,0,0,0,0,0.4601020887494087,0.4601020887494087
GER-Bundesliga,2526,Bayern Munich,Cassiano Kiala,3,2025,117,14071,S,1,1,0,0.0,0,0.0,0,0.0,0,0,0,0,0.4981572926044464,0.4981572926044464
GER-Bundesliga,2526,Bayern Munich,David Santos,3,2025,117,14130,S,2,25,0,0.030350076034665108,0,0.030350076034665108,0,0.0,1,0,0,0,1.1598855257034302,1.1598855257034302
GER-Bundesliga,2526,Bayern Munich,Dayotchanculle Upamecano,3,2025,117,5243,D S,24,1805,1,0.8303499147295952,1,0.8303499147295952,1,1.4384191930294037,8,11,4,0,14.301490493118763,13.812318220734596
GER-Bundesliga,2526,Bayern Munich,Deniz Ofli,3,2025,117,14269,S,1,2,0,0.0,0,0.0,0,0.0,0,0,0,0,0.0,0.0
GER-Bundesliga,2526,Bayern Munich,Erblin Osmani,3,2025,117,14542,S,1,2,0,0.0,0,0.0,0,0.0,0,0,0,0,0.0,0.0
GER-Bundesliga,2526,Bayern Munich,Felipe Chávez,3,2025,117,14267,S,9,88,0,0.2693987935781479,0,0.2693987935781479,0,0.11142665147781372,6,1,0,0,0.5579832904040813,0.3327908180654049
GER-Bundesliga,2526,Bayern Munich,Harry Kane,3,2025,117,647,F M S,31,2385,36,29.57998568098992,26,21.244441921822727,5,7.403329385444522,119,40,1,0,34.28957922756672,10.577369537204504
GER-Bundesliga,2526,Bayern Munich,Hiroki Ito,3,2025,117,9715,D S,16,918,1,1.4966442808508873,1,1.4966442808508873,2,1.0980801191180944,10,6,0,0,5.908010467886925,5.104044854640961
GER-Bundesliga,2526,Bayern Munich,Jamal Musiala,3,2025,117,8418,F M S,15,666,3,5.00371415540576,2,4.245937447994947,4,2.7409376837313175,30,17,1,0,9.546371098607779,3.1022165343165398
GER-Bundesliga,2526,Bayern Munich,Jonah Kusi-Asare,3,2025,117,13262,S,1,1,0,0.0,0,0.0,0,0.0,0,0,0,0,0.0,0.0
GER-Bundesliga,2526,Bayern Munich,Jonas Urbig,3,2025,117,9861,GK S,14,1100,0,0.0,0,0.0,0,0.1030491515994072,0,1,0,0,5.324276648461819,5.324276648461819
GER-Bundesliga,2526,Bayern Munich,Jonathan Tah,3,2025,117,183,D S,28,2031,2,0.6638064542785287,2,0.6638064542785287,1,0.5882400423288345,8,5,7,0,11.72725062072277,11.33160012960434
GER-Bundesliga,2526,Bayern Munich,Joshua Kimmich,3,2025,117,223,M S,29,2268,2,2.3646036218851805,2,2.3646036218851805,8,7.569489678367972,28,56,3,0,27.785482317209244,21.9056276679039
GER-Bundesliga,2526,Bayern Munich,Josip Stanisic,3,2025,117,9458,D S,26,1842,2,1.4695102348923683,2,1.4695102348923683,3,3.6430143248289824,7,24,1,0,17.444418190047145,15.49496734701097
GER-Bundesliga,2526,Bayern Munich,Kim Min-Jae,3,2025,117,10986,D S,25,1621,1,0.7258729934692383,1,0.7258729934692383,1,0.4743431285023689,5,4,1,0,14.772583492100239,14.365923717617989
GER-Bundesliga,2526,Bayern Munich,Konrad Laimer,3,2025,117,6109,D M S,29,1997,3,2.826949080452323,3,2.826949080452323,9,4.989689355716109,17,43,9,0,20.52084405720234,14.751735255122185
GER-Bundesliga,2526,Bayern Munich,Lennart Karl,3,2025,117,13573,M S,26,1268,5,7.12136466614902,5,7.12136466614902,5,2.79079039208591,42,23,1,0,17.725263914093375,9.104842718690634
GER-Bundesliga,2526,Bayern Munich,Leon Goretzka,3,2025,117,335,M S,31,2004,5,4.884574018418789,5,4.884574018418789,3,2.346890510059893,35,21,4,0,16.531479734927416,14.036005043424666
GER-Bundesliga,2526,Bayern Munich,Luis Díaz,3,2025,117,10408,M S,32,2464,15,14.85997650027275,15,14.85997650027275,14,10.122723823413253,88,65,5,1,36.54146680980921,15.259370246902108
GER-Bundesliga,2526,Bayern Munich,Manuel Neuer,3,2025,117,217,GK,22,1870,0,0.0,0,0.0,0,0.0,0,0,0,0,7.1371871791779995,7.1371871791779995
GER-Bundesliga,2526,Bayern Munich,Maycon Douglas Cardozo,3,2025,117,14505,S,2,31,0,0.0,0,0.0,0,0.0,0,0,0,0,0.6299315690994263,0.6299315690994263
GER-Bundesliga,2526,Bayern Munich,Michael Olise,3,2025,117,9948,M S,32,2308,15,11.545709690079093,15,11.545709690079093,19,17.044203309342265,102,79,8,0,39.00864061713219,16.973004333674908
GER-Bundesliga,2526,Bayern Munich,Nicolas Jackson,3,2025,117,10048,F M S,23,991,8,8.492001624777913,8,8.492001624777913,1,2.0896335784345865,38,17,2,1,13.03456012159586,3.1939167426899076
GER-Bundesliga,2526,Bayern Munich,Raphael Guerreiro,3,2025,117,3455,M S,18,779,5,3.528638795018196,5,3.528638795018196,2,2.275534149259329,12,19,0,0,9.012822458520532,4.25221517123282
GER-Bundesliga,2526,Bayern Munich,Sacha Boey,3,2025,117,7511,D S,9,458,0,0.39243242517113686,0,0.39243242517113686,0,0.1832207404077053,6,4,1,0,2.850109562277794,2.335632123053074
GER-Bundesliga,2526,Bayern Munich,Serge Gnabry,3,2025,117,993,F M S,21,1280,8,6.26451538130641,8,6.26451538130641,6,5.150685242377222,50,22,1,0,16.288242295384407,8.140462888404727
GER-Bundesliga,2526,Bayern Munich,Sven Ulreich,3,2025,117,231,GK,1,90,0,0.0,0,0.0,0,0.0,0,0,1,0,0.47508424520492554,0.47508424520492554
GER-Bundesliga,2526,Bayern Munich,Tom Bischof,3,2025,117,10289,D M S,26,1282,3,1.9813645593822002,3,1.9813645593822002,3,2.8520854637026787,30,24,2,0,11.289959888905287,8.018809024244547
GER-Bundesliga,2526,Bayern Munich,Wisdom Mike,3,2025,117,13421,S,4,18,0,0.10484713315963745,0,0.10484713315963745,0,0.0,2,0,0,0,0.35970722883939743,0.25486009567976
GER-Bundesliga,2526,Borussia Dortmund,Aaron Anselmino,3,2025,129,13460,D S,6,368,1,0.05440906062722206,1,0.05440906062722206,0,0.0,1,0,0,0,1.099787350744009,1.099787350744009
GER-Bundesliga,2526,Borussia Dortmund,Almugera Kabar,3,2025,129,13056,S,1,14,0,0.04891660809516907,0,0.04891660809516907,0,0.0,1,0,0,0,0.04891660809516907,0.0
GER-Bundesliga,2526,Borussia Dortmund,Carney Chukwuemeka,3,2025,129,9356,F M S,28,869,2,2.446924611926079,2,2.446924611926079,0,0.6348967775702477,18,11,2,0,5.285868251696229,2.7434701044112444
GER-Bundesliga,2526,Borussia Dortmund,Cole Campbell,3,2025,129,13131,S,6,64,0,0.18991899117827415,0,0.18991899117827415,0,0.2815333306789398,2,3,0,0,1.1457072533667088,0.7706655748188496
GER-Bundesliga,2526,Borussia Dortmund,Daniel Svensson,3,2025,129,13424,D M S,33,2454,2,2.9300006814301014,2,2.9300006814301014,2,4.297698555514216,12,35,0,0,10.653507748618722,6.346277633681893
GER-Bundesliga,2526,Borussia Dortmund,Emre Can,3,2025,129,604,D S,9,627,3,2.363978619687259,0,0.09064858686178923,0,0.0,5,0,3,0,2.4536785297095776,2.376001711934805
GER-Bundesliga,2526,Borussia Dortmund,Fabio Silva,3,2025,129,8778,F M S,28,784,2,2.105187201872468,2,2.105187201872468,6,2.759688064455986,23,17,3,0,7.064148070290685,2.9445341546088457
GER-Bundesliga,2526,Borussia Dortmund,Felix Nmecha,3,2025,129,9202,M S,29,2208,2,3.364070465788245,2,2.6062937285751104,3,1.8235643226653337,33,20,0,0,12.040448106825352,9.09173360094428
GER-Bundesliga,2526,Borussia Dortmund,Filippo Mané,3,2025,129,13017,D S,4,142,0,0.0,0,0.0,0,0.0,0,0,0,1,0.6807209551334381,0.6807209551334381
GER-Bundesliga,2526,Borussia Dortmund,Gregor Kobel,3,2025,129,5288,GK,34,3060,0,0.0,0,0.0,0,0.0,0,0,3,0,5.751318110153079,5.751318110153079
GER-Bundesliga,2526,Borussia Dortmund,Jobe Bellingham,3,2025,129,13887,M S,32,1779,0,0.9893369525671005,0,0.9893369525671005,1,0.7723528351634741,19,9,2,1,9.601684469729662,8.472049668431282
GER-Bundesliga,2526,Borussia Dortmund,Julian Brandt,3,2025,129,261,F M S,29,1601,7,5.1042488645762205,7,5.1042488645762205,4,5.293923227116466,38,30,0,0,13.624381331726909,5.712044969201088
GER-Bundesliga,2526,Borussia Dortmund,Julian Ryerson,3,2025,129,7997,D S,31,2288,0,1.086410315707326,0,1.086410315707326,15,10.857275873422623,12,57,8,0,13.329593954607844,9.274812629446387
GER-Bundesliga,2526,Borussia Dortmund,Karim Adeyemi,3,2025,129,10772,F M S,28,1218,7,5.2152209877967834,7,5.2152209877967834,4,3.458098405972123,31,16,5,0,11.94034506380558,4.0952072106301785
GER-Bundesliga,2526,Borussia Dortmund,Luca Reggiani,3,2025,129,14420,D S,8,515,1,0.460574084892869,1,0.460574084892869,0,0.04038633406162262,3,2,2,0,2.269562177360058,2.2139969542622566
GER-Bundesliga,2526,Borussia Dortmund,Marcel Sabitzer,3,2025,129,5248,M S,26,1835,1,1.149563044309616,1,1.149563044309616,2,2.240061067044735,20,15,3,0,8.931432373821735,6.333587545901537
GER-Bundesliga,2526,Borussia Dortmund,Mathis Albert,3,2025,129,14422,S,1,1,0,0.0,0,0.0,0,0.0,0,0,0,0,0.027241842821240425,0.027241842821240425
GER-Bundesliga,2526,Borussia Dortmund,Maximilian Beier,3,2025,129,8137,D F M S,32,2069,9,8.248568028211594,9,8.248568028211594,6,4.9559360314160585,50,25,3,0,16.043212147429585,5.098700201138854
GER-Bundesliga,2526,Borussia Dortmund,Nico Schlotterbeck,3,2025,129,7485,D,28,2520,5,3.80366291385144,5,3.80366291385144,1,1.0600993894040585,32,12,8,0,11.601791122928262,10.63110581971705
GER-Bundesliga,2526,Borussia Dortmund,Niklas Süle,3,2025,129,75,D S,11,487,0,0.03355417028069496,0,0.03355417028069496,1,0.2960160970687866,2,2,3,0,2.3257176280021667,2.232322722673416
GER-Bundesliga,2526,Borussia Dortmund,Pascal Groß,3,2025,129,239,M S,11,619,0,0.8347828388214111,0,0.8347828388214111,1,1.3404343351721764,8,11,0,0,4.495197154581547,3.2702609561383724
GER-Bundesliga,2526,Borussia Dortmund,Ramy Bensebaini,3,2025,129,3349,D S,21,1524,5,3.257725358940661,3,1.742172003723681,2,0.7206321377307177,17,11,6,0,6.887229710817337,6.485647883266211
GER-Bundesliga,2526,Borussia Dortmund,Salih Özcan,3,2025,129,5294,S,11,55,0,0.1352226883172989,0,0.1352226883172989,0,0.15148783661425114,1,2,0,0,0.9041102360934019,0.6446415539830923
GER-Bundesliga,2526,Borussia Dortmund,Samuele Inácio,3,2025,129,14421,M S,7,371,1,2.006677269935608,1,2.006677269935608,0,0.9181690961122513,9,8,2,0,3.439340591430664,1.4145637080073357
GER-Bundesliga,2526,Borussia Dortmund,Serhou Guirassy,3,2025,129,3738,F S,33,2366,17,19.91118175908923,16,17.63785172626376,1,1.9295950140804052,84,20,3,0,19.162629645317793,4.181204119697213
GER-Bundesliga,2526,Borussia Dortmund,Waldemar Anton,3,2025,129,106,D,32,2880,2,1.8469386994838715,2,1.8469386994838715,0,0.4476184593513608,16,8,3,0,13.16260596551001,12.66744858212769
GER-Bundesliga,2526,Borussia Dortmund,Yan Couto,3,2025,129,10946,D M S,19,989,2,0.9633320793509483,2,0.9633320793509483,2,2.849770877510309,9,17,4,0,6.886968974024057,4.392777647823095
GER-Bundesliga,2526,Borussia M.Gladbach,Charles Herrmann,3,2025,130,13621,S,1,1,0,0.0,0,0.0,1,0.37863999605178833,0,1,0,0,0.0,0.0
GER-Bundesliga,2526,Borussia M.Gladbach,Fabio Chiarodia,3,2025,130,11073,D S,15,669,0,0.9675312228500843,0,0.9675312228500843,0,0.013700447976589203,4,1,1,0,1.9361455738544464,1.8917616251856089
GER-Bundesliga,2526,Borussia M.Gladbach,Florian Neuhaus,3,2025,130,7065,F M S,17,945,0,1.392402342054993,0,1.392402342054993,1,1.0026175901293755,22,9,0,0,4.8506131283938885,3.3897639103233814
GER-Bundesliga,2526,Borussia M.Gladbach,Franck Honorat,3,2025,130,3314,D F M S,28,2021,2,0.8942651934921741,2,0.8942651934921741,6,7.341735703870654,17,45,0,0,9.130235239863396,3.1209773272275925
GER-Bundesliga,2526,Borussia M.Gladbach,Giovanni Reyna,3,2025,130,8191,M S,19,485,1,0.667095934972167,1,0.667095934972167,0,1.5534863928332925,7,12,1,0,3.324709984473884,1.414455235004425
GER-Bundesliga,2526,Borussia M.Gladbach,Grant-Leon Ranos,3,2025,130,11847,S,8,89,1,0.5348599851131439,1,0.5348599851131439,0,0.08121008425951004,4,1,1,0,0.5956991165876389,0.057218391448259354
GER-Bundesliga,2526,Borussia M.Gladbach,Haris Tabakovic,3,2025,130,13013,F S,32,2424,13,14.339333239942789,13,12.823779825121164,2,1.8832440096884966,67,16,5,0,12.752545801922679,2.8414238188415766
GER-Bundesliga,2526,Borussia M.Gladbach,Hugo Bolin,3,2025,130,14428,M S,13,534,1,1.1613999009132385,1,1.1613999009132385,1,0.507491935044527,15,8,0,0,2.3938754983246326,0.9783000312745571
GER-Bundesliga,2526,Borussia M.Gladbach,Jan Urbich,3,2025,130,14121,S,3,28,0,0.0,0,0.0,0,0.027196358889341354,0,1,0,0,0.13196995854377747,0.10477359592914581
GER-Bundesliga,2526,Borussia M.Gladbach,Jens Castrop,3,2025,130,13919,D F M S,26,1613,3,4.301225297152996,3,4.301225297152996,1,1.405629888176918,30,18,2,2,8.649649377912283,4.086695464327931
GER-Bundesliga,2526,Borussia M.Gladbach,Joe Scally,3,2025,130,9674,D M S,32,2615,2,2.700111205689609,2,2.700111205689609,3,1.6180403884500265,17,18,8,0,9.640508973039687,6.971373248845339
GER-Bundesliga,2526,Borussia M.Gladbach,Kevin Diks,3,2025,130,1427,D S,30,2472,5,4.184454521164298,1,1.1533477455377579,0,0.704138720408082,23,8,6,0,8.415256265550852,7.45520737580955
GER-Bundesliga,2526,Borussia M.Gladbach,Kevin Stöger,3,2025,130,7058,M S,29,1322,1,2.0543773360550404,1,1.2966006584465504,1,2.050934341736138,23,27,3,0,6.800350913777947,5.208155047148466
GER-Bundesliga,2526,Borussia M.Gladbach,Kota Takai,3,2025,130,14279,D S,8,329,0,0.4108753725886345,0,0.4108753725886345,0,0.03324531391263008,3,2,1,0,1.190738558769226,0.8015755638480186
GER-Bundesliga,2526,Borussia M.Gladbach,Luca Netz,3,2025,130,8401,D S,15,937,0,0.03837163746356964,0,0.03837163746356964,2,2.4323443844914436,2,10,1,0,3.8024985706433654,3.305356069467962
GER-Bundesliga,2526,Borussia M.Gladbach,Lukas Ullrich,3,2025,130,11991,D M S,23,1301,0,0.7565966881811619,0,0.7565966881811619,0,0.9062265641987324,10,14,2,0,5.585675872862339,4.3064204677939415
GER-Bundesliga,2526,Borussia M.Gladbach,Marvin Friedrich,3,2025,130,370,D S,6,144,0,0.0,0,0.0,0,0.0,0,0,0,0,0.17006514221429825,0.17006514221429825
GER-Bundesliga,2526,Borussia M.Gladbach,Moritz Nicolas,3,2025,130,6321,GK,34,3060,0,0.0,0,0.0,0,0.3480205573141575,0,2,1,0,4.788933951407671,4.440913397818804
GER-Bundesliga,2526,Borussia M.Gladbach,Nico Elvedi,3,2025,130,212,D,33,2968,0,0.38125199917703867,0,0.38125199917703867,2,1.3621343988925219,9,13,5,0,8.829203316941857,7.860639678314328
GER-Bundesliga,2526,Borussia M.Gladbach,Oscar Fraulo,3,2025,130,10728,S,4,30,1,0.7350285053253174,1,0.7350285053253174,0,0.0,1,0,0,0,0.8669984638690948,0.13196995854377747
GER-Bundesliga,2526,Borussia M.Gladbach,Philipp Sander,3,2025,130,12915,D M S,30,2475,2,1.3780800057575107,2,1.3780800057575107,0,0.8148279991000891,25,11,4,0,10.055795773863792,8.980093076825142
GER-Bundesliga,2526,Borussia M.Gladbach,Robin Hack,3,2025,130,6351,M S,8,311,1,0.7763836495578289,1,0.7763836495578289,0,0.8660388067364693,11,12,1,0,2.028105780482292,0.7544244416058064
GER-Bundesliga,2526,Borussia M.Gladbach,Rocco Reitz,3,2025,130,8826,M,31,2669,0,2.6513977786526084,0,2.6513977786526084,4,3.9927790025249124,47,28,8,1,13.191347749903798,8.105832872912288
GER-Bundesliga,2526,Borussia M.Gladbach,Shuto Machino,3,2025,130,12934,F M S,32,1046,3,3.816984537988901,3,3.816984537988901,1,1.0832749512046576,25,14,2,0,6.017082850448787,1.487306335940957
GER-Bundesliga,2526,Borussia M.Gladbach,Tim Kleindienst,3,2025,130,6142,S,3,5,0,0.0,0,0.0,0,0.0,0,0,0,0,0.0,0.0
GER-Bundesliga,2526,Borussia M.Gladbach,Wael Mohya,3,2025,130,14123,F M S,15,533,2,1.0975704565644264,2,1.0975704565644264,1,0.19751200266182423,11,4,1,0,1.5268700160086155,0.8649591617286205
GER-Bundesliga,2526,Borussia M.Gladbach,Yannick Engelhardt,3,2025,130,10497,M S,31,2506,2,2.415684091858566,2,2.415684091858566,2,1.0784621722996235,21,15,7,0,8.806699713692069,6.679585227742791
GER-Bundesliga,2526,Eintracht Frankfurt,Ansgar Knauff,3,2025,132,8989,D F M S,28,1302,4,3.700697695836425,4,3.700697695836425,1,2.9085339084267616,34,17,3,0,9.420183572918177,3.9200564324855804
GER-Bundesliga,2526,Eintracht Frankfurt,Arnaud Kalimuendo Muinga,3,2025,132,8056,F M S,19,1431,6,4.879936292767525,6,4.879936292767525,1,1.597496423870325,30,22,4,0,7.5233531557023525,2.052781267091632
GER-Bundesliga,2526,Eintracht Frankfurt,Arthur Theate,3,2025,132,9999,D,24,2147,1,1.423735129646957,1,1.423735129646957,0,0.5266659539192915,16,11,8,0,9.639633066952229,8.652226217091084
GER-Bundesliga,2526,Eintracht Frankfurt,Aurèle Amenda,3,2025,132,12955,D S,24,1664,0,1.009096633642912,0,1.009096633642912,0,0.33609938621520996,10,6,5,0,5.7146389447152615,5.516352321952581
GER-Bundesliga,2526,Eintracht Frankfurt,Aurélio Buta,3,2025,132,11311,D S,4,131,0,0.029344476759433746,0,0.029344476759433746,0,0.07674846798181534,1,1,1,0,0.22252386063337326,0.14577539265155792
GER-Bundesliga,2526,Eintracht Frankfurt,Ayoube Amaimouni-Echghouyab,3,2025,132,14331,D F M S,17,551,2,0.5620515374466777,2,0.5620515374466777,3,0.641688815318048,12,6,1,0,1.6453642882406712,0.6972493827342987
GER-Bundesliga,2526,Eintracht Frankfurt,Can Uzun,3,2025,132,12954,M S,21,1178,8,4.544798476621509,7,3.7870217841118574,4,2.6320750545710325,41,19,3,0,8.537243850529194,3.061049897223711
GER-Bundesliga,2526,Eintracht Frankfurt,Elias Baum,3,2025,132,12250,S,5,64,0,0.0,0,0.0,0,0.02290719375014305,0,1,0,0,0.193947222083807,0.17104003205895424
GER-Bundesliga,2526,Eintracht Frankfurt,Ellyes Skhiri,3,2025,132,3347,D M S,25,1439,0,0.7644057050347328,0,0.7644057050347328,0,0.30664572678506374,8,7,1,1,6.156647648662329,5.555669544264674
GER-Bundesliga,2526,Eintracht Frankfurt,Farès Chaïbi,3,2025,132,10792,D F M S,28,1822,2,3.5245760353282094,2,3.5245760353282094,9,5.035042706876993,35,40,2,0,11.084196873009205,5.737020939588547
GER-Bundesliga,2526,Eintracht Frankfurt,Hugo Larsson,3,2025,132,11911,M S,25,1839,2,1.4220624901354313,2,1.4220624901354313,2,1.1869177855551243,13,19,0,0,5.631294704973698,3.755781836807728
GER-Bundesliga,2526,Eintracht Frankfurt,Jean Négoce,3,2025,132,10830,F M S,27,1322,3,2.1764128422364593,3,2.1764128422364593,4,4.017119113355875,29,31,2,0,8.62068572640419,3.9261697940528393
GER-Bundesliga,2526,Eintracht Frankfurt,Jessic Ngankam,3,2025,132,8396,S,3,50,0,0.0,0,0.0,0,0.0,0,0,0,0,0.0,0.0
GER-Bundesliga,2526,Eintracht Frankfurt,Jonathan Burkardt,3,2025,132,7108,F S,22,1351,13,13.116983085870743,9,10.085876282304525,1,0.6681167893111706,41,9,1,0,12.243965607136488,3.2149797938764095
GER-Bundesliga,2526,Eintracht Frankfurt,Kauã Santos,3,2025,132,12075,GK,13,1084,0,0.0,0,0.0,0,0.0,0,0,0,0,2.191868357360363,2.191868357360363
GER-Bundesliga,2526,Eintracht Frankfurt,Love Arrhov,3,2025,132,14415,M S,5,58,0,0.0,0,0.0,0,0.08526118099689484,0,1,1,0,0.08526118099689484,0.0
GER-Bundesliga,2526,Eintracht Frankfurt,Mahmoud Dahoud,3,2025,132,205,F M S,15,722,2,0.7852020431309938,2,0.7852020431309938,3,0.3229838218539953,17,7,0,0,3.258342294022441,2.4602439450100064
GER-Bundesliga,2526,Eintracht Frankfurt,Mario Götze,3,2025,132,422,M S,21,880,0,0.43461785465478897,0,0.43461785465478897,0,2.8592700120061636,5,14,1,0,3.92476156540215,2.630390318110585
GER-Bundesliga,2526,Eintracht Frankfurt,Michael Zetterer,3,2025,132,126,GK S,22,1976,0,0.0,0,0.0,0,0.0,0,0,1,0,3.5288164438679814,3.5288164438679814
GER-Bundesliga,2526,Eintracht Frankfurt,Michy Batshuayi,3,2025,132,1678,F S,6,123,1,1.0145394168794155,0,0.2567627318203449,0,0.18608162552118301,5,2,0,0,0.48219047114253044,0.17199566960334778
GER-Bundesliga,2526,Eintracht Frankfurt,Nathaniel Brown,3,2025,132,13122,D M S,33,2668,4,2.06600034981966,4,2.06600034981966,4,3.1800129488110542,18,34,3,0,10.054680230095983,6.042703531682491
GER-Bundesliga,2526,Eintracht Frankfurt,Nnamdi Collins,3,2025,132,12430,D S,23,1490,1,0.6856478173285723,1,0.6856478173285723,2,0.4561577998101711,3,3,4,0,6.877490270882845,6.092026978731155
GER-Bundesliga,2526,Eintracht Frankfurt,Oscar Højlund,3,2025,132,12952,M S,24,1082,1,0.6138702277094126,1,0.6138702277094126,1,1.0660392343997955,7,7,2,1,3.1818068362772465,1.8266832381486893
GER-Bundesliga,2526,Eintracht Frankfurt,Rasmus Kristensen,3,2025,132,10750,D S,22,1555,2,1.1268442515283823,2,1.1268442515283823,0,1.3801484052091837,15,8,4,1,6.246252434328198,5.263705998659134
GER-Bundesliga,2526,Eintracht Frankfurt,Ritsu Doan,3,2025,132,8791,D F M S,31,2425,5,4.125860132277012,5,4.125860132277012,5,6.517447140067816,41,39,5,0,13.874625666067004,6.948057568632066
GER-Bundesliga,2526,Eintracht Frankfurt,Robin Koch,3,2025,132,6273,D,32,2840,3,1.926746228709817,3,1.926746228709817,1,0.7194755170494318,15,10,1,1,8.281017616391182,7.552546437829733
GER-Bundesliga,2526,Eintracht Frankfurt,Sepe Elye Wahi,3,2025,132,9182,F S,10,309,0,1.0327077973634005,0,1.0327077973634005,1,0.5964227598160505,7,4,1,0,1.7842910178005695,0.2781498059630394
GER-Bundesliga,2526,Eintracht Frankfurt,Timothy Chandler,3,2025,132,359,S,1,6,0,0.0,0,0.0,0,0.043825019150972366,0,1,0,0,0.043825019150972366,0.043825019150972366
GER-Bundesliga,2526,Eintracht Frankfurt,Younes Ebnoutalib,3,2025,132,14329,F S,5,127,1,0.5632690861821175,1,0.5632690861821175,0,0.1448395550251007,5,2,0,0,0.6283156871795654,0.09378467500209808
GER-Bundesliga,2526,FC Cologne,Alessio Castro-Montes,3,2025,134,14025,D M S,14,662,1,1.2529878905043006,1,1.2529878905043006,3,2.332611743360758,8,23,2,0,5.1476816944777966,2.3612621556967497
GER-Bundesliga,2526,FC Cologne,Cenk Özkacar,3,2025,134,9015,D S,25,1786,0,1.0993556138128042,0,1.0993556138128042,0,0.20536327734589577,11,5,2,0,4.010641107335687,3.955500142648816
GER-Bundesliga,2526,FC Cologne,Cenny Neumann,3,2025,134,14237,D S,2,74,0,0.0,0,0.0,0,0.0,0,0,0,0,0.8872855305671692,0.8872855305671692
GER-Bundesliga,2526,FC Cologne,Denis Huseinbasic,3,2025,134,11074,M S,15,726,0,0.2053355174139142,0,0.2053355174139142,0,0.2871539294719696,6,4,1,0,1.7169383829459548,1.3208936033770442
GER-Bundesliga,2526,FC Cologne,Dominique Heintz,3,2025,134,129,D S,9,381,0,0.0,0,0.0,0,0.07533709704875946,0,1,0,0,0.7893091775476933,0.7139720823615789
GER-Bundesliga,2526,FC Cologne,Eric Martel,3,2025,134,9053,D M S,31,2579,2,1.814234547317028,2,1.814234547317028,2,2.0577999372035265,23,14,10,1,9.843018800020218,7.845337048172951
GER-Bundesliga,2526,FC Cologne,Florian Kainz,3,2025,134,5231,M S,15,245,1,0.930009800940752,1,0.930009800940752,1,0.31869447231292725,8,8,1,0,2.48546302318573,1.5909147337079048
GER-Bundesliga,2526,FC Cologne,Fynn Schenten,3,2025,134,14253,F S,7,86,0,0.030162783339619637,0,0.030162783339619637,0,0.36186322569847107,1,1,0,0,0.3920260090380907,0.36186322569847107
GER-Bundesliga,2526,FC Cologne,Gian-Luca Waldschmidt,3,2025,134,294,F M S,24,633,5,5.948785305023193,3,4.433231964707375,5,2.634590631350875,26,14,1,0,9.19165263697505,3.074689901433885
GER-Bundesliga,2526,FC Cologne,Jahmai Simpson-Pusey,3,2025,134,13185,D S,11,863,0,0.305854395031929,0,0.305854395031929,0,0.09932500869035721,6,2,2,1,1.9975699912756681,1.8982449751347303
GER-Bundesliga,2526,FC Cologne,Jakub Kaminski,3,2025,134,10732,D F M,34,3031,7,7.96647222340107,7,7.96647222340107,3,5.589305056259036,62,50,4,0,18.4370434358716,9.42793507874012
GER-Bundesliga,2526,FC Cologne,Jan Thielmann,3,2025,134,8205,D F M S,26,1582,3,2.051962135359645,3,2.051962135359645,1,0.9982307981699705,27,14,4,0,7.126834977418184,4.80776459723711
GER-Bundesliga,2526,FC Cologne,Joël Schmied,3,2025,134,13907,D S,16,1090,0,0.22122081648558378,0,0.22122081648558378,0,0.14580537378787994,4,2,5,0,2.9376384019851685,2.8404782209545374
GER-Bundesliga,2526,FC Cologne,Jusuf Gazibegovic,3,2025,134,13912,S,1,17,0,0.0,0,0.0,0,0.0,0,0,0,0,0.04475236311554909,0.04475236311554909
GER-Bundesliga,2526,FC Cologne,Kristoffer Lund,3,2025,134,13909,D M S,33,2319,0,0.631946531124413,0,0.631946531124413,2,1.743918489664793,20,20,2,0,8.249548189342022,6.765429270453751
GER-Bundesliga,2526,FC Cologne,Linton Maina,3,2025,134,6638,D F M S,24,1007,2,1.2888539992272854,2,1.2888539992272854,0,3.1843907181173563,20,17,0,0,6.206527906470001,2.01717865280807
GER-Bundesliga,2526,FC Cologne,Marius Bülter,3,2025,134,7879,F M S,32,1578,5,3.9796841125935316,5,3.9796841125935316,4,4.703826729208231,42,26,3,0,10.374455876648426,3.821078972890973
GER-Bundesliga,2526,FC Cologne,Marvin Schwäbe,3,2025,134,4376,GK,34,3060,0,0.0,0,0.0,0,0.36419060826301575,0,1,2,0,5.936441767960787,5.572251129895449
GER-Bundesliga,2526,FC Cologne,Ragnar Ache,3,2025,134,8869,F S,29,1739,7,11.002535559237003,7,11.002535559237003,4,2.971193479374051,52,28,3,0,12.966331753879786,3.5218909652903676
GER-Bundesliga,2526,FC Cologne,Rav van den Berg,3,2025,134,13913,D S,14,1138,0,0.10706858336925507,0,0.10706858336925507,1,0.49569860100746155,1,1,0,1,2.7127026673406363,2.7127026673406363
GER-Bundesliga,2526,FC Cologne,Said El Mala,3,2025,134,13911,F M S,34,1965,13,12.582745539024472,12,11.824968876317143,4,4.186228644102812,74,20,4,0,17.244747333228588,3.3356826342642307
GER-Bundesliga,2526,FC Cologne,Sebastian Sebulonsen,3,2025,134,13908,D S,31,2519,0,1.4893776644021273,0,1.4893776644021273,0,2.7618500273674726,31,21,5,0,11.220519538968801,8.312318425625563
GER-Bundesliga,2526,FC Cologne,Timo Hübers,3,2025,134,6403,D,8,681,0,0.0,0,0.0,0,0.0,0,0,0,0,2.0205610003322363,2.0205610003322363
GER-Bundesliga,2526,FC Cologne,Tom Krauß,3,2025,134,8092,D M S,26,1779,0,0.38867363054305315,0,0.38867363054305315,2,1.2642290331423283,9,15,4,0,7.146091844886541,6.019498575478792
GER-Bundesliga,2526,FC Cologne,Youssoupha Niang,3,2025,134,14337,M S,10,179,0,0.3172231260687113,0,0.3172231260687113,0,0.183741956949234,5,3,0,0,0.5464278757572174,0.06479304283857346
GER-Bundesliga,2526,FC Cologne,Ísak Bergmann Jóhannesson,3,2025,134,13910,M S,31,1830,2,1.4332966785877943,2,1.4332966785877943,2,2.4116498064249754,14,33,6,0,9.597796699032187,7.102902231737971
GER-Bundesliga,2526,FC Heidenheim,Adam Kölle,3,2025,280,13862,S,6,73,1,1.0184025764465332,1,1.0184025764465332,0,0.03532744571566582,3,1,1,0,0.1584107019007206,0.03532744571566582
GER-Bundesliga,2526,FC Heidenheim,Adrian Beck,3,2025,280,11855,M S,24,847,1,1.0052050724625587,1,1.0052050724625587,1,2.5323722325265408,11,18,1,0,4.7692983113229275,3.3315641935914755
GER-Bundesliga,2526,FC Heidenheim,Arijon Ibrahimovic,3,2025,280,10248,D F M S,32,2196,2,5.665725396946073,1,4.907948734238744,4,6.767920413985848,47,56,1,0,12.540066696703434,3.6231829980388284
GER-Bundesliga,2526,FC Heidenheim,Benedikt Gimber,3,2025,280,11864,D S,21,1467,0,0.4965052902698517,0,0.4965052902698517,0,0.21245378255844116,4,1,6,0,2.2927268696948886,2.2330755470320582
GER-Bundesliga,2526,FC Heidenheim,Budu Zivzivadze,3,2025,280,13323,F S,20,1148,6,5.819976218044758,6,5.819976218044758,0,0.9086363017559052,28,7,2,1,5.734111532568932,0.7583490833640099
GER-Bundesliga,2526,FC Heidenheim,Christian Conteh,3,2025,280,14451,F M S,9,398,0,0.13346002995967865,0,0.13346002995967865,0,1.3750529736280441,3,7,0,0,2.3051720559597015,0.796659043058753
GER-Bundesliga,2526,FC Heidenheim,Diant Ramaj,3,2025,280,9753,GK,31,2790,0,0.0,0,0.0,1,0.30300217866897583,0,1,2,0,4.836176889017224,4.533174702897668
GER-Bundesliga,2526,FC Heidenheim,Eren Sami Dinkci,3,2025,280,9201,D F M S,22,1401,3,4.117178400978446,3,4.117178400978446,1,1.117031842470169,29,10,4,0,6.608787912875414,2.334158256649971
GER-Bundesliga,2526,FC Heidenheim,Frank Feller,3,2025,280,12494,GK,3,270,0,0.0,0,0.0,0,0.0,0,0,0,0,0.5666816979646683,0.5666816979646683
GER-Bundesliga,2526,FC Heidenheim,Hennes Behrens,3,2025,280,13414,D S,16,1321,1,0.3234625067561865,1,0.3234625067561865,2,2.7504402678459883,9,19,0,0,6.172940738499165,4.869937736541033
GER-Bundesliga,2526,FC Heidenheim,Jan Schöppner,3,2025,280,11865,M S,31,2286,3,2.7691161446273327,3,2.7691161446273327,3,2.977410864084959,25,14,5,0,9.141754516400397,5.333098980598152
GER-Bundesliga,2526,FC Heidenheim,Jonas Föhrenbach,3,2025,280,5347,D M S,27,2333,1,0.6362145002931356,1,0.6362145002931356,1,2.2612353581935167,6,22,3,0,4.08684488851577,2.9511223332956433
GER-Bundesliga,2526,FC Heidenheim,Julian Niehues,3,2025,280,13429,M S,24,1416,3,2.098195953294635,3,2.098195953294635,0,0.7285752408206463,18,7,1,0,4.336162481456995,2.817117601633072
GER-Bundesliga,2526,FC Heidenheim,Leart Paqarada,3,2025,280,11892,D,1,6,0,0.0,0,0.0,0,0.0,0,0,0,0,0.0,0.0
GER-Bundesliga,2526,FC Heidenheim,Leonidas Stergiou,3,2025,280,11975,D S,6,194,0,0.0463435985147953,0,0.0463435985147953,0,0.0,1,0,0,0,0.49333732575178146,0.44699373096227646
GER-Bundesliga,2526,FC Heidenheim,Luca Kerber,3,2025,280,12987,M S,18,670,2,1.526185255497694,2,1.526185255497694,0,0.15216649509966373,9,2,3,0,1.823819350451231,0.5324585903435946
GER-Bundesliga,2526,FC Heidenheim,Léo Scienza,3,2025,280,12986,M,2,180,1,0.1424524337053299,1,0.1424524337053299,0,1.3223831057548523,4,3,0,0,1.1770203709602356,0.7020066827535629
GER-Bundesliga,2526,FC Heidenheim,Marnon Busch,3,2025,280,4312,D M S,29,1901,1,0.7969588423147798,1,0.7969588423147798,5,3.2484856420196593,12,16,4,0,6.242594827432185,4.60207387059927
GER-Bundesliga,2526,FC Heidenheim,Marvin Pieringer,3,2025,280,11856,F M S,27,1689,4,5.809882741421461,3,5.0521060936152935,1,2.210926704108715,32,17,2,0,7.950898176059127,3.3753792364150286
GER-Bundesliga,2526,FC Heidenheim,Mathias Honsak,3,2025,280,11917,F M S,27,1263,2,3.318507017567754,2,3.318507017567754,1,1.4457622598856688,31,11,1,0,6.105871044099331,1.940842181444168
GER-Bundesliga,2526,FC Heidenheim,Mikkel Kaufmann,3,2025,280,12053,F S,16,519,1,1.3755719233304262,1,1.3755719233304262,1,1.2740651369094849,11,4,2,0,1.9072575066238642,0.16082654893398285
GER-Bundesliga,2526,FC Heidenheim,Niklas Dorsch,3,2025,280,6411,M S,32,2293,0,0.565851017832756,0,0.565851017832756,1,2.0714712161570787,14,24,2,0,9.595492578111589,9.10862572863698
GER-Bundesliga,2526,FC Heidenheim,Omar Traoré,3,2025,280,11859,D S,26,1506,0,0.5020455876365304,0,0.5020455876365304,2,1.4571367260068655,10,13,2,0,3.8555765924975276,3.2935838401317596
GER-Bundesliga,2526,FC Heidenheim,Patrick Mainka,3,2025,280,11853,D,34,3060,2,3.0282052140682936,2,3.0282052140682936,2,1.7703800983726978,37,10,2,0,8.954858318902552,7.189261053688824
GER-Bundesliga,2526,FC Heidenheim,Sirlord Conteh,3,2025,280,12988,F M S,15,585,2,3.1821698397397995,2,3.1821698397397995,1,0.6179677061736584,10,9,1,0,3.3415900003165007,0.6492735873907804
GER-Bundesliga,2526,FC Heidenheim,Stefan Schimmer,3,2025,280,11861,F S,27,737,5,5.915202781558037,5,5.915202781558037,1,1.6511298958212137,32,12,1,0,8.382787432521582,1.3862062525004148
GER-Bundesliga,2526,FC Heidenheim,Thomas Keller,3,2025,280,12023,D S,4,193,0,0.05427293013781309,0,0.05427293013781309,0,0.0,2,0,1,0,0.12361487094312906,0.11296646483242512
GER-Bundesliga,2526,FC Heidenheim,Tim Siersleben,3,2025,280,8854,D S,15,1085,0,0.6296908538788557,0,0.6296908538788557,0,0.11557023227214813,5,2,2,0,1.3642809763550758,1.074270966462791
GER-Bundesliga,2526,FC Heidenheim,Tobias Weigel,3,2025,280,14096,S,1,1,0,0.0,0,0.0,0,0.0,0,0,0,0,0.03532744571566582,0.03532744571566582
GER-Bundesliga,2526,FC Heidenheim,Yannik Wagner,3,2025,280,13863,S,4,31,0,0.024279415607452393,0,0.024279415607452393,0,0.2785300724208355,1,3,0,0,0.265305258333683,0.07995288819074631
GER-Bundesliga,2526,Freiburg,Anthony Jung,3,2025,135,5217,D S,12,502,0,0.03665805235505104,0,0.03665805235505104,0,0.2247737990692258,1,4,2,0,1.299984865821898,1.1594009175896645
GER-Bundesliga,2526,Freiburg,Bruno Ogbus,3,2025,135,12926,D S,18,1180,0,0.7863243324682117,0,0.7863243324682117,0,0.02794763259589672,5,1,1,0,3.66468408331275,3.310525771230459
GER-Bundesliga,2526,Freiburg,Christian Günter,3,2025,135,4243,D S,24,1559,0,0.39198047667741776,0,0.39198047667741776,3,2.233008475974202,9,19,2,0,5.913286862894893,4.075682835653424
GER-Bundesliga,2526,Freiburg,Cyriaque Irié,3,2025,135,13864,M S,10,331,0,0.6037380173802376,0,0.6037380173802376,0,0.12981241568922997,7,4,3,0,1.3675258830189705,0.7877949215471745
GER-Bundesliga,2526,Freiburg,Derry Scherhant,3,2025,135,10860,M S,31,1253,5,3.31635710503906,5,3.31635710503906,1,1.9648405443876982,36,22,2,0,5.468948429450393,1.754570497199893
GER-Bundesliga,2526,Freiburg,Igor Matanovic,3,2025,135,12953,F S,31,1536,11,9.582080019637942,10,8.066526612266898,2,2.2362477499991655,51,22,0,0,9.787673662416637,1.3800859227776527
GER-Bundesliga,2526,Freiburg,Jan-Niklas Beste,3,2025,135,11982,M S,28,1721,2,3.4977346565574408,2,3.4977346565574408,2,3.7758378759026527,24,36,5,0,10.3288358990103,5.829450925812125
GER-Bundesliga,2526,Freiburg,Johan Manzambi,3,2025,135,13102,M S,27,2145,5,4.023786528035998,5,4.023786528035998,4,3.578555628657341,51,19,4,2,12.458620447665453,7.704472800716758
GER-Bundesliga,2526,Freiburg,Jordy Makengo,3,2025,135,12070,D S,20,1160,0,0.0,0,0.0,1,0.7270807102322578,0,5,1,0,3.0129974987357855,2.975373087450862
GER-Bundesliga,2526,Freiburg,Junior Adamu,3,2025,135,12069,F S,9,456,1,1.7867614552378654,1,1.7867614552378654,1,1.2455768771469593,8,5,1,0,2.3196257650852203,0.8252495266497135
GER-Bundesliga,2526,Freiburg,Lucas Höler,3,2025,135,6475,F M S,33,2070,3,5.246343094855547,3,5.246343094855547,1,2.0829393304884434,33,24,4,0,8.25760810635984,2.614948822185397
GER-Bundesliga,2526,Freiburg,Lukas Kübler,3,2025,135,5263,D S,23,1616,2,2.6487669441848993,2,2.6487669441848993,2,1.39156642742455,19,11,3,0,4.891823662444949,3.227331643924117
GER-Bundesliga,2526,Freiburg,Matthias Ginter,3,2025,135,315,D,32,2845,3,2.0582033302634954,3,2.0582033302634954,3,2.107471376657486,19,14,3,0,11.456075862050056,9.383744865655899
GER-Bundesliga,2526,Freiburg,Max Rosenfelder,3,2025,135,12626,D S,12,476,0,0.017270773649215698,0,0.017270773649215698,0,0.0,1,0,0,0,0.7206106707453728,0.7206106707453728
GER-Bundesliga,2526,Freiburg,Maximilian Eggestein,3,2025,135,125,M,34,3060,3,3.3948508631438017,3,3.3948508631438017,1,1.4131045453250408,44,19,4,0,10.904619429260492,8.16909633204341
GER-Bundesliga,2526,Freiburg,Maximilian Philipp,3,2025,135,4247,S,2,22,0,0.0,0,0.0,0,0.0,0,0,0,0,0.29126933217048645,0.29126933217048645
GER-Bundesliga,2526,Freiburg,Merlin Röhl,3,2025,135,11331,S,2,52,0,0.0,0,0.0,0,0.0,0,0,0,0,0.5478483885526657,0.5478483885526657
GER-Bundesliga,2526,Freiburg,Nicolas Höfler,3,2025,135,4250,M S,13,262,0,0.11171628721058369,0,0.11171628721058369,0,0.0,4,0,0,0,0.7971062641590834,0.7745334655046463
GER-Bundesliga,2526,Freiburg,Noah Atubolu,3,2025,135,10160,GK,34,3060,0,0.0,0,0.0,0,0.3416177351027727,0,3,1,0,5.907610785216093,5.56599305011332
GER-Bundesliga,2526,Freiburg,Patrick Osterhage,3,2025,135,9711,M S,20,1190,1,1.2812672033905983,1,1.2812672033905983,0,0.33297303691506386,7,6,4,0,3.0878038182854652,1.5657243579626083
GER-Bundesliga,2526,Freiburg,Philipp Lienhart,3,2025,135,2611,D S,20,1296,1,0.9484050497412682,1,0.9484050497412682,0,0.14342699013650417,8,4,2,1,5.8486660327762365,5.743671094998717
GER-Bundesliga,2526,Freiburg,Philipp Treu,3,2025,135,12976,D M S,28,2195,1,1.471756223589182,1,1.471756223589182,2,1.8126822467893362,17,20,2,0,7.696102367714047,4.845858434215188
GER-Bundesliga,2526,Freiburg,Rouven Tarnutzer,3,2025,135,14461,S,1,4,0,0.0,0,0.0,0,0.0,0,0,0,0,0.0,0.0
GER-Bundesliga,2526,Freiburg,Vincenzo Grifo,3,2025,135,5266,M S,33,1733,7,5.46098705381155,3,2.429960750043392,4,5.387601099908352,30,39,0,0,10.17651617899537,5.148983117192984
GER-Bundesliga,2526,Freiburg,Yuito Suzuki,3,2025,135,11354,M S,25,1645,4,4.17771103978157,4,4.17771103978157,2,2.0996621567755938,38,25,3,0,8.436173535883427,3.1268309205770493
GER-Bundesliga,2526,Hamburger SV,Aboubaka Soumahoro,3,2025,118,13927,D S,4,140,0,0.0,0,0.0,0,0.020567389205098152,0,1,1,0,0.0691862553358078,0.0691862553358078
GER-Bundesliga,2526,Hamburger SV,Albert Grønbæk,3,2025,118,12880,D M S,7,500,1,0.41557495575398207,1,0.41557495575398207,2,1.4378090538084507,8,8,0,0,2.706360399723053,1.1875548586249352
GER-Bundesliga,2526,Hamburger SV,Albert Sambi Lokonga,3,2025,118,9689,M S,26,1724,5,1.667557841166854,5,1.667557841166854,0,1.3766824714839458,19,25,3,0,6.4992835521698,4.499082233756781
GER-Bundesliga,2526,Hamburger SV,Alexander Røssing-Lelesiit,3,2025,118,13926,F M S,11,319,0,0.08903256431221962,0,0.08903256431221962,1,0.7265190482139587,2,5,1,1,0.8746454827487469,0.05909386835992336
GER-Bundesliga,2526,Hamburger SV,Bakery Jatta,3,2025,118,5225,D M S,15,934,1,1.5474212262779474,1,1.5474212262779474,1,0.29656318202614784,11,5,1,0,2.9988179728388786,1.4511013012379408
GER-Bundesliga,2526,Hamburger SV,Damion Downs,3,2025,118,11411,F S,12,534,0,0.4918728657066822,0,0.4918728657066822,0,0.7069971961900592,7,7,0,0,1.3340397626161575,0.13516972213983536
GER-Bundesliga,2526,Hamburger SV,Daniel Elfadli,3,2025,118,13920,D S,21,1257,0,0.6049705110490322,0,0.6049705110490322,0,0.17046347633004189,4,2,4,1,1.874638892710209,1.6594158932566643
GER-Bundesliga,2526,Hamburger SV,Daniel Heuer Fernandes,3,2025,118,5283,GK,33,2970,0,0.12809063494205475,0,0.12809063494205475,0,0.0,1,0,3,0,5.012303248047829,5.012303248047829
GER-Bundesliga,2526,Hamburger SV,Emir Sahiti,3,2025,118,13924,F,2,124,0,0.0,0,0.0,0,0.013570391573011875,0,1,0,0,0.013570391573011875,0.0
GER-Bundesliga,2526,Hamburger SV,Fabio Baldé,3,2025,118,14036,F M S,16,422,1,0.946309395134449,1,0.946309395134449,1,1.2405132353305817,9,5,0,0,2.457134682685137,0.46073320508003235
GER-Bundesliga,2526,Hamburger SV,Fábio Vieira,3,2025,118,11007,F M S,29,2241,7,4.894621319137514,6,4.136844581924379,5,4.638651036657393,59,39,2,2,12.298777882009745,5.455926336348057
GER-Bundesliga,2526,Hamburger SV,Giorgi Gocholeishvili,3,2025,118,13921,D S,24,909,0,0.9827461671084166,0,0.9827461671084166,1,0.6386436335742474,14,9,1,1,3.0658979546278715,1.6764663234353065
GER-Bundesliga,2526,Hamburger SV,Guilherme Ramos,3,2025,118,9731,S,8,31,0,0.12104368209838867,0,0.12104368209838867,0,0.0,1,0,0,0,0.1867151726037264,0.1867151726037264
GER-Bundesliga,2526,Hamburger SV,Immanuel Pherai,3,2025,118,8405,S,6,19,0,0.02896745502948761,0,0.02896745502948761,0,0.0,1,0,0,1,0.15311477333307266,0.15311477333307266
GER-Bundesliga,2526,Hamburger SV,Jean-Luc Dompe,3,2025,118,5969,F M S,20,1132,3,2.179867002181709,2,1.4220903245732188,0,4.0452390015125275,25,33,0,0,5.373646780848503,1.3945018351078033
GER-Bundesliga,2526,Hamburger SV,Jonas Meffert,3,2025,118,5346,M S,4,134,0,0.0,0,0.0,0,0.127674862742424,0,2,0,0,0.3951718807220459,0.2674970142543316
GER-Bundesliga,2526,Hamburger SV,Jordan Torunarigha,3,2025,118,5238,D S,24,1963,0,0.30975886061787605,0,0.30975886061787605,0,0.14169274270534515,5,2,3,0,2.372671600896865,2.242847737390548
GER-Bundesliga,2526,Hamburger SV,Louis Lemke,3,2025,118,14398,S,1,1,0,0.0,0,0.0,0,0.0,0,0,0,0,0.0,0.0
GER-Bundesliga,2526,Hamburger SV,Luka Vuskovic,3,2025,118,13725,D S,28,2440,6,4.682130139321089,5,3.924353461712599,0,0.5671260496601462,31,11,6,0,8.051702403463423,6.383656639605761
GER-Bundesliga,2526,Hamburger SV,Miro Muheim,3,2025,118,13922,D M S,29,2443,0,1.3705227468162775,0,1.3705227468162775,4,3.492499830201268,24,40,7,1,6.304988786578178,4.909944733604789
GER-Bundesliga,2526,Hamburger SV,Nicolai Remberg,3,2025,118,12937,D M,32,2880,0,1.0534912925213575,0,1.0534912925213575,2,2.1542654521763325,17,13,11,0,9.058403618633747,7.185781825333834
GER-Bundesliga,2526,Hamburger SV,Nicolás Capaldo,3,2025,118,13923,D M S,26,2029,1,2.6900635082274675,1,2.6900635082274675,3,1.8462919499725103,22,22,10,0,6.40477589238435,2.652264328673482
GER-Bundesliga,2526,Hamburger SV,Otto Stange,3,2025,118,13928,F S,10,275,0,0.6612029634416103,0,0.6612029634416103,0,0.10392893105745316,9,1,0,0,0.7412202656269073,0.15971136465668678
GER-Bundesliga,2526,Hamburger SV,Philip Otele,3,2025,118,14423,F M S,9,504,1,1.006495863199234,1,1.006495863199234,1,0.961767042055726,7,9,3,1,2.0749266296625137,0.31537631154060364
GER-Bundesliga,2526,Hamburger SV,Ransford Königsdörffer,3,2025,118,13925,F M S,33,2425,5,8.097989899106324,5,7.340213228948414,0,1.2930769845843315,65,20,2,0,10.459908859804273,2.8092102147638798
GER-Bundesliga,2526,Hamburger SV,Rayan Philippe,3,2025,118,7749,F M S,28,1272,5,5.646055448800325,5,4.888278741389513,0,1.3564898148179054,39,15,2,0,6.413698500022292,1.2521088868379593
GER-Bundesliga,2526,Hamburger SV,Robert Glatzel,3,2025,118,9326,F S,19,594,3,2.8448161985725164,2,2.0870395209640265,2,0.8636805173009634,16,6,0,0,3.0260464753955603,0.5884653031826019
GER-Bundesliga,2526,Hamburger SV,Sander Tangvik,3,2025,118,14368,GK,1,90,0,0.0,0,0.0,0,0.0,0,0,0,0,0.05315857008099556,0.05315857008099556
GER-Bundesliga,2526,Hamburger SV,Shafiq Nandja,3,2025,118,14551,S,2,12,0,0.0,0,0.0,0,0.0,0,0,0,0,0.0,0.0
GER-Bundesliga,2526,Hamburger SV,Warmed Omari,3,2025,118,9491,D S,20,1606,0,0.06892025843262672,0,0.06892025843262672,1,0.40605427138507366,3,8,0,0,2.701174132525921,2.4303623382002115
GER-Bundesliga,2526,Hamburger SV,William Mikelbrencis,3,2025,118,9537,D M S,26,1384,0,1.4683683505281806,0,1.4683683505281806,4,2.816693114116788,12,16,3,0,4.9622572138905525,0.8413018770515919
GER-Bundesliga,2526,Hamburger SV,Yussuf Poulsen,3,2025,118,5250,F S,15,286,1,0.6910383813083172,1,0.6910383813083172,0,0.2802915424108505,7,2,4,0,1.617140244692564,0.806505823507905
GER-Bundesliga,2526,Hoffenheim,Adam Hlozek,3,2025,120,10774,S,5,30,0,1.1858347058296204,0,1.1858347058296204,0,0.0,3,0,0,0,1.2055274061858654,0.01969270035624504
GER-Bundesliga,2526,Hoffenheim,Albian Hajdari,3,2025,120,13973,D S,30,2449,1,1.951246085576713,1,1.951246085576713,2,1.4744714088737965,19,9,10,0,9.048692982643843,7.608659699559212
GER-Bundesliga,2526,Hoffenheim,Alexander Prass,3,2025,120,12928,D M S,32,1269,3,1.6435396876186132,3,1.6435396876186132,2,2.1666669230908155,18,18,4,0,6.382722614333034,3.386800726875663
GER-Bundesliga,2526,Hoffenheim,Andrej Kramaric,3,2025,120,956,F M S,34,2256,14,13.078245226293802,9,9.289361868053675,6,4.530489624477923,65,35,2,0,18.172342345118523,7.810636706650257
GER-Bundesliga,2526,Hoffenheim,Bazoumana Touré,3,2025,120,13427,D F M S,30,2379,5,5.141797917895019,5,5.141797917895019,9,7.229519298300147,48,44,2,0,16.133680978789926,6.017529154196382
GER-Bundesliga,2526,Hoffenheim,Bernardo,3,2025,120,5245,D S,29,2340,0,0.4374553086236119,0,0.4374553086236119,0,0.3528335839509964,10,9,9,0,8.209371864795685,7.91454927995801
GER-Bundesliga,2526,Hoffenheim,Fisnik Asllani,3,2025,120,10113,F M S,33,2429,10,9.504826286807656,10,9.504826286807656,7,5.401737725362182,73,34,2,0,19.754683665931225,6.661823563277721
GER-Bundesliga,2526,Hoffenheim,Grischa Prömel,3,2025,120,4340,M S,33,1696,7,5.130105700343847,7,5.130105700343847,2,2.619504975154996,42,17,4,0,10.6988823749125,3.4885037057101727
GER-Bundesliga,2526,Hoffenheim,Ihlas Bebou,3,2025,120,6271,S,16,129,0,0.6424789670854807,0,0.6424789670854807,0,0.9731176495552063,5,2,1,0,2.42434592731297,0.8316981624811888
GER-Bundesliga,2526,Hoffenheim,Kevin Akpoguma,3,2025,120,6327,D S,8,46,0,0.0,0,0.0,0,0.0,0,0,0,1,0.16515625268220901,0.16515625268220901
GER-Bundesliga,2526,Hoffenheim,Koki Machida,3,2025,120,13859,D,1,45,0,0.0,0,0.0,0,0.0,0,0,1,0,0.045069705694913864,0.045069705694913864
GER-Bundesliga,2526,Hoffenheim,Leon Avdullahu,3,2025,120,13861,M S,33,2860,0,0.5229936568066478,0,0.5229936568066478,1,1.3252581506967545,14,22,5,0,13.051670419052243,11.703141951933503
GER-Bundesliga,2526,Hoffenheim,Luka Djuric,3,2025,120,13416,S,1,5,0,0.0,0,0.0,0,0.0,0,0,0,0,0.058380626142024994,0.058380626142024994
GER-Bundesliga,2526,Hoffenheim,Max Moerstedt,3,2025,120,12470,F S,22,334,2,1.2503958828747272,2,1.2503958828747272,0,0.6729935109615326,6,2,2,0,3.1903133746236563,1.2669239956885576
GER-Bundesliga,2526,Hoffenheim,Muhammed Damar,3,2025,120,10730,F M S,15,243,0,1.7655513063073158,0,1.7655513063073158,0,1.0132234552875161,12,12,0,0,3.105889745056629,0.7359195481985807
GER-Bundesliga,2526,Hoffenheim,Oliver Baumann,3,2025,120,73,GK,34,3060,0,0.0,0,0.0,0,0.033280711621046066,0,1,3,0,5.951814202591777,5.951814202591777
GER-Bundesliga,2526,Hoffenheim,Ozan Kabak,3,2025,120,7376,D S,25,1731,4,4.639676934108138,4,4.639676934108138,0,0.4478818494826555,35,9,5,0,8.401237551122904,5.430384643375874
GER-Bundesliga,2526,Hoffenheim,Robin Hranác,3,2025,120,13012,D S,29,2261,1,2.0698564872145653,1,2.0698564872145653,0,0.12790422700345516,8,3,5,0,7.542697021737695,7.542697021737695
GER-Bundesliga,2526,Hoffenheim,Tim Lemperle,3,2025,120,8407,F M S,29,2008,8,9.412074415013194,7,8.654297707602382,2,2.5754604805260897,53,26,1,1,13.365150267258286,2.924194620922208
GER-Bundesliga,2526,Hoffenheim,Umut Tohumcu,3,2025,120,10595,M S,5,120,0,0.08933279849588871,0,0.08933279849588871,0,0.0,2,0,2,0,0.23116048239171505,0.20984981767833233
GER-Bundesliga,2526,Hoffenheim,Valentin Gendrey,3,2025,120,7742,S,8,38,1,0.3482030779123306,1,0.3482030779123306,1,0.72549694404006,2,3,0,0,1.073700025677681,0.0
GER-Bundesliga,2526,Hoffenheim,Vladimir Coufal,3,2025,120,8965,D M,34,3032,1,0.9888284020125866,1,0.9888284020125866,8,7.478693185374141,26,58,4,0,15.418089099228382,11.00063280761242
GER-Bundesliga,2526,Hoffenheim,Wouter Burger,3,2025,120,13860,M,30,2486,4,4.212299581617117,4,4.212299581617117,5,5.882515028119087,36,51,7,1,14.252158349379897,7.1257195975631475
GER-Bundesliga,2526,Hoffenheim,Yannick Eduardo,3,2025,120,12314,S,1,1,0,0.0,0,0.0,0,0.0,0,0,0,0,0.0,0.0
GER-Bundesliga,2526,Mainz 05,Andreas Hanche-Olsen,3,2025,125,11309,D S,13,843,0,0.23574959114193916,0,0.23574959114193916,1,0.709290836006403,6,3,3,0,2.0370114482939243,1.2583506405353546
GER-Bundesliga,2526,Mainz 05,Anthony Caci,3,2025,125,6380,D M S,10,531,0,0.26115116849541664,0,0.26115116849541664,0,1.723295472562313,6,11,3,0,3.7935716342180967,3.304370043799281
GER-Bundesliga,2526,Mainz 05,Armindo Sieb,3,2025,125,9350,F S,22,497,2,2.8665214106440544,2,2.8665214106440544,0,0.598957596346736,18,8,1,0,4.1541723646223545,0.9499620124697685
GER-Bundesliga,2526,Mainz 05,Arnaud Nordin,3,2025,125,5684,D F M S,13,468,0,0.7219278290867805,0,0.7219278290867805,0,0.14084352925419807,13,2,0,0,1.0664126202464104,0.3882246594876051
GER-Bundesliga,2526,Mainz 05,Ben Bobzien,3,2025,125,9786,S,1,3,0,0.0,0,0.0,0,0.0,0,0,0,0,0.29462552070617676,0.29462552070617676
GER-Bundesliga,2526,Mainz 05,Benedict Hollerbach,3,2025,125,11981,F M S,14,903,1,2.9790893960744143,1,2.9790893960744143,2,1.8817622810602188,22,4,0,0,4.888501934707165,1.3094587735831738
GER-Bundesliga,2526,Mainz 05,Daniel Batz,3,2025,125,12029,GK,21,1890,0,0.0,0,0.0,0,0.0,0,0,2,0,3.298780217766762,3.298780217766762
GER-Bundesliga,2526,Mainz 05,Danny da Costa,3,2025,125,249,D M S,34,2689,2,2.4268228095024824,2,2.4268228095024824,3,2.82913017924875,14,16,3,0,9.897982249036431,7.1928225085139275
GER-Bundesliga,2526,Mainz 05,Dominik Kohr,3,2025,125,269,D S,29,2366,2,1.8827898502349854,2,1.8827898502349854,0,1.911913337185979,16,10,9,2,7.240472108125687,6.1323061883449554
GER-Bundesliga,2526,Mainz 05,Fabio Moreno Fell,3,2025,125,14164,F S,2,80,0,0.051751505583524704,0,0.051751505583524704,0,0.0,1,0,0,0,0.0,0.0
GER-Bundesliga,2526,Mainz 05,Jae-Sung Lee,3,2025,125,9783,F M S,28,2229,4,4.2225238950923085,4,4.2225238950923085,2,3.3260836768895388,30,22,4,0,9.913661483675241,3.6422146558761597
GER-Bundesliga,2526,Mainz 05,Kacper Potulski,3,2025,125,14187,D S,15,1061,1,2.6196836456656456,1,2.6196836456656456,0,0.6171241998672485,14,2,3,0,1.225274246186018,0.9039126615971327
GER-Bundesliga,2526,Mainz 05,Kaishu Sano,3,2025,125,12918,M,34,3060,1,1.6013844851404428,1,1.6013844851404428,2,3.6190584171563387,24,25,1,0,14.120248086750507,10.931938745081425
GER-Bundesliga,2526,Mainz 05,Lasse Rieß,3,2025,125,10423,GK S,4,290,0,0.0,0,0.0,0,0.0,0,0,0,0,0.0500621423125267,0.0500621423125267
GER-Bundesliga,2526,Mainz 05,Lennard Maloney,3,2025,125,10071,D M S,21,444,0,0.5511733032763004,0,0.5511733032763004,0,0.04304572194814682,5,1,1,0,0.2704647099599242,0.26063088327646255
GER-Bundesliga,2526,Mainz 05,Maxim Leitsch,3,2025,125,9703,D S,3,158,0,0.02450724132359028,0,0.02450724132359028,0,0.0,1,0,0,0,0.35979217290878296,0.35979217290878296
GER-Bundesliga,2526,Mainz 05,Nadiem Amiri,3,2025,125,82,F M S,26,2112,12,10.704714082181454,4,4.642500706017017,2,6.560079865157604,54,64,6,0,12.271673714742064,5.860426990315318
GER-Bundesliga,2526,Mainz 05,Nelson Weiper,3,2025,125,11143,F S,24,486,0,2.7776461020112038,0,2.7776461020112038,0,0.3957122415304184,13,7,0,0,1.864802185446024,0.2630641795694828
GER-Bundesliga,2526,Mainz 05,Nikolas Veratschnig,3,2025,125,12919,D M S,21,614,0,0.14785984437912703,0,0.14785984437912703,1,1.0244743488729,4,4,3,0,1.3057616231963038,0.501030370593071
GER-Bundesliga,2526,Mainz 05,Paul Nebel,3,2025,125,8846,M S,30,2087,5,5.769457034766674,5,5.769457034766674,2,5.342756656929851,32,41,2,2,14.08178748562932,4.246757362037897
GER-Bundesliga,2526,Mainz 05,Philipp Mwene,3,2025,125,7106,D M S,29,2081,1,2.0332534685730934,1,2.0332534685730934,2,2.139080299064517,10,18,4,0,8.51742416061461,6.025996465235949
GER-Bundesliga,2526,Mainz 05,Robin Zentner,3,2025,125,449,GK,10,878,0,0.0,0,0.0,0,0.0,0,0,2,1,0.803024910390377,0.803024910390377
GER-Bundesliga,2526,Mainz 05,Sheraldo Becker,3,2025,125,7882,F S,14,975,3,4.820014007389545,3,4.820014007389545,3,3.5413313172757626,29,17,2,0,10.662561360746622,2.4736453220248222
GER-Bundesliga,2526,Mainz 05,Silas Wamangituka,3,2025,125,8807,F S,8,346,1,2.3329260647296906,1,2.3329260647296906,0,0.19232766702771187,8,3,1,0,2.63218654692173,0.12075703963637352
GER-Bundesliga,2526,Mainz 05,Silvan Widmer,3,2025,125,1139,D M S,27,1855,2,2.7386183850467205,2,2.7386183850467205,1,1.8089449182152748,20,8,5,0,7.704604331403971,4.957497945055366
GER-Bundesliga,2526,Mainz 05,Sota Kawasaki,3,2025,125,13995,D M S,10,295,0,0.04572444409132004,0,0.04572444409132004,0,0.0,1,0,1,0,0.22899293899536133,0.1832684949040413
GER-Bundesliga,2526,Mainz 05,Stefan Bell,3,2025,125,40,D S,18,1044,2,1.840271808207035,2,1.840271808207035,1,1.202451154589653,12,5,4,0,3.5781668480485678,1.6757325250655413
GER-Bundesliga,2526,Mainz 05,Stefan Posch,3,2025,125,5329,D,16,1399,0,0.40110114123672247,0,0.40110114123672247,0,0.48943244107067585,10,8,4,0,4.902905914932489,4.450077299028635
GER-Bundesliga,2526,Mainz 05,William Bøving,3,2025,125,14022,M S,9,206,0,0.01329879555851221,0,0.01329879555851221,1,0.5447267256677151,1,4,1,0,0.37258195877075195,0.37258195877075195
GER-Bundesliga,2526,RasenBallsport Leipzig,Andrija Maksimovic,3,2025,136,13972,S,8,77,0,0.0663988795131445,0,0.0663988795131445,0,0.3666895739734173,2,3,0,0,0.42848074436187744,0.40251037664711475
GER-Bundesliga,2526,RasenBallsport Leipzig,Antonio Nusa,3,2025,136,12941,F M S,31,2048,4,5.204239755868912,4,5.204239755868912,3,4.748528776690364,61,33,0,0,16.717872930690646,8.048371147364378
GER-Bundesliga,2526,RasenBallsport Leipzig,Assan Ouédraogo,3,2025,136,13191,F M S,19,970,4,2.8071718588471413,4,2.8071718588471413,3,3.0103504192084074,27,14,0,0,8.333011165261269,5.714822366833687
GER-Bundesliga,2526,RasenBallsport Leipzig,Benjamin Henrichs,3,2025,136,435,D S,17,275,1,0.1952432431280613,1,0.1952432431280613,0,0.16614441573619843,4,3,0,0,2.9554218724370003,2.643328309059143
GER-Bundesliga,2526,RasenBallsport Leipzig,Bote Baku,3,2025,136,6708,D S,32,2538,2,3.1076600458472967,2,3.1076600458472967,3,5.799184195697308,30,37,4,0,19.285520542412996,15.120991684496403
GER-Bundesliga,2526,RasenBallsport Leipzig,Brajan Gruda,3,2025,136,11310,F M S,13,760,3,3.5306676402688026,3,3.5306676402688026,3,3.072212206199765,21,17,1,0,8.732655480504036,3.745684714987874
GER-Bundesliga,2526,RasenBallsport Leipzig,Castello Lukeba,3,2025,136,9511,D S,26,2176,1,0.8890010062605143,1,0.8890010062605143,0,0.24011876247823238,8,6,3,0,13.522159865126014,13.34397491067648
GER-Bundesliga,2526,RasenBallsport Leipzig,Christoph Baumgartner,3,2025,136,7422,M S,33,2811,13,18.02284111827612,13,17.26506443321705,8,4.292830726131797,81,37,10,0,24.001264337450266,8.360922181978822
GER-Bundesliga,2526,RasenBallsport Leipzig,Conrad Harder,3,2025,136,14023,F S,29,886,3,4.679239679127932,3,4.679239679127932,3,2.816276628524065,42,14,3,0,7.420943347737193,1.14351468347013
GER-Bundesliga,2526,RasenBallsport Leipzig,David Raum,3,2025,136,9724,D S,30,2570,3,2.401866391301155,2,1.644089713692665,7,11.038921784609556,24,96,6,0,20.633256940171123,16.384972443804145
GER-Bundesliga,2526,RasenBallsport Leipzig,El Chadaille Bitshiabu,3,2025,136,9629,D S,11,661,0,0.12947118654847145,0,0.12947118654847145,0,0.05675680562853813,2,2,0,0,3.4552890360355377,3.4552890360355377
GER-Bundesliga,2526,RasenBallsport Leipzig,Ezechiel Banzuzi,3,2025,136,13851,M S,24,521,0,1.248297218233347,0,1.248297218233347,1,0.353797547519207,15,7,3,0,3.044343562796712,1.8351374585181475
GER-Bundesliga,2526,RasenBallsport Leipzig,Johan Bakayoko,3,2025,136,13850,F M S,20,764,2,2.3763104043900967,2,2.3763104043900967,0,1.30585958622396,24,10,1,0,6.649200826883316,3.9723781123757362
GER-Bundesliga,2526,RasenBallsport Leipzig,Kevin Kampl,3,2025,136,188,S,3,3,0,0.0,0,0.0,0,0.0,0,0,0,0,0.0,0.0
GER-Bundesliga,2526,RasenBallsport Leipzig,Kosta Nedeljkovic,3,2025,136,12775,D S,5,251,0,0.0,0,0.0,0,0.0,0,0,0,0,0.3027626611292362,0.3027626611292362
GER-Bundesliga,2526,RasenBallsport Leipzig,Loïs Openda,3,2025,136,10832,F S,2,54,0,0.15504523739218712,0,0.15504523739218712,0,0.051909636706113815,3,1,0,0,0.5808013305068016,0.5808013305068016
GER-Bundesliga,2526,RasenBallsport Leipzig,Lukas Klostermann,3,2025,136,5358,D S,5,94,0,0.10610051080584526,0,0.10610051080584526,1,0.16196180507540703,2,2,0,0,1.1594983972609043,0.9541020207107067
GER-Bundesliga,2526,RasenBallsport Leipzig,Maarten Vandevoordt,3,2025,136,12942,GK S,12,1052,0,0.0,0,0.0,0,0.0,0,0,0,0,3.504514906555414,3.504514906555414
GER-Bundesliga,2526,RasenBallsport Leipzig,Max Finkgrafe,3,2025,136,11894,D S,13,491,1,0.22592449933290482,1,0.22592449933290482,1,0.6198278795927763,4,12,2,0,4.128876706585288,3.778356781229377
GER-Bundesliga,2526,RasenBallsport Leipzig,Nicolas Seiwald,3,2025,136,11871,D M S,33,2730,0,1.818481955677271,0,1.818481955677271,2,1.8090799655765295,20,15,2,0,16.26779694482684,14.033266069367528
GER-Bundesliga,2526,RasenBallsport Leipzig,Péter Gulácsi,3,2025,136,5241,GK,23,2008,0,0.0,0,0.0,0,0.0,0,0,1,0,5.831954948604107,5.831954948604107
GER-Bundesliga,2526,RasenBallsport Leipzig,Rômulo,3,2025,136,13852,F M S,30,2246,9,15.936640277504921,9,15.178863540291786,4,3.606802409514785,63,25,3,0,23.735963854938745,7.021602770313621
GER-Bundesliga,2526,RasenBallsport Leipzig,Samba Konate,3,2025,136,14223,S,1,1,0,0.0413617305457592,0,0.0413617305457592,0,0.0,1,0,0,0,0.0,0.0
GER-Bundesliga,2526,RasenBallsport Leipzig,Tidiam Gomis,3,2025,136,13442,F S,18,309,1,0.6109884418547153,1,0.6109884418547153,0,0.48779478669166565,9,3,1,0,1.586239816620946,0.7072353083640337
GER-Bundesliga,2526,RasenBallsport Leipzig,Timo Werner,3,2025,136,65,S,3,11,0,0.0,0,0.0,0,0.0,0,0,0,0,0.04754505679011345,0.04754505679011345
GER-Bundesliga,2526,RasenBallsport Leipzig,Willi Orban,3,2025,136,5257,D,33,2952,2,3.142488135956228,2,3.142488135956228,0,0.7130345124751329,20,11,4,0,16.448472633957863,15.863021917641163
GER-Bundesliga,2526,RasenBallsport Leipzig,Xaver Schlager,3,2025,136,7783,M S,26,1844,3,2.157680917531252,3,2.157680917531252,1,2.197766998782754,21,21,6,0,20.343336034566164,17.009082730859518
GER-Bundesliga,2526,RasenBallsport Leipzig,Xavi Simons,3,2025,136,8700,M,1,90,0,0.0,0,0.0,0,0.02922726608812809,0,1,0,0,0.25656625628471375,0.25656625628471375
GER-Bundesliga,2526,RasenBallsport Leipzig,Yan Diomande,3,2025,136,13561,F M S,33,2507,12,8.03020796738565,12,8.03020796738565,8,10.04887573234737,53,57,2,0,29.469644859433174,14.411308905109763
GER-Bundesliga,2526,St. Pauli,Abdoulie Ceesay,3,2025,288,13326,S,20,282,3,1.543990956619382,3,1.543990956619382,0,0.4445373900234699,11,3,4,0,1.7915069554001093,0.24322334676980972
GER-Bundesliga,2526,St. Pauli,Adam Dzwigala,3,2025,288,12984,D S,19,1303,1,0.15548471733927727,1,0.15548471733927727,1,0.2130086086690426,4,5,5,0,2.6446524187922478,2.524500971660018
GER-Bundesliga,2526,St. Pauli,Andréas Hountondji,3,2025,288,13885,F M S,21,1092,4,4.958361548837274,4,4.200584930833429,0,0.7058144751936197,21,6,2,0,3.75940072350204,0.1124955490231514
GER-Bundesliga,2526,St. Pauli,Arkadiusz Pyrka,3,2025,288,13882,D M S,31,2596,0,1.008908435702324,0,1.008908435702324,1,2.2230269787833095,19,24,3,0,8.325334949418902,6.6152997855097055
GER-Bundesliga,2526,St. Pauli,Connor Metcalfe,3,2025,288,12979,F M S,25,536,0,0.7382826870307326,0,0.7382826870307326,2,1.1607451755553484,16,9,2,0,1.9794561108574271,0.7128131743520498
GER-Bundesliga,2526,St. Pauli,Danel Sinani,3,2025,288,12983,F M S,30,2080,5,5.7479472532868385,2,3.4746172204613686,3,3.7052691830322146,49,45,4,0,9.471564121544361,5.2387011256068945
GER-Bundesliga,2526,St. Pauli,Eric Smith,3,2025,288,12975,D M S,27,2313,2,0.814800588414073,2,0.814800588414073,2,0.8954977933317423,12,18,4,1,5.893046077340841,5.734260914847255
GER-Bundesliga,2526,St. Pauli,Finley Stevens,3,2025,288,9916,S,1,25,0,0.0,0,0.0,0,0.0,0,0,0,0,0.041828397661447525,0.041828397661447525
GER-Bundesliga,2526,St. Pauli,Hauke Wahl,3,2025,288,5344,D S,30,2591,2,0.5231343070045114,2,0.5231343070045114,1,0.6354480646550655,10,6,1,0,3.7871760576963425,3.6133358404040337
GER-Bundesliga,2526,St. Pauli,Jackson Irvine,3,2025,288,12978,M S,24,1617,0,1.6277177091687918,0,1.6277177091687918,1,0.908556679263711,19,11,0,1,4.692420791834593,2.7359869442880154
GER-Bundesliga,2526,St. Pauli,James Sands,3,2025,288,13325,M S,24,1957,1,0.8688814658671618,1,0.8688814658671618,0,0.9661839380860329,16,10,4,0,4.826324421912432,3.5835245344787836
GER-Bundesliga,2526,St. Pauli,Joel Chima Fujita,3,2025,288,13883,F M S,32,2689,1,1.4086154643446207,1,1.4086154643446207,3,4.352827329188585,32,30,6,0,9.678257964551449,4.85630483366549
GER-Bundesliga,2526,St. Pauli,Karol Mets,3,2025,288,12974,D S,23,1938,1,0.7716115931980312,1,0.7716115931980312,0,0.1689066644757986,7,4,3,0,3.6232578307390213,3.6035998510196805
GER-Bundesliga,2526,St. Pauli,Lars Ritzka,3,2025,288,12977,D M S,21,974,0,0.22573823854327202,0,0.22573823854327202,0,0.8755739834159613,4,6,1,0,1.4658792736008763,0.7808276889845729
GER-Bundesliga,2526,St. Pauli,Louis Oppie,3,2025,288,13884,D M S,23,1606,1,1.1548993904143572,1,1.1548993904143572,0,1.1255840882658958,15,10,0,0,4.7634373884648085,2.7592283356934786
GER-Bundesliga,2526,St. Pauli,Manolis Saliakas,3,2025,288,12981,D M S,17,1118,1,0.5466044023633003,1,0.5466044023633003,3,0.9010673672892153,16,12,2,0,2.8804356046020985,1.7787759266793728
GER-Bundesliga,2526,St. Pauli,Martijn Kaars,3,2025,288,13966,F S,29,1331,3,3.8047829251736403,2,3.047006232663989,1,1.339794876985252,23,10,2,0,6.194270332343876,3.194861490279436
GER-Bundesliga,2526,St. Pauli,Mathias Rasmussen,3,2025,288,14390,M S,13,692,0,0.7939996533095837,0,0.7939996533095837,0,0.26394072920084,6,5,0,0,2.191186435520649,1.7720584273338318
GER-Bundesliga,2526,St. Pauli,Nikola Vasilj,3,2025,288,12973,GK,34,3060,0,0.0,0,0.0,0,0.0,0,0,0,0,2.8116685058921576,2.8116685058921576
GER-Bundesliga,2526,St. Pauli,Oladapo Afolayan,3,2025,288,12982,M S,7,135,0,0.526158856227994,0,0.526158856227994,0,0.08374877460300922,4,2,1,0,0.7736875526607037,0.16377991437911987
GER-Bundesliga,2526,St. Pauli,Pereira Lage,3,2025,288,7743,D F M S,28,2067,2,4.428796678781509,2,4.428796678781509,2,2.062663111835718,43,24,3,0,6.917279999703169,2.1819291338324547
GER-Bundesliga,2526,St. Pauli,Ricky-Jade Jones,3,2025,288,14197,F S,9,344,2,2.837136209011078,2,2.837136209011078,0,1.4098595241084695,11,7,1,0,4.384352348744869,0.17614782229065895
GER-Bundesliga,2526,St. Pauli,Taichi Hara,3,2025,288,9776,S,4,23,0,0.2931467592716217,0,0.2931467592716217,0,0.0,1,0,0,0,0.2931467592716217,0.0
GER-Bundesliga,2526,St. Pauli,Tomoya Ando,3,2025,288,14345,D S,15,1263,0,0.5493685305118561,0,0.5493685305118561,1,1.2957977838814259,8,6,3,0,3.7063579857349396,3.663719467818737
GER-Bundesliga,2526,Union Berlin,Alex Kral,3,2025,240,8017,M S,20,394,0,0.35847950726747513,0,0.35847950726747513,0,0.272127328440547,7,4,1,0,1.076263951137662,0.6060352418571711
GER-Bundesliga,2526,Union Berlin,Aljoscha Kemlein,3,2025,240,11236,M S,30,1984,0,1.4002653919160366,0,1.4002653919160366,2,1.5705977864563465,17,14,4,0,6.956056768074632,5.00193196348846
GER-Bundesliga,2526,Union Berlin,Andras Schafer,3,2025,240,7410,M S,28,1420,2,1.778747895732522,2,1.778747895732522,1,0.7768908403813839,27,6,2,1,5.5322664473205805,3.3308603167533875
GER-Bundesliga,2526,Union Berlin,Andrej Ilic,3,2025,240,12421,F M S,32,2238,5,11.113924760371447,5,10.356148082762957,9,4.753498738631606,71,30,5,0,13.322315469384193,2.3859814694151282
GER-Bundesliga,2526,Union Berlin,Carl Klaus,3,2025,240,13292,GK S,4,330,0,0.0,0,0.0,0,0.0,0,0,0,0,0.5431037116795778,0.5431037116795778
GER-Bundesliga,2526,Union Berlin,Christopher Trimmel,3,2025,240,7875,D S,29,1904,0,0.07365039084106684,0,0.07365039084106684,3,5.092283573001623,5,52,8,0,4.565780051983893,3.3375917868688703
GER-Bundesliga,2526,Union Berlin,Danilho Doekhi,3,2025,240,10725,D,34,3060,5,4.879229350015521,5,4.879229350015521,0,0.54770487267524,45,8,4,0,4.549193911254406,3.164020985364914
GER-Bundesliga,2526,Union Berlin,Derrick Köhn,3,2025,240,13093,D S,29,1887,1,2.375174617394805,0,1.6173979174345732,2,3.0893841087818146,28,25,5,1,4.535877007059753,2.7453682981431484
GER-Bundesliga,2526,Union Berlin,Diogo Leite,3,2025,240,10724,D,23,1998,0,0.7947779260575771,0,0.7947779260575771,0,0.46254740469157696,10,9,4,0,4.022552821785212,3.7514554671943188
GER-Bundesliga,2526,Union Berlin,Dmytro Bogdanov,3,2025,240,14109,S,2,2,0,0.5116710662841797,0,0.5116710662841797,0,0.0,3,0,0,0,0.44151416420936584,0.0
GER-Bundesliga,2526,Union Berlin,Frederik Rönnow,3,2025,240,7048,GK,30,2640,0,0.0,0,0.0,0,0.018664758652448654,0,1,2,0,1.797542778775096,1.7788780201226473
GER-Bundesliga,2526,Union Berlin,Ilyas Ansah,3,2025,240,13866,F M S,33,1960,5,3.8260167790576816,5,3.8260167790576816,1,1.5223449170589447,33,17,1,0,6.577519843354821,2.9834984317421913
GER-Bundesliga,2526,Union Berlin,Janik Haberer,3,2025,240,4271,D M S,28,1662,0,0.6165919480845332,0,0.6165919480845332,1,1.4660948365926743,11,21,8,0,2.625936538912356,1.615098069421947
GER-Bundesliga,2526,Union Berlin,Josip Juranovic,3,2025,240,11333,D S,11,309,1,0.7259451868012547,1,0.7259451868012547,1,1.2349283397197723,4,12,1,0,1.2414962649345398,0.4408333860337734
GER-Bundesliga,2526,Union Berlin,Leopold Querfeld,3,2025,240,12920,D S,31,2701,3,3.893261847086251,1,1.6199317695572972,0,2.3009741939604282,29,21,7,0,4.945359595119953,3.9754452016204596
GER-Bundesliga,2526,Union Berlin,Linus Güther,3,2025,240,14567,S,1,4,0,0.0,0,0.0,0,0.0,0,0,1,0,0.0,0.0
GER-Bundesliga,2526,Union Berlin,Livan Burcu,3,2025,240,14177,F M S,18,621,1,2.16127123311162,1,2.16127123311162,1,0.5088458983227611,16,9,4,0,2.6868134327232838,0.9930684771388769
GER-Bundesliga,2526,Union Berlin,Marin Ljubicic,3,2025,240,13428,S,2,11,2,1.5059347748756409,2,1.5059347748756409,0,0.0,2,0,0,0,0.6139925122261047,0.0
GER-Bundesliga,2526,Union Berlin,Matheo Raab,3,2025,240,13867,GK,1,90,0,0.0,0,0.0,0,0.0,0,0,0,0,0.0,0.0
GER-Bundesliga,2526,Union Berlin,Oliver Burke,3,2025,240,5256,F M S,29,1699,6,6.0373401287943125,6,6.0373401287943125,2,2.2901990823447704,34,23,4,0,9.287183087319136,1.809681724756956
GER-Bundesliga,2526,Union Berlin,Rani Khedira,3,2025,240,5251,M,32,2854,5,2.2710952758789062,5,2.2710952758789062,1,2.3157351221889257,23,16,7,0,6.596783770248294,3.21970677934587
GER-Bundesliga,2526,Union Berlin,Robert Skov,3,2025,240,7867,D,3,236,0,0.032468199729919434,0,0.032468199729919434,0,0.08000954240560532,1,1,0,0,0.3229803517460823,0.2905121520161629
GER-Bundesliga,2526,Union Berlin,Stanley N'Soki,3,2025,240,6436,D S,13,837,1,0.13325468823313713,1,0.13325468823313713,2,0.20163500867784023,3,4,2,0,1.0962544791400433,0.9779290817677975
GER-Bundesliga,2526,Union Berlin,Tim Skarke,3,2025,240,10926,F M S,22,555,1,0.906526424922049,1,0.906526424922049,1,1.4481029501184821,14,11,0,0,3.765563036315143,1.586321622133255
GER-Bundesliga,2526,Union Berlin,Tom Rothe,3,2025,240,10550,D S,21,1018,2,1.6000693328678608,2,1.6000693328678608,0,0.9030134752392769,19,11,1,1,2.1565405651926994,1.3000704422593117
GER-Bundesliga,2526,Union Berlin,Woo-Yeong Jeong,3,2025,240,7267,F M S,28,1182,4,2.681515445932746,4,2.681515445932746,1,0.4271412957459688,22,6,0,0,4.1683559119701385,1.4844767227768898
GER-Bundesliga,2526,VfB Stuttgart,Alexander Nübel,3,2025,133,2639,GK,34,3060,0,0.0,0,0.0,1,0.36824002489447594,0,4,0,0,7.689679289236665,7.51086644269526
GER-Bundesliga,2526,VfB Stuttgart,Ameen Al Dakhil,3,2025,133,11699,D S,8,368,0,0.06256280839443207,0,0.06256280839443207,0,0.08149907365441322,1,2,1,0,0.7323282063007355,0.717394694685936
GER-Bundesliga,2526,VfB Stuttgart,Angelo Stiller,3,2025,133,9725,M S,34,2752,2,3.622028611600399,2,2.8642519041895866,5,6.064722905866802,17,54,1,0,19.65218799188733,14.894567806273699
GER-Bundesliga,2526,VfB Stuttgart,Atakan Karazor,3,2025,133,8878,M S,28,1906,0,1.0594271700829268,0,1.0594271700829268,1,1.621204137802124,7,13,5,1,11.42892475426197,8.954623859375715
GER-Bundesliga,2526,VfB Stuttgart,Badredine Bouanani,3,2025,133,11062,F M S,14,451,0,1.0744991190731525,0,1.0744991190731525,0,0.5685664489865303,16,5,1,0,4.118053063750267,2.8789315968751907
GER-Bundesliga,2526,VfB Stuttgart,Bilal El Khannouss,3,2025,133,13020,F M S,25,1654,4,3.092769087292254,4,3.092769087292254,5,5.275783350691199,42,44,6,0,11.292239958420396,5.437266502529383
GER-Bundesliga,2526,VfB Stuttgart,Chema Andres,3,2025,133,13078,M S,25,1299,3,1.9759311750531197,3,1.9759311750531197,0,1.2185792801901698,15,15,5,0,8.577176412567496,7.514525938779116
GER-Bundesliga,2526,VfB Stuttgart,Chris Führich,3,2025,133,6449,F M S,33,1727,7,4.271757278591394,7,4.271757278591394,7,7.827977802604437,45,49,2,0,17.83286163210869,10.075685493648052
GER-Bundesliga,2526,VfB Stuttgart,Dan-Axel Zagadou,3,2025,133,6103,D,3,216,0,0.29566334933042526,0,0.29566334933042526,0,0.0886286199092865,6,1,0,0,0.9479237943887711,0.7582869995385408
GER-Bundesliga,2526,VfB Stuttgart,Deniz Undav,3,2025,133,10804,F M S,29,2261,19,19.05754723213613,19,18.299770614132285,6,5.584789767861366,124,38,5,0,30.379802346229553,9.692078652791679
GER-Bundesliga,2526,VfB Stuttgart,Ermedin Demirovic,3,2025,133,6496,F S,25,1507,12,8.664393775165081,11,7.906617097556591,3,2.179655436426401,41,17,5,0,13.179813992232084,4.325801435858011
GER-Bundesliga,2526,VfB Stuttgart,Finn Jeltsch,3,2025,133,13426,D S,23,1501,0,0.19509844854474068,0,0.19509844854474068,1,0.10187679901719093,3,5,3,0,5.332050487399101,5.174723267555237
GER-Bundesliga,2526,VfB Stuttgart,Jamie Leweling,3,2025,133,9718,D M S,32,2385,7,4.102848822250962,7,4.102848822250962,9,6.05470309779048,49,41,4,0,17.34269355610013,9.020369471982121
GER-Bundesliga,2526,VfB Stuttgart,Jeremy Arévalo,3,2025,133,14338,S,7,21,0,0.15828637033700943,0,0.15828637033700943,1,0.062080275267362595,3,1,0,0,0.34943726658821106,0.12907062470912933
GER-Bundesliga,2526,VfB Stuttgart,Joshua Vagnoman,3,2025,133,6626,D M S,27,1589,1,3.556872447952628,1,3.556872447952628,3,2.121924228966236,19,16,3,0,7.574769550934434,3.1966566257178783
GER-Bundesliga,2526,VfB Stuttgart,Julian Chabot,3,2025,133,7937,D S,27,2307,0,1.6176300728693604,0,1.6176300728693604,0,0.2743483893573284,18,7,3,0,11.031767396256328,10.77568300254643
GER-Bundesliga,2526,VfB Stuttgart,Lazar Jovanovic,3,2025,133,13868,S,3,23,0,0.0999414473772049,0,0.0999414473772049,0,0.09531611576676369,1,2,0,0,0.19525755941867828,0.0
GER-Bundesliga,2526,VfB Stuttgart,Lorenz Assignon,3,2025,133,8973,D S,24,1091,0,0.6752535561099648,0,0.6752535561099648,0,1.0527520487084985,12,10,3,1,5.320500722154975,4.25156906992197
GER-Bundesliga,2526,VfB Stuttgart,Luca Jaquez,3,2025,133,13425,D S,14,893,0,0.15299018938094378,0,0.15299018938094378,1,0.4413405451923609,4,5,1,0,3.8481910564005375,3.353291839361191
GER-Bundesliga,2526,VfB Stuttgart,Maximilian Mittelstädt,3,2025,133,419,D M S,32,2200,6,4.954262416809797,2,1.9231557194143534,4,5.520105980336666,31,37,4,0,16.285320289433002,12.091185672208667
GER-Bundesliga,2526,VfB Stuttgart,Nick Woltemade,3,2025,133,8117,M,1,90,0,0.0,0,0.0,0,0.34767159819602966,0,1,0,0,0.5924015045166016,0.2447298914194107
GER-Bundesliga,2526,VfB Stuttgart,Nikolas Nartey,3,2025,133,6415,F M S,28,1255,4,4.401471285149455,4,4.401471285149455,3,3.354308173060417,22,24,2,0,12.59413393214345,5.368743376806378
GER-Bundesliga,2526,VfB Stuttgart,Pascal Stenzel,3,2025,133,326,D,2,114,0,0.15920219477266073,0,0.15920219477266073,0,0.0,3,0,2,0,0.2664077952504158,0.11815702170133591
GER-Bundesliga,2526,VfB Stuttgart,Ramon Hendriks,3,2025,133,12927,D S,31,2011,0,0.2131752036511898,0,0.2131752036511898,3,0.5864755865186453,5,6,3,0,9.381356485188007,9.077877201139927
GER-Bundesliga,2526,VfB Stuttgart,Tiago Tomás,3,2025,133,10367,F M S,27,996,5,5.533668488264084,5,5.533668488264084,3,1.2588633932173252,35,11,4,0,8.350152125582099,2.681462910026312
GER-Bundesliga,2526,Werder Bremen,Amos Pieper,3,2025,123,7320,D,19,1510,0,0.3870185147970915,0,0.3870185147970915,0,0.06971349939703941,8,2,4,0,2.2050731107592583,2.1713340766727924
GER-Bundesliga,2526,Werder Bremen,Cameron Puertas,3,2025,123,14058,F M S,28,1867,1,2.220278110355139,1,2.220278110355139,2,2.42338989302516,37,28,6,0,7.052124924957752,4.7557182889431715
GER-Bundesliga,2526,Werder Bremen,Felix Agu,3,2025,123,8804,D M S,11,757,0,0.08192805992439389,0,0.08192805992439389,0,0.44715105555951595,2,7,1,0,1.3019620757550001,1.035733675584197
GER-Bundesliga,2526,Werder Bremen,Isaac Schmidt,3,2025,123,13974,D S,19,671,1,0.5206902362406254,1,0.5206902362406254,0,0.5155902737751603,5,10,2,0,3.2245144806802273,2.3847034201025963
GER-Bundesliga,2526,Werder Bremen,Isak Hansen-Aaröen,3,2025,123,12431,S,1,1,0,0.0,0,0.0,0,0.0,0,0,0,0,0.0,0.0
GER-Bundesliga,2526,Werder Bremen,Jens Stage,3,2025,123,10734,M,29,2489,10,6.0983161851763725,10,6.0983161851763725,2,3.4768182542175055,57,26,5,0,12.630906242877245,5.692467089742422
GER-Bundesliga,2526,Werder Bremen,Jovan Milosevic,3,2025,123,11840,F S,13,476,3,2.319580804556608,3,2.319580804556608,1,0.24364536255598068,12,3,2,0,2.8273107409477234,0.4218983128666878
GER-Bundesliga,2526,Werder Bremen,Julián Malatini,3,2025,123,12360,D S,11,508,0,0.02844528667628765,0,0.02844528667628765,0,0.1550656594336033,2,2,3,0,1.295384829863906,1.235657211393118
GER-Bundesliga,2526,Werder Bremen,Justin Njinmah,3,2025,123,10585,D F M S,33,1963,5,6.778727872297168,5,6.778727872297168,0,1.2397968284785748,62,17,2,0,11.163103096187115,3.214089992456138
GER-Bundesliga,2526,Werder Bremen,Karim Coulibaly,3,2025,123,13496,D S,27,2128,1,1.1301267184317112,1,1.1301267184317112,0,0.19372600317001343,6,7,3,1,4.0185731295496225,3.783440677449107
GER-Bundesliga,2526,Werder Bremen,Karl Hein,3,2025,123,9692,GK,2,180,0,0.0,0,0.0,0,0.0,0,0,0,0,0.270400308072567,0.270400308072567
GER-Bundesliga,2526,Werder Bremen,Keke Maximilian Topp,3,2025,123,11314,F S,20,617,1,2.021150179207325,1,2.021150179207325,1,0.873332935385406,25,9,4,0,4.603332705795765,2.0922563280910254
GER-Bundesliga,2526,Werder Bremen,Leonardo Bittencourt,3,2025,123,262,M S,17,588,0,0.21512252185493708,0,0.21512252185493708,1,0.8824588861316442,7,5,5,0,2.723938686773181,2.383876219391823
GER-Bundesliga,2526,Werder Bremen,Marco Friedl,3,2025,123,5340,D S,30,2552,1,0.729124104604125,1,0.729124104604125,0,0.2931987326592207,8,5,9,1,5.8012143187224865,5.562721598893404
GER-Bundesliga,2526,Werder Bremen,Marco Grüll,3,2025,123,12924,F M S,33,2039,3,4.225460607558489,3,4.225460607558489,1,2.3132778629660606,43,33,5,0,9.543412220664322,4.941745131276548
GER-Bundesliga,2526,Werder Bremen,Maximilian Wöber,3,2025,123,7366,S,2,29,0,0.0,0,0.0,0,0.426640123128891,0,1,0,0,0.426640123128891,0.426640123128891
GER-Bundesliga,2526,Werder Bremen,Mick Schmetgens,3,2025,123,13422,S,2,34,0,0.0,0,0.0,0,0.0,0,0,0,0,0.23905259370803833,0.23905259370803833
GER-Bundesliga,2526,Werder Bremen,Mio Backhaus,3,2025,123,12925,GK,32,2880,0,0.0,0,0.0,0,0.0,0,0,1,0,3.336742208339274,3.336742208339274
GER-Bundesliga,2526,Werder Bremen,Niklas Stark,3,2025,123,418,D S,14,721,0,0.5795709788799286,0,0.5795709788799286,0,0.0,3,0,4,2,0.45128859393298626,0.4041371922940016
GER-Bundesliga,2526,Werder Bremen,Olivier Deman,3,2025,123,12028,D S,16,1251,1,0.428515175357461,1,0.428515175357461,2,1.47944251075387,10,17,3,0,4.93840117380023,3.729718029499054
GER-Bundesliga,2526,Werder Bremen,Patrice Covic,3,2025,123,13291,M S,15,326,1,1.1091214641928673,1,1.1091214641928673,0,0.940799904987216,5,4,1,0,2.82220889814198,1.3946651984006166
GER-Bundesliga,2526,Werder Bremen,Romano Schmid,3,2025,123,9069,F M,34,3004,4,7.935770924203098,1,4.904664213769138,8,10.276878538541496,57,87,4,0,17.899825293570757,6.946343030780554
GER-Bundesliga,2526,Werder Bremen,Salim Musah,3,2025,123,14481,F S,8,182,1,0.47056055441498756,1,0.47056055441498756,0,0.25294122099876404,7,3,0,0,0.8138958923518658,0.18231510370969772
GER-Bundesliga,2526,Werder Bremen,Samuel Mbangula,3,2025,123,12904,F M S,26,1160,3,1.8366767894476652,3,1.8366767894476652,2,1.0369327440857887,17,14,0,0,4.303910743445158,1.9078107355162501
GER-Bundesliga,2526,Werder Bremen,Senne Lynen,3,2025,123,11835,D M,31,2766,0,1.0010085487738252,0,1.0010085487738252,0,1.2373423893004656,25,14,4,0,9.094095415435731,7.418055593036115
GER-Bundesliga,2526,Werder Bremen,Skelly Alvero,3,2025,123,12013,S,2,23,0,0.0,0,0.0,0,0.0,0,0,0,0,0.07283493131399155,0.07283493131399155
GER-Bundesliga,2526,Werder Bremen,Victor Boniface,3,2025,123,11867,F S,11,309,0,0.908873425796628,0,0.908873425796628,2,1.0533378049731255,16,7,1,0,2.354151902720332,0.713976114988327
GER-Bundesliga,2526,Werder Bremen,Yukinari Sugawara,3,2025,123,12761,D S,31,2444,0,1.6741932658478618,0,1.6741932658478618,6,2.4432157278060913,30,20,2,1,8.13111265283078,5.448099664412439
GER-Bundesliga,2526,Wolfsburg,Aaron Zehnter,3,2025,131,10863,D M S,20,1467,2,1.8096191370859742,2,1.8096191370859742,0,1.0538889579474926,11,16,0,0,5.76640553586185,3.103568371385336
GER-Bundesliga,2526,Wolfsburg,Adam Daghim,3,2025,131,14024,F M S,27,1328,2,3.1088089011609554,2,3.1088089011609554,3,3.074686413630843,27,18,3,0,9.786626935005188,4.455633115023375
GER-Bundesliga,2526,Wolfsburg,Andreas Skov Olsen,3,2025,131,7934,M S,8,365,1,0.19574299361556768,1,0.19574299361556768,0,0.8937978446483612,7,7,1,0,2.4187796115875244,1.530781688168645
GER-Bundesliga,2526,Wolfsburg,Bence Dárdai,3,2025,131,12965,S,1,31,0,0.0,0,0.0,0,0.012427224777638912,0,1,0,0,0.012427224777638912,0.0
GER-Bundesliga,2526,Wolfsburg,Christian Eriksen,3,2025,131,646,M S,31,2446,3,5.570981449447572,0,2.539874809794128,9,7.904180903919041,38,62,4,0,14.289100974798203,8.979044845327735
GER-Bundesliga,2526,Wolfsburg,Denis Vavro,3,2025,131,7940,D S,17,1168,1,1.6649845857173204,1,1.6649845857173204,0,0.17777816951274872,12,3,2,0,1.7065384555608034,1.423941339366138
GER-Bundesliga,2526,Wolfsburg,Dzenan Pejcinovic,3,2025,131,11227,F S,30,1445,8,8.291429496370256,8,8.291429496370256,0,1.645487703382969,51,12,1,0,9.861923123709857,1.750562708824873
GER-Bundesliga,2526,Wolfsburg,Jan Bürger,3,2025,131,13634,D S,7,247,0,0.06012657471001148,0,0.06012657471001148,0,0.1284901462495327,2,2,0,0,1.0541414730250835,0.9940148964524269
GER-Bundesliga,2526,Wolfsburg,Jenson Seelt,3,2025,131,13714,D S,9,681,0,0.10756358131766319,0,0.10756358131766319,0,0.0,2,0,0,0,1.855355310253799,1.855355310253799
GER-Bundesliga,2526,Wolfsburg,Jesper Lindstrom,3,2025,131,9752,M S,13,362,0,0.9394969940185547,0,0.9394969940185547,0,0.7942945100367069,9,4,2,0,1.9680058527737856,0.7649932485073805
GER-Bundesliga,2526,Wolfsburg,Joakim Maehle,3,2025,131,9233,D M S,16,1226,1,0.6766485814005136,1,0.6766485814005136,2,1.6462530652061105,14,14,1,0,5.031030514277518,3.4584580026566982
GER-Bundesliga,2526,Wolfsburg,Jonas Adjetey,3,2025,131,14419,D S,4,134,0,0.08738634176552296,0,0.08738634176552296,0,0.0,3,0,1,0,0.20915670320391655,0.17573834210634232
GER-Bundesliga,2526,Wolfsburg,Jonas Wind,3,2025,131,10394,F S,11,480,1,1.382240418344736,1,1.382240418344736,0,0.2623850591480732,9,5,1,0,2.308900620788336,1.0269743390381336
GER-Bundesliga,2526,Wolfsburg,Kamil Grabara,3,2025,131,12964,GK,34,3060,0,0.03640927001833916,0,0.03640927001833916,0,0.04049020633101463,1,3,1,0,4.599022266454995,4.5585320591926575
GER-Bundesliga,2526,Wolfsburg,Kento Shiogai,3,2025,131,14371,M S,12,292,1,1.8814079575240612,1,1.8814079575240612,0,0.5708257630467415,9,2,3,0,2.8516479656100273,0.4630212336778641
GER-Bundesliga,2526,Wolfsburg,Kevin Paredes,3,2025,131,10395,M S,6,151,0,0.06398154236376286,0,0.06398154236376286,0,0.04308099299669266,2,1,1,0,0.6420955136418343,0.535032982006669
GER-Bundesliga,2526,Wolfsburg,Kilian Fischer,3,2025,131,11031,D S,11,801,0,0.08712375164031982,0,0.08712375164031982,0,0.4677412435412407,2,3,0,0,1.9711496345698833,1.804927940480411
GER-Bundesliga,2526,Wolfsburg,Konstantinos Koulierakis,3,2025,131,13063,D S,29,2476,4,3.5553980004042387,4,3.5553980004042387,1,1.7689252914860845,26,14,5,0,7.746201686561108,6.606250849552453
GER-Bundesliga,2526,Wolfsburg,Lovro Majer,3,2025,131,9931,M S,28,1390,2,3.5951214293017983,2,3.5951214293017983,3,2.9318193439394236,27,21,5,0,8.230100117623806,2.8397826477885246
GER-Bundesliga,2526,Wolfsburg,Mattias Svanberg,3,2025,131,6974,M S,24,814,3,3.0017038471996784,3,3.0017038471996784,1,0.8542640991508961,21,6,4,1,4.753424547612667,2.098399179056287
GER-Bundesliga,2526,Wolfsburg,Maximilian Arnold,3,2025,131,153,M S,25,1837,1,0.36739245522767305,1,0.36739245522767305,4,4.247929247096181,13,29,5,0,5.136144082993269,4.320300527848303
GER-Bundesliga,2526,Wolfsburg,Mohammed Amoura,3,2025,131,13062,F M S,30,1949,8,9.956500393338501,7,9.198723715730011,3,3.972602378576994,60,24,2,0,14.962777476757765,4.446937231346965
GER-Bundesliga,2526,Wolfsburg,Moritz Jenz,3,2025,131,9943,D S,22,1795,1,0.6638292074203491,1,0.6638292074203491,0,0.06816104240715504,5,2,6,1,3.456455777399242,3.388294734992087
GER-Bundesliga,2526,Wolfsburg,Patrick Wimmer,3,2025,131,9730,F M S,25,1678,4,3.6373985055834055,4,3.6373985055834055,3,2.249568970873952,24,16,4,0,8.324480776675045,3.4726307252421975
GER-Bundesliga,2526,Wolfsburg,Pharell Hensel,3,2025,131,14174,M S,5,68,0,0.018602386116981506,0,0.018602386116981506,0,0.0,1,0,0,0,0.018602386116981506,0.0
GER-Bundesliga,2526,Wolfsburg,Sael Kumbedi,3,2025,131,11157,D M S,24,1825,0,0.46463706623762846,0,0.46463706623762846,5,3.120423424988985,5,18,2,0,6.11135661881417,4.07589796371758
GER-Bundesliga,2526,Wolfsburg,Vinicius Souza,3,2025,131,10872,M S,24,1794,0,0.7309565888717771,0,0.7309565888717771,0,0.7795633533969522,9,8,5,0,5.024353690445423,4.415433967486024
GER-Bundesliga,2526,Wolfsburg,Václav Cerny,3,2025,131,11851,S,2,40,0,0.07103131711483002,0,0.07103131711483002,0,0.0,1,0,0,0,0.09345263987779617,0.022421324625611305
GER-Bundesliga,2526,Wolfsburg,Yannick Gerhardt,3,2025,131,140,D M S,19,1080,1,1.152172677218914,1,1.152172677218914,0,0.9047546237707138,11,8,1,0,2.5076904222369194,1.1791252885013819
